N_CLIENT,N_POLICE,N_SINISTRE,DATE_ACCIDENT,AGENCE,REGLEMENTS,SAP,TRANSACTION
1755132,1401939540,758000008,2025-08-01,El Jem,109.51154666584227,0.0,N
1497466,1401614194,758000011,2025-08-01,Sfax 5,83.46987355859895,0.0,N
1557210,1400157210,758000017,2025-08-01,Djerba 2,111.2931647447986,0.0,N
1773336,1414107354,758000029,2025-08-01,Djerba 1,44.51726589791944,0.0,N
1275134,1401595172,758000038,2025-08-01,Sfax 4,38.95260766067951,0.0,N
795554,1400952606,758000048,2025-08-01,Gabès 4,170.03122391566453,0.0,N
1496152,1401739770,758000049,2025-08-02,Chebba,81.48885522614154,0.0,N
1815558,1414178178,758000059,2025-08-02,Zarzis 1,111.2931647447986,0.0,N
895066,1401497172,758000062,2025-08-01,Béja II,55.6465823723993,0.0,N
1001946,1414112932,758000094,2025-08-01,Gabès 3,37.18551952267598,0.0,N
613592,1401559388,758000102,2025-08-01,Zarzis 1,74.19575231087892,0.0,N
1287926,1400891734,758000110,2025-08-01,Zarzis 1,83.46987355859895,0.0,N
1809374,1414187336,758000124,2025-08-01,Gabès 2,37.18582867035583,0.0,N
1813468,1414179614,758000128,2025-08-01,Mahdia,1029.322657433456,0.0,N
787296,1401872614,758000139,2025-08-01,Béja II,58.261971743902066,0.0,N
1555920,1414066790,758000152,2025-08-01,Ghardimaou,72.54954091569543,0.0,N
1794948,1414141132,758000155,2025-08-01,Sfax 4,1030.8414999845427,0.0,N
1733506,1414133076,758000158,2025-08-01,La Goulette,75.09320802547377,0.0,N
999792,1400756130,758000159,2025-08-02,Mutuelleville,36.14245525087335,0.0,N
1710792,1414014894,758000160,2025-08-01,Mahdia,74.82795931616533,0.0,N
1549534,1401158934,758000165,2025-08-02,Gabès 2,47.71663523665255,0.0,N
1801352,1414172952,758000166,2025-08-01,Grombalia,761.0269885924506,0.0,N
1773372,1414121372,758000170,2025-08-01,Sfax 2,78.04433177729001,0.0,N
1787134,1414148872,758000179,2025-08-01,Ain Zaghouan,67.41707113488114,0.0,N
1399534,1414095354,758000185,2025-08-03,Sousse 2,139.11645593099826,0.0,N
1308136,1401508136,758000189,2025-08-03,Bizerte,30.605620304819613,0.0,N
1558068,1401933320,758000193,2025-08-01,Chebba,72.88032893313137,0.0,N
1693666,1401957532,758000194,2025-08-02,Ennasr,34.8681485145454,0.0,N
1381314,1401581314,758000196,2025-08-02,Ain Zaghouan,63.940396327325566,0.0,N
1335954,1414073668,758000758,2025-08-02,La Marsa,1752.867344730578,0.0,T
910190,1401747158,758000229,2025-08-02,Zarzis 1,72.34055708411908,0.0,N
1127560,1401770898,758000233,2025-08-02,Kairouan 2,111.2931647447986,0.0,N
1555174,1401478866,758000249,2025-08-02,Mahdia,55.6465823723993,0.0,N
1368114,1414181170,758000250,2025-08-01,Sousse 3,3687.155841345411,0.0,N
1132928,1401575568,758000254,2025-08-01,Medjez El Bab,121.82768108325348,0.0,N
1735088,1414131592,758000256,2025-08-01,Zarzis 1,243.45379787924693,0.0,N
1392792,1414159490,758000258,2025-08-03,Mutuelleville,51.02760688781031,0.0,N
1612896,1401941352,758000262,2025-08-01,Ennasr,829.8562463288713,0.0,N
1755674,1414067208,758000267,2025-08-03,Gabès 1,111.2931647447986,0.0,N
1419472,1401471546,758000275,2025-08-01,Bizerte,463.87980338207564,0.0,N
1588738,1401778068,758000283,2025-08-02,Grombalia,55.6465823723993,0.0,N
1737586,1414067752,758000301,2025-08-02,Mutuelleville,111.2931647447986,0.0,N
1517868,1401153126,758000304,2025-08-03,La Marsa,179.92394967075774,0.0,N
1520158,1401307140,758000311,2025-08-03,Lac II,97.38151915169877,0.0,N
1771530,1414118956,758000323,2025-08-04,Zarzis 1,83.46987355859895,0.0,N
1286796,1401771130,758000329,2025-08-03,Gabès 1,30.605620304819613,0.0,N
1151108,1400795512,758000330,2025-08-04,Béja II,41.734936779299474,0.0,N
1520136,1401946096,758000353,2025-08-03,Jemmal,105.21408476829382,0.0,N
1154936,1400793554,758000357,2025-08-04,Jendouba,83.46987355859895,0.0,N
1733352,1414126808,758000365,2025-08-03,Djerba 2,132.933502334065,0.0,N
1331592,1401531592,758000366,2025-08-04,Bizerte,185.48860790799765,0.0,N
1347326,1401350934,758000369,2025-08-03,Ennasr,66.98673756453458,0.0,N
1129930,1400819980,758000392,2025-08-03,Soukra,22.617553405261695,0.0,N
1350736,1401550736,758000419,2025-08-03,Ain Zaghouan,65.92728846570007,0.0,N
1513372,1401749750,758000420,2025-08-04,Béja II,97.56700775960677,0.0,T
1391766,1401553554,758000430,2025-08-03,Mahdia,67.91356230871487,0.0,N
1731374,1414121734,758000439,2025-08-04,Teboulba,319.1022351377253,0.0,N
1391386,1401591386,758000442,2025-08-03,Mahdia,43.28067517853279,0.0,N
1695136,1401973354,758000448,2025-08-04,Zarzis 1,91.97143475438217,0.0,N
1339314,1401539314,758000452,2025-08-04,Ezzahrouni,32.12971836646366,0.0,N
1193990,1401135138,758000454,2025-08-04,Lac II,748.3306025288281,0.0,T
1335808,1401396874,758000457,2025-08-02,La Marsa,13.911645593099825,0.0,N
1557472,1401500996,758000459,2025-08-05,Chebba,88.11079852845705,0.0,N
1413392,1401461358,758000463,2025-08-05,Gabès 2,55.6465823723993,0.0,N
1391300,1414153154,758000464,2025-08-05,Zarzis 1,83.46987355859895,0.0,N
1794948,1414174932,758000476,2025-08-05,Zarzis 1,26.590719386651006,0.0,N
915292,1401919720,758000479,2025-08-05,La Marsa,72.06232417225709,0.0,N
1099120,1401550086,758000480,2025-08-04,Djerba 2,74.53550561103039,0.0,N
1728154,1414157136,758000489,2025-08-04,Grombalia,278.2329118619965,0.0,N
1179900,1401135268,758000504,2025-08-04,Jendouba,112.24874022320463,0.0,N
1393328,1401474932,758000506,2025-08-03,Medjez El Bab,2343.8479611710513,0.0,T
1667558,1401920814,758000509,2025-08-02,Mahdia,91.81686091445884,0.0,N
1806126,1414194748,758000510,2025-08-04,Sfax 4,94.59919003307881,0.0,N
1807136,1414193556,758000511,2025-08-02,Gabès 1,182.83859399635207,0.0,N
959146,1401369354,758000513,2025-08-02,Ain Zaghouan,64.2718026401212,0.0,N
1757366,1414091316,758000516,2025-08-02,Bardo,62.22957306705413,0.0,N
1293528,1401493528,758000521,2025-08-05,Menzel Bourguiba,61.489473521501225,0.0,N
1555592,1401727368,758000525,2025-08-05,Sousse 3,40.18919838006616,0.0,N
1372712,1414135936,758000526,2025-08-06,Sousse 2,220.79914675240363,0.0,N
1157352,1400814686,758000529,2025-08-06,Sousse 2,55.8135221195165,0.0,N
1718926,1414019316,758000535,2025-08-05,Enfidha,55.6465823723993,0.0,N
1555670,1401499918,758000546,2025-08-03,Zarzis 1,179.32791294401338,0.0,N
1099386,1401755496,758000555,2025-08-07,Bizerte,55.539308127492504,0.0,N
1739286,1414136880,758000564,2025-08-07,Gabès 3,55.33248832967509,0.0,N
1737074,1414135408,758000572,2025-08-08,Soukra,55.6465823723993,0.0,N
1489938,1414100126,758000573,2025-08-06,Zarzis 1,15.160293072000496,0.0,N
1395548,1401595548,758000579,2025-08-03,Jendouba,82.0385198009089,0.0,N
1769338,1414112794,758000580,2025-08-06,Ghardimaou,77.51599839243207,0.0,N
1586112,1401773540,758000583,2025-08-07,Sfax 2,83.46987355859895,0.0,N
1560166,1401729530,758000586,2025-08-07,Sousse 3,50.42940612730702,0.0,N
1395352,1401409920,758000587,2025-08-07,El Jem,30.563576220360467,0.0,N
1811580,1414189554,758000597,2025-08-07,Soukra,48.24558691687019,0.0,N
1495794,1401591592,758000607,2025-08-06,Chebba,47.299595016539406,0.0,N
1355108,1401555108,758000611,2025-08-07,El Menzah,65.5961913005843,0.0,N
1152800,1401371536,758000614,2025-08-05,Zarzis 1,202.80087797941079,0.0,N
1741200,1414061908,758000615,2025-08-07,El Jem,111.2931647447986,0.0,N
1770134,1414116010,758000626,2025-08-06,Chebba,72.61322533774384,0.0,N
1667328,1401921372,758000627,2025-08-07,Djerba 2,105.72850650755866,0.0,N
1789614,1414153374,758000630,2025-08-06,Chebba,47.44984078894488,0.0,N
1469594,1400069594,758000638,2025-08-07,Zarzis 1,92.74430395399882,0.0,N
1074758,1400937352,758000639,2025-08-02,Medjez El Bab,98.5636998794324,0.0,N
1549390,1401709358,758000640,2025-08-07,Zarzis 1,123.65907193866511,0.0,N
1696068,1401991548,758000641,2025-08-05,Mahdia,529.4793953071382,0.0,T
1696068,1401991548,758000641,2025-08-05,Mahdia,1783.5824033140632,0.0,N
1769510,1414114938,758000642,2025-08-06,Sousse 1,3269.968776084336,0.0,N
1753932,1414071296,758000647,2025-08-05,Gabès 4,72.34055708411908,0.0,N
1534928,1414133816,758000653,2025-08-06,Djerba 1,200.9459919003308,0.0,N
1541414,1401475866,758000655,2025-08-03,Lac II,55.59124493770675,0.0,N
1733352,1414127140,758000658,2025-08-07,Mutuelleville,6035.468822456488,0.0,N
815270,1414011476,758000659,2025-08-08,Djerba 1,29.172411661050486,0.0,N
935386,1401913360,758000660,2025-08-08,Bab Benat,80.16446656567842,0.0,N
1521300,1401511156,758000664,2025-08-06,Mahdia,55.6465823723993,0.0,N
1108754,1414173554,758000671,2025-08-08,Medjez El Bab,139.11645593099826,0.0,N
1527954,1401535728,758000683,2025-08-07,Bizerte,51.89043806226235,0.0,N
1534158,1401921336,758000684,2025-08-02,Kairouan 1,149.59563483476057,0.0,N
1354720,1401373554,758000685,2025-08-07,Ain Zaghouan,55.6465823723993,0.0,N
991396,1401553374,758000689,2025-08-06,Testour,562.0215166785174,0.0,N
1073212,1401335546,758000692,2025-08-08,Medjez El Bab,22.948341422697624,0.0,N
813532,1401328800,758000693,2025-08-06,Sousse 3,63.379911583763565,0.0,N
1731096,1401889010,758000695,2025-08-08,Testour,60.28379757009924,0.0,N
1551372,1401493552,758000704,2025-08-08,La Goulette,69.30441772034501,0.0,N
1707894,1401997150,758000712,2025-08-07,Ghardimaou,83.46987355859895,0.0,N
1555312,1414152748,758000723,2025-08-05,Béja,154.57383992333138,0.0,N
1393136,1401547738,758000725,2025-08-07,Grombalia,111.2931647447986,0.0,N
1339294,1401338146,758000726,2025-08-06,Ezzahrouni,546.0611494110738,0.0,N
1313216,1401287960,758000730,2025-08-08,La Goulette,111.2931647447986,0.0,N
1749272,1414077372,758000744,2025-08-06,Grombalia,26.432126626889666,0.0,N
1773752,1414194734,758000745,2025-08-07,Grombalia,111.2931647447986,0.0,N
1207552,1401407552,758000749,2025-08-07,Mahdia,38.785358765882464,0.0,N
893534,1401335188,758000750,2025-08-08,Ennasr,74.20440844591462,0.0,N
1213392,1401413392,758000766,2025-08-08,La Goulette,84.1373233993879,0.0,N
973350,1401813726,758000768,2025-08-08,Djerba 1,863.7190465885554,0.0,N
1706176,1414134872,758000771,2025-08-06,Nabeul 2,61.829535969332554,0.0,N
771772,1401295318,758000773,2025-08-05,Menzel Bourguiba,90.7598849970631,0.0,N
941368,1401619732,758000781,2025-08-04,Medjez El Bab,56.6562586947785,0.0,N
1752752,1414093260,758000788,2025-08-08,Kelibia,548.1188363681331,0.0,N
1335594,1401535594,758000790,2025-08-04,Mahdia,0.0,309.18354097752496,N
1215916,1414149536,758000791,2025-08-08,Zarzis 1,111.2931647447986,0.0,N
1417338,1401469280,758000804,2025-08-06,Nabeul 1,13.911645593099825,0.0,N
1534872,1400933296,758000809,2025-08-04,Bizerte,570.2003276965406,0.0,N
1357378,1414098894,758000816,2025-08-08,Djerba 1,139.11645593099826,0.0,N
1490728,1401615578,758000820,2025-08-09,Gabès 1,66.77589884687916,0.0,N
1721272,1414113328,758000825,2025-08-07,Mahdia,395.46171205985104,161.00411166414196,N
1721272,1414113328,758000825,2025-08-07,Mahdia,6182.9535969332555,0.0,N
1699546,1401979274,758000830,2025-08-08,Gabès 1,111.2931647447986,0.0,N
1735396,1401897288,758000834,2025-08-09,La Goulette,231.86075988499707,0.0,T
1757000,1414090680,758000837,2025-08-08,Bardo,54.56765696973444,0.0,N
1535486,1401551348,758000841,2025-08-07,Lac II,80.16446656567842,0.0,N
1291494,1401975172,758000847,2025-08-05,Bizerte,220.73144341051722,0.0,N
1678934,1401952194,758000851,2025-08-09,Djerba 2,75.19831823662165,0.0,N
953186,1401547750,758000854,2025-08-09,Boussalem,108.51083562617863,0.0,N
619154,1401313556,758000856,2025-08-09,Bizerte,111.2931647447986,0.0,N
1769474,1414114934,758000857,2025-08-04,El Menzah,0.0,336.1381271833555,N
1389288,1401589288,758000858,2025-08-09,Bizerte,92.62033573438032,0.0,N
1733000,1414153512,758000865,2025-08-09,Bizerte,82.88558444368876,0.0,N
1759166,1401867012,758000866,2025-08-09,Bizerte,135.74983769746808,0.0,N
1501294,1401741974,758000869,2025-08-08,Béja,55.6465823723993,0.0,N
1591896,1400191896,758000872,2025-08-09,Ain Zaghouan,20.630970414567038,0.0,N
1528080,1414096152,758000873,2025-08-09,Djerba 2,79.33842396512814,0.0,N
939270,1401973536,758000874,2025-08-09,Ariana,33.38825857111942,0.0,N
1553528,1401715360,758000878,2025-08-02,Gabès 1,117.47611834173185,0.0,N
994718,1401093080,758000880,2025-08-09,Sfax 5,55.6465823723993,0.0,N
1615996,1401953752,758000884,2025-08-04,Lac II,467.9552972454942,0.0,T
1340912,1401768774,758000887,2025-08-10,Bizerte,44.69811729062974,0.0,N
931460,1414075798,758000893,2025-08-05,Grombalia,111.2931647447986,0.0,N
1509394,1401916172,758000899,2025-08-06,Gabès 3,158.99836151729681,0.0,N
1331336,1401333510,758000902,2025-08-10,Ain Zaghouan,52.683401861069036,0.0,N
1555152,1401478810,758000903,2025-08-10,Gabès 1,36.17027854205954,0.0,N
1215368,1401598780,758000906,2025-08-09,Djerba 1,123.65907193866511,0.0,N
1727154,1414154914,758000908,2025-08-08,Gabès 2,60.96083098896343,0.0,N
1513268,1401268978,758000910,2025-08-09,Ain Zaghouan,105.98169845735309,0.0,N
1499314,1401721312,758000912,2025-08-09,El Jem,55.6465823723993,0.0,N
1775212,1414132954,758000919,2025-08-10,Grombalia,166.9397471171979,0.0,N
1508714,1401710992,758000921,2025-08-08,Ariana,139.11645593099826,0.0,N
897528,1414121348,758000925,2025-08-08,La Marsa,432.0793272946487,0.0,N
953986,1401521960,758000927,2025-08-10,Bizerte,97.57906451912079,0.0,N
1333926,1401217700,758000942,2025-08-10,Gabès 4,55.6465823723993,0.0,N
1609376,1414149346,758000948,2025-08-09,Gabès 1,102.94617738893871,0.0,N
1579720,1401775332,758000956,2025-08-10,Ain Zaghouan,42.750486907595764,0.0,N
1754750,1414139952,758000961,2025-08-08,Nabeul 2,332.955760967014,0.0,N
1312912,1401949414,758000966,2025-08-10,Ariana,51.6953658762791,0.0,N
1549100,1401710088,758000969,2025-08-05,Chebba,693.7085355674405,0.0,N
1536928,1401689328,758000973,2025-08-05,Gabès 2,148.08173864655146,0.0,N
1753474,1401935418,758000975,2025-08-03,Ain Zaghouan,478.4573530775652,0.0,N
1412152,1401539592,758000981,2025-08-10,Gabès 4,196.17738893869603,0.0,N
1370892,1401391586,758000986,2025-08-10,Gabès 2,288.5893591368597,0.0,T
1393114,1401593114,758000990,2025-08-10,La Goulette,68.90685380406221,0.0,N
1001940,1401349318,758000997,2025-08-09,Gabès 4,85.79342752032646,0.0,N
1575734,1400175734,758001005,2025-08-06,La Marsa,0.0,463.72151976999413,N
1352958,1401875372,758001006,2025-08-10,Gabès 1,44.322502859616044,0.0,N
1273698,1401473698,758001007,2025-08-10,Ghardimaou,45.463257798250226,0.0,N
1530792,1401414770,758001012,2025-08-07,Sousse 3,35.0072649704764,0.0,N
1769352,1414114752,758001017,2025-08-10,El Jem,61.211240609639226,0.0,N
1109128,1401529274,758001021,2025-08-11,Bizerte,48.26073515318268,0.0,N
1573314,1414179554,758001026,2025-08-10,Ghardimaou,94.07023835286117,0.0,N
1606134,1414092934,758001027,2025-08-10,Zarzis 1,0.0,1545.7383992333139,N
1276954,1401476954,758001029,2025-08-11,Gabès 4,27.252913716882556,0.0,N
1758728,1414174748,758001032,2025-08-10,Lafayette,317.5487680464958,0.0,N
1266086,1400733880,758001033,2025-08-10,Ghardimaou,48.77422944940798,0.0,N
1153994,1400978898,758001036,2025-08-10,Lac II,66.77589884687916,0.0,N
1734866,1414129920,758001038,2025-08-11,Bizerte,64.56394719757628,0.0,N
1733754,1401879094,758001040,2025-08-11,Béja,69.55822796549913,0.0,N
1217598,1401417598,758001042,2025-08-04,La Goulette,236.6689337496522,0.0,N
1807352,1414195190,758001043,2025-08-11,El Jem,266.3452561288528,0.0,N
1529298,1400129298,758001048,2025-08-11,Mutuelleville,91.07614307354623,0.0,N
1277368,1401477368,758001050,2025-08-09,Gabès 4,71.71917024762729,0.0,N
1476612,1401993754,758001051,2025-08-10,Sousse 3,83.9703836522707,0.0,N
1348150,1401777352,758001052,2025-08-09,Ain Zaghouan,70.6526107521563,0.0,N
1793132,1414153330,758001070,2025-08-10,Soliman,80.52616935109903,0.0,N
1539350,1401987388,758001087,2025-08-12,Mutuelleville,83.46987355859895,0.0,N
1495192,1401589540,758001099,2025-08-10,Zarzis 1,180.8520110056574,0.0,N
1012780,1400761812,758001100,2025-08-10,Ghardimaou,75.86020341917335,0.0,N
1495516,1414109320,758001106,2025-08-12,Lac II,64.2718026401212,0.0,N
1353358,1401553358,758001110,2025-08-10,Gabès 4,389.9199307509197,0.0,N
1751940,1414081016,758001113,2025-08-11,Boussalem,89.03453179583887,0.0,N
1761974,1414100090,758001120,2025-08-12,Sidi Hessine,166.9397471171979,0.0,N
1554720,1414187532,758001133,2025-08-12,Bizerte,77.1842829319566,0.0,N
1618952,1401951340,758001134,2025-08-08,Testour,95.65029214455745,0.0,N
1481532,1401587394,758001136,2025-08-12,Ariana,111.2931647447986,0.0,N
1753312,1414159352,758001138,2025-08-10,Grombalia,275.1296874516957,0.0,N
1495138,1401589346,758001143,2025-08-11,Zarzis 1,173.12270071413116,0.0,N
1793592,1414159332,758001144,2025-08-12,Sousse 2,2398.9773394750673,0.0,N
1536176,1401688060,758001147,2025-08-12,Grombalia,115.4048288867592,0.0,N
1792808,1414159214,758001153,2025-08-11,Gabès 4,666.2055213775621,0.0,N
1347536,1401966972,758001161,2025-08-12,La Goulette,40.00340062447832,0.0,N
940932,1414155110,758001162,2025-08-12,Zarzis 1,0.0,463.72151976999413,N
1740758,1414061096,758001165,2025-08-12,Sfax 1,75.19831823662165,0.0,N
1121738,1400809212,758001166,2025-08-08,La Marsa,83.1304294061273,0.0,N
1667558,1401920814,758001167,2025-08-11,Mahdia,347.73240176832473,0.0,N
1313212,1401517572,758001171,2025-08-11,Raoued,1015.2094475530962,0.0,N
1592734,1401339932,758001173,2025-08-09,Béja,103.34126812378274,0.0,N
1693088,1401955354,758001176,2025-08-12,Chebba,111.2931647447986,0.0,N
1329338,1414019352,758001189,2025-08-13,Chebba,52.86425325377933,0.0,N
1337192,1401341612,758001193,2025-08-04,Sfax 2,1329.33502334065,0.0,N
1099200,1414073350,758001194,2025-08-02,Sousse 2,163.19906019105326,0.0,N
1175470,1401154730,758001198,2025-08-02,Sousse 3,166.22128790923426,0.0,N
774758,1400741334,758001205,2025-08-13,Testour,300.5966550221041,0.0,N
1755488,1414087932,758001219,2025-08-05,Sfax 5,88.24867839366865,0.0,N
1589736,1401779512,758001220,2025-08-04,Beni Khalled,110.36572170525861,0.0,N
1289332,1401501972,758001221,2025-08-14,Ain Zaghouan,83.46987355859895,0.0,N
1713594,1414013876,758001222,2025-08-14,Bizerte,22.28645624014592,0.0,N
1332750,1401532750,758001230,2025-08-11,Sousse 2,0.0,463.72151976999413,N
1312948,1401815066,758001234,2025-08-11,Place Barcelone,1181.691656104121,54.899063282530065,N
1541536,1401473960,758001242,2025-08-14,Hammamet 1,125.20481033789842,0.0,N
814156,1401549372,758001243,2025-08-12,Sousse 2,35.19893653198133,0.0,N
1568112,1400168112,758001244,2025-08-03,La Marsa,148.60543481621173,0.0,N
1337526,1401537526,758001247,2025-08-11,Djerba 2,13.911645593099825,0.0,N
1713360,1401993320,758001249,2025-08-15,Mahdia,64.27211178780104,0.0,N
1133926,1401534132,758001251,2025-08-13,Hammamet 1,67.91418060407457,0.0,N
1573066,1400720930,758001253,2025-08-06,Béja,276.43985531888586,0.0,N
1701670,1401993678,758001257,2025-08-14,El Jem,42.15228614709247,0.0,N
1007300,1400772734,758001262,2025-08-04,El Jem,369.9387887593904,0.0,T
1291768,1401553540,758001263,2025-08-14,Djerba 1,139.11645593099826,0.0,N
1155346,1401351136,758001271,2025-08-14,Bizerte,60.68259807710143,0.0,N
1727078,1414155016,758001283,2025-08-14,Sfax 2,87.44829505054565,0.0,N
1216976,1401900166,758001286,2025-08-06,Djerba 2,1104.8434167001578,0.0,N
1695138,1401989520,758001288,2025-08-11,Mahdia,1482.0539771849012,0.0,N
1537288,1414113554,758001293,2025-08-12,La Goulette,404.1660741336137,0.0,N
1573372,1400173372,758001297,2025-08-15,Zarzis 1,68.44251398893252,0.0,N
1331272,1401531272,758001298,2025-08-11,Mahdia,45.07373172164343,0.0,N
1281556,1400732116,758001302,2025-08-14,Ain Zaghouan,55.6465823723993,0.0,N
915374,1414191076,758001307,2025-08-10,Hammamet 1,139.11645593099826,0.0,N
1711290,1414015554,758001309,2025-08-15,M'saken,95.02488638822766,0.0,N
1379210,1401679336,758001312,2025-08-14,Gabès 2,835.9616038581631,0.0,N
1367934,1401954746,758001319,2025-08-05,Lac II,450.211766160695,0.0,T
1677616,1401941616,758001322,2025-08-10,Lac II,112.08705598664483,0.0,N
1112958,1400913950,758001323,2025-08-12,Menzel Bourguiba,54.33919683432776,0.0,N
1272752,1401472752,758001324,2025-08-12,Djerba 1,1542.2539957337622,0.0,N
1753486,1414092012,758001326,2025-08-15,Kairouan 1,626.0030296472626,0.0,T
1553592,1401573210,758001328,2025-08-14,Boussalem,75.12288620273905,0.0,N
981534,1400733876,758001335,2025-08-15,Medjez El Bab,36.003647942622194,0.0,N
1691560,1401966894,758001346,2025-08-11,Teboulba,69.94157108850898,0.0,N
1807136,1414193556,758001360,2025-08-06,Gabès 1,1079.3875784462239,0.0,N
1127534,1400815206,758001364,2025-08-04,La Goulette,636.7808452097568,0.0,N
1352126,1401361260,758001366,2025-08-14,Lac II,111.2931647447986,0.0,N
737000,1401588136,758001369,2025-08-13,Sfax 5,111.2931647447986,0.0,N
1375872,1401575872,758001384,2025-08-08,Ghardimaou,505.542399604291,0.0,N
1532012,1401517594,758001388,2025-08-15,Ghardimaou,33.38794942343958,0.0,N
1001918,1401914776,758001396,2025-08-13,Ghardimaou,53.79169629331932,0.0,N
1699210,1401981096,758001397,2025-08-15,Jendouba,83.46987355859895,0.0,N
1213094,1401112074,758001400,2025-08-12,Mahdia,537.6405849074102,0.0,N
1533346,1400619158,758001410,2025-08-14,Bizerte,77.90521532135902,0.0,N
1812168,1414191992,758001418,2025-08-15,Ain Zaghouan,111.2931647447986,0.0,N
1327474,1401527474,758001425,2025-08-14,Lac II,91.81686091445884,0.0,N
1353726,1401141558,758001426,2025-08-15,Mahdia,92.08365536216651,0.0,N
1379330,1414113814,758001430,2025-08-11,Mahdia,540.0896528271555,0.0,N
1712060,1414157340,758001432,2025-08-14,Djerba 2,52.68371100874888,0.0,N
1671512,1401929528,758001445,2025-08-14,Jendouba,110.62571490400966,0.0,N
1337480,1401336174,758001448,2025-08-15,Sfax 2,80.82635174823014,0.0,N
1154612,1401219672,758001457,2025-08-15,Medjez El Bab,139.11645593099826,0.0,N
1520148,1414157752,758001458,2025-08-16,Sousse 3,268.18035675642255,0.0,T
1549558,1401710938,758001460,2025-08-03,Ennasr,1946.9675704083843,0.0,N
1367730,1414186938,758001480,2025-08-16,Sousse 3,83.2469780814295,0.0,N
1789180,1414153370,758001499,2025-08-15,Nabeul 2,2749.9205490462796,0.0,N
1806150,1414195398,758001508,2025-08-16,Grombalia,7976.0101400439,0.0,N
1746150,1414007760,758001517,2025-08-14,M'saken,83.46987355859895,0.0,N
769552,1400932096,758001523,2025-08-15,Lac II,732.5399573376202,0.0,N
1092912,1401873336,758001524,2025-08-15,Ghardimaou,40.18919838006616,0.0,N
1798114,1414168734,758001525,2025-08-16,Sousse 2,207.18582867035585,0.0,N
1772012,1414120108,758001531,2025-08-16,Gabès 1,315.330633443596,0.0,N
813518,1401359812,758001534,2025-08-16,Ain Zaghouan,70.89343679475687,0.0,N
1019814,1401355312,758001545,2025-08-13,Gabès 1,108.20168794633197,0.0,N
1216092,1401676878,758001548,2025-08-16,Ain Zaghouan,60.96083098896343,0.0,N
1555346,1414133954,758001549,2025-08-16,Gabès 1,97.65573314372276,0.0,N
1335930,1401195326,758001553,2025-08-17,Ariana,25.928215908739606,0.0,N
1269388,1414181468,758001559,2025-08-13,Grombalia,139.11645593099826,0.0,N
1553526,1401721550,758001560,2025-08-16,Chebba,104.40968250533281,0.0,N
1335348,1401180130,758001563,2025-08-16,Ezzahrouni,89.83800661576035,0.0,N
921294,1414191566,758001573,2025-08-17,Béja,111.2931647447986,0.0,N
879550,1401472956,758001590,2025-08-16,Boussalem,79.46331962778619,0.0,N
1753392,1401934672,758001591,2025-08-14,El Jem,352.99193124555603,0.0,N
1731750,1414132014,758001597,2025-08-16,Sousse 3,195.05487371317278,0.0,N
1320970,1401155354,758001616,2025-08-13,Ain Zaghouan,52.00853247596377,0.0,N
977338,1401133554,758001617,2025-08-17,Lac II,11.268432930410858,0.0,N
1337520,1401537520,758001641,2025-08-16,Ariana,95.72572417844005,0.0,N
1532994,1401997356,758001661,2025-08-15,Kairouan 1,83.46987355859895,0.0,N
1154986,1414166972,758001662,2025-08-16,Béja II,166.9397471171979,0.0,N
1740950,1414061418,758001664,2025-08-16,Grombalia,278.2329118619965,0.0,N
1741606,1414140952,758001676,2025-08-17,Lafayette,216.35174823012954,0.0,N
1741606,1414140952,758001676,2025-08-17,Lafayette,263.4204099298235,0.0,N
875298,1414099588,758001683,2025-08-10,Jendouba,60.28379757009924,0.0,N
1494794,1401611466,758001691,2025-08-10,Lac II,55.6465823723993,0.0,N
1747986,1414075532,758001696,2025-08-13,Enfidha,85.01561195783226,0.0,N
1777572,1414131530,758001699,2025-08-16,El Mechtel,661.5729433950598,0.0,N
1336094,1401333714,758001700,2025-08-16,Djerba 2,105.72850650755866,0.0,N
1807136,1414193556,758001703,2025-08-16,Gabès 1,218.05020558320712,0.0,N
1315334,1401271272,758001709,2025-08-06,La Goulette,854.0179923949671,0.0,N
1734154,1401872614,758001714,2025-08-17,Grombalia,55.6465823723993,0.0,N
1493972,1401161368,758001717,2025-08-17,Bizerte,23.610844900609024,0.0,N
1599934,1401797352,758001718,2025-08-16,Sfax 4,62.91155284879587,0.0,T
1811172,1414190012,758001722,2025-08-18,Ain Zaghouan,25.596809595943984,0.0,N
1299334,1401499334,758001727,2025-08-17,La Marsa,0.0,463.72151976999413,N
757212,1401313294,758001738,2025-08-17,Ennasr,90.75957584938325,0.0,N
1195350,1401927596,758001742,2025-08-18,Ennasr,49.04287878319474,0.0,N
1167606,1401759874,758001743,2025-08-18,Bizerte,240.1112931647448,0.0,N
1771546,1414117586,758001762,2025-08-15,Ariana,61.211240609639226,0.0,N
1532136,1414121792,758001764,2025-08-16,Raoued,61.211240609639226,0.0,N
1739968,1414139750,758001767,2025-08-17,Beni Khalled,111.2931647447986,0.0,N
1088618,1401515526,758001773,2025-08-17,Lac II,105.72850650755866,0.0,N
1289728,1401489728,758001774,2025-08-16,Menzel Bourguiba,135.7890994528086,0.0,N
1153066,1414135520,758001775,2025-08-16,Gabès 2,51.009367174699356,0.0,N
1535356,1400135356,758001795,2025-08-16,La Marsa,190.8421182799023,0.0,N
1280776,1401480776,758001802,2025-08-17,La Marsa,111.2931647447986,0.0,N
1711676,1414013314,758001805,2025-08-03,Djerba 1,268.0310384270566,0.0,N
1478674,1400078674,758001828,2025-08-18,La Marsa,40.18919838006616,0.0,N
793898,1401512168,758001832,2025-08-04,Ain Zaghouan,200.9459919003308,0.0,N
1275948,1401475948,758001843,2025-08-17,Mahdia,521.0047299595017,0.0,T
1491216,1400091216,758001854,2025-08-16,Gabès 4,13.911645593099825,0.0,N
1187194,1401199598,758001873,2025-08-16,Ezzahrouni,288.28113890005255,0.0,N
1560612,1401731534,758001881,2025-08-16,Sfax 5,121.55192135283025,0.0,N
1535120,1401735534,758001883,2025-08-17,Teboulba,170.03091476798468,0.0,N
1746666,1401933576,758001887,2025-08-18,Gabès 1,105.72850650755866,0.0,N
1661590,1401909356,758001889,2025-08-02,Nabeul 2,268.0310384270566,0.0,N
1290086,1401932952,758001893,2025-08-18,Sfax 5,108.13676693356418,0.0,N
1353346,1401731754,758001903,2025-08-18,Lafayette,41.734936779299474,0.0,N
1311154,1401287758,758001915,2025-08-19,Djerba 1,62.94772312733793,0.0,N
1331532,1401327348,758001922,2025-08-18,El Jem,90.09707237147185,0.0,N
1595692,1401893396,758001945,2025-08-18,Boussalem,603.2012242248122,0.0,N
1689598,1401961216,758001946,2025-08-12,Zarzis 1,170.03122391566453,0.0,N
1347692,1401547692,758001947,2025-08-18,La Marsa,55.6465823723993,0.0,N
1769734,1414115272,758001948,2025-08-07,Kelibia,804.0801310786163,0.0,N
1389134,1401533494,758001961,2025-08-13,Sfax 1,153.86280025968406,0.0,N
1209310,1401409310,758001963,2025-08-18,La Goulette,79.67261260704238,0.0,N
1720716,1414154096,758001966,2025-08-15,Medjez El Bab,93.98305870714441,0.0,N
1378060,1401935734,758001967,2025-08-09,Sousse 2,346.6695520450119,0.0,N
1373272,1401393920,758001972,2025-08-05,Sfax 2,380.68445296318055,0.0,N
1331876,1401327296,758001974,2025-08-18,Sfax 4,50.16539400871797,0.0,N
1318740,1401314150,758001975,2025-08-17,Mahdia,0.0,463.72151976999413,N
1555486,1401477366,758001982,2025-08-18,Zarzis 1,61.829535969332554,0.0,N
1568712,1401772092,758001984,2025-08-19,Medjez El Bab,84.13794169474758,0.0,N
1687318,1414189958,758001987,2025-08-19,Gabès 2,68.35780752465453,0.0,N
1352914,1401552914,758001997,2025-08-16,Bizerte,62.2094784678641,0.0,N
1499334,1401619816,758002000,2025-08-02,El Jem,105.72850650755866,0.0,N
1667338,1401921356,758002001,2025-08-04,Bizerte,100.16384827031874,0.0,T
1558008,1414091528,758002002,2025-08-17,Djerba 2,278.2329118619965,0.0,N
1539534,1414007818,758002009,2025-08-18,Teboulba,278.2329118619965,0.0,N
1697792,1401979332,758002012,2025-08-03,Djerba 2,539.1535536525798,0.0,N
1531276,1400131276,758002016,2025-08-17,La Goulette,90.09707237147185,0.0,N
1330100,1401530100,758002018,2025-08-18,La Goulette,123.65907193866511,0.0,N
1293754,1401335512,758002027,2025-08-15,Ennasr,125.66698611926918,0.0,N
1393554,1414192734,758002043,2025-08-18,Sousse 3,67.4155253964819,0.0,N
1349492,1401407218,758002046,2025-08-05,Kairouan 2,742.8491050174669,0.0,N
1215974,1401347546,758002055,2025-08-17,Zarzis 1,174.9157572572418,0.0,T
1387494,1401587494,758002056,2025-08-18,Testour,704.8567100503911,0.0,N
951348,1401397108,758002067,2025-08-17,Ennasr,242.80458775156893,0.0,N
1312150,1400953600,758002075,2025-08-20,La Marsa,132.933502334065,0.0,N
1811554,1414188074,758002080,2025-08-08,Bizerte,92.74430395399882,0.0,N
1357574,1401948974,758002085,2025-08-15,Bardo,0.0,463.72151976999413,N
1509412,1401758816,758002089,2025-08-20,Hammamet 1,1270.6430271740812,0.0,N
1355088,1401134772,758002092,2025-08-20,Sfax 2,55.6465823723993,0.0,N
1515114,1401746972,758002103,2025-08-22,Sousse 2,70.9493925248091,0.0,N
1477390,1401577528,758002106,2025-08-21,Gabès 3,104.00377160169414,0.0,N
1561354,1400161354,758002107,2025-08-06,La Marsa,139.11645593099826,0.0,N
1793674,1414160720,758002108,2025-08-21,Béja,71.2334992425882,0.0,N
1793328,1414158734,758002111,2025-08-20,Sfax 4,61.829535969332554,0.0,N
1768916,1414113786,758002114,2025-08-19,Jendouba,391.15744891334595,0.0,N
1571332,1400171332,758002116,2025-08-20,La Marsa,53.97718490122732,0.0,N
1140734,1401351940,758002123,2025-08-21,Les Berges du Lac,111.2931647447986,0.0,N
1115992,1401532130,758002132,2025-08-17,Zarzis 1,61.51111385909049,0.0,N
1297110,1401497110,758002134,2025-08-16,Bizerte,439.72331282653727,0.0,N
1197532,1414095108,758002136,2025-08-19,La Goulette,783.5276841747303,0.0,N
1216130,1414177534,758002147,2025-08-05,Béja,1158.901289145825,0.0,N
1089218,1401147320,758002159,2025-08-20,Ezzahrouni,76.38884595171113,0.0,N
1573274,1401739354,758002161,2025-08-09,Lac II,214.2699477540421,0.0,N
1151932,1401558720,758002164,2025-08-01,Testour,61.829535969332554,0.0,N
1376794,1401401208,758002166,2025-08-21,Sfax 5,111.2931647447986,0.0,N
1533018,1401694698,758002167,2025-08-20,El Jem,911.9856555476551,0.0,N
1789512,1414151014,758002173,2025-08-18,Lac II,143.11466287445515,0.0,N
1106808,1401731312,758002179,2025-08-19,Sousse 2,97.7123071691347,0.0,N
1334688,1414139508,758007583,2025-08-18,Sousse 2,43.34559619130059,0.0,N
1576132,1400677330,758007587,2025-08-07,Ezzahrouni,86.45500355519832,0.0,N
1754006,1401956152,758002200,2025-08-20,Djerba 2,2716.630908585031,0.0,N
1091738,1414087312,758002209,2025-08-20,Boussalem,2182.383837759298,0.0,N
1472906,1401755774,758002213,2025-08-21,Grombalia,57.06866169969395,0.0,N
1795938,1414155152,758002220,2025-08-19,Boussalem,100.13478838841316,0.0,N
1807514,1414195018,758002230,2025-08-22,Soliman,207.2829010418277,0.0,N
928752,1401520132,758002237,2025-08-22,Gabès 2,55.6465823723993,0.0,N
1735088,1414131592,758002242,2025-08-08,Zarzis 1,457.52310878906854,0.0,N
1560732,1401731352,758002248,2025-08-16,Zarzis 1,160.75679352026464,0.0,N
1199532,1401075940,758002251,2025-08-05,Gabès 3,225.66234890407148,0.0,T
1417776,1401593694,758002255,2025-08-16,Gabès 1,857.2665162147958,0.0,N
1661470,1401909008,758002258,2025-08-22,Ariana,92.74430395399882,0.0,N
1775352,1414127332,758002260,2025-08-08,Kelibia,99.40643645469441,0.0,N
1375074,1401491938,758002262,2025-08-19,Zarzis 1,205.9127585247473,0.0,N
1618134,1401935260,758002266,2025-08-22,Béja,157.665316721798,0.0,N
1274110,1401474110,758002270,2025-08-22,La Marsa,168.97888521346647,0.0,N
1791936,1414157736,758002274,2025-08-19,Soliman,1684.854855164312,0.0,N
1097470,1400892152,758002276,2025-08-22,Béja II,156.40275759730423,0.0,N
789074,1401314154,758002282,2025-08-20,Zarzis 1,439.9360064302718,0.0,N
1533948,1401693526,758002284,2025-08-22,Zarzis 1,123.65907193866511,0.0,N
1579570,1401761514,758002285,2025-08-22,Sfax 3,55.6465823723993,0.0,N
1712886,1414006772,758002286,2025-08-23,Jendouba,83.46987355859895,0.0,N
939536,1414173496,758002290,2025-08-22,Gabès 4,47.118743623829104,0.0,N
1480668,1400080668,758002291,2025-08-12,La Marsa,423.532321389928,0.0,N
1752708,1414069578,758002297,2025-08-12,Gabès 1,0.0,463.72151976999413,T
1714008,1401987552,758002298,2025-08-23,Korba,92.74430395399882,0.0,N
1135748,1400940728,758002303,2025-08-22,Bizerte,61.04430086252203,0.0,N
1697132,1401977138,758002313,2025-08-20,Medjez El Bab,101.72040683834669,0.0,N
1292194,1401492194,758002314,2025-08-22,Djerba 2,89.10378087612453,0.0,N
1555958,1401721674,758002318,2025-08-21,Sousse 1,139.11645593099826,0.0,N
1593666,1400193666,758002325,2025-08-22,Ezzahrouni,111.2931647447986,0.0,N
809174,1401335336,758002328,2025-08-20,Menzel Bourguiba,47.118743623829104,0.0,N
1087212,1401192780,758002329,2025-08-22,Sfax 2,58.70714440288126,0.0,N
955214,1400715368,758002340,2025-08-02,El Jem,0.0,463.72151976999413,N
1392066,1401553892,758002350,2025-08-20,Bizerte,2665.6774971403843,0.0,N
1811132,1414189712,758002351,2025-08-17,Gabès 4,120.31533063344361,0.0,N
1741554,1401955372,758002361,2025-08-17,Medjez El Bab,4698.901907441185,0.0,N
1691214,1414187920,758002367,2025-08-14,Bizerte,350.8047114106409,0.0,N
1781570,1414139412,758002381,2025-08-22,Sousse 1,33.40618913655053,0.0,N
1275372,1401217768,758002388,2025-08-23,Gabès 4,216.40275759730423,0.0,N
1129520,1400951806,758002396,2025-08-22,Boussalem,1850.7079481868489,0.0,N
1471358,1401967930,758002400,2025-08-18,Medjez El Bab,1263.1094073638978,0.0,N
1807278,1414195292,758002403,2025-08-15,Sousse 2,1651.7775991591184,0.0,N
993266,1400747072,758002404,2025-08-23,Gabès 4,111.2931647447986,0.0,N
1557872,1401513556,758002411,2025-08-21,El Menzah,193.05561566760443,0.0,N
1274712,1401218152,758002412,2025-08-22,Lac II,166.9397471171979,0.0,N
1757338,1401967574,758002414,2025-08-21,Grombalia,58.45240671468761,0.0,N
1715152,1414011292,758002416,2025-08-22,Soliman,71.07274244906792,0.0,N
1349492,1414195080,758002421,2025-08-22,Sfax 5,85.79342752032646,0.0,N
1313868,1401951140,758002422,2025-08-24,Gabès 4,79.00670850465268,0.0,N
1215390,1401695554,758002432,2025-08-23,Medjez El Bab,1661.0470831916407,0.0,N
1507140,1401755478,758002433,2025-08-24,Zarzis 1,61.829535969332554,0.0,N
1737334,1414134728,758002436,2025-08-03,Sousse 3,55.6465823723993,0.0,N
1594792,1401959878,758002437,2025-08-23,Sousse 3,100.16384827031874,0.0,N
1019110,1401609390,758002439,2025-08-04,Djerba 2,341.5268803907627,0.0,N
1487174,1414195536,758002445,2025-08-22,Teboulba,0.0,59.124493770674256,N
1213392,1401413392,758002446,2025-08-03,Gabès 3,128.76000865613506,0.0,N
1133268,1414093326,758002452,2025-08-24,Soukra,77.846786409868,0.0,N
1357508,1401810114,758002453,2025-08-23,Moknine,111.2931647447986,0.0,N
1352156,1401595136,758002461,2025-08-23,Bizerte,111.2931647447986,0.0,N
937814,1401609386,758002463,2025-08-23,Mutuelleville,49.37212106223143,0.0,N
1533408,1401975152,758002469,2025-08-02,Zarzis 1,523.1264104862893,0.0,N
1759778,1414095976,758002476,2025-08-24,Zarzis 1,25.040962067579684,0.0,N
946018,1400691306,758002479,2025-08-23,El Jem,25.59711874362383,0.0,N
1813576,1414193536,758002483,2025-08-24,Sidi Hessine,111.2931647447986,0.0,N
929380,1401967388,758002484,2025-08-22,Ariana,123.65907193866511,0.0,N
1419470,1414095114,758002485,2025-08-24,Teboulba,36.17027854205954,0.0,N
915560,1401732088,758002523,2025-08-24,Ennasr,111.2931647447986,0.0,N
1135190,1400811194,758002525,2025-08-24,Mutuelleville,53.483476056512195,0.0,N
1313690,1401909374,758002533,2025-08-13,Jendouba,321.52997186756113,0.0,N
1489930,1401601950,758002538,2025-08-24,Medjez El Bab,99.08183139085541,0.0,N
797908,1401735300,758002540,2025-08-23,Ain Zaghouan,83.46987355859895,0.0,N
1355800,1401555800,758002541,2025-08-20,Menzel Bourguiba,66.77589884687916,0.0,N
1715570,1401986910,758002577,2025-08-14,Grombalia,1284.3611463195969,0.0,N
1811468,1414188132,758002590,2025-08-21,Les Berges du Lac,185.48860790799765,0.0,T
1409152,1401535354,758002592,2025-08-24,Ghardimaou,82.02306241691656,0.0,N
1506734,1414153754,758002600,2025-08-25,Lafayette,616.1313259343989,0.0,N
1333712,1401934816,758002604,2025-08-25,Chebba,100.03029647262498,0.0,N
1495336,1401535416,758002612,2025-08-22,La Marsa,896.5372368380375,0.0,N
1273346,1401215094,758002615,2025-08-23,Bizerte,91.66228707453551,0.0,N
1572092,1401749750,758002619,2025-08-24,Sousse 3,37.18551952267598,0.0,N
1359410,1414013086,758002622,2025-08-24,Zarzis 1,80.14282622808916,0.0,N
1314752,1401514752,758002623,2025-08-20,Sousse 3,61.829535969332554,0.0,N
1266774,1414173532,758002625,2025-08-25,Menzel Bourguiba,255.72232355396173,0.0,N
1719094,1414018930,758002628,2025-08-24,Sousse 3,73.05190589544625,0.0,N
1468076,1401575470,758002632,2025-08-25,Ariana,100.69279995053638,0.0,N
1711676,1414013314,758002633,2025-08-25,Djerba 1,193.91102729774013,0.0,N
1149114,1400992734,758002635,2025-08-23,Bizerte,87.44891334590534,0.0,N
1777708,1414131274,758002637,2025-08-17,Djerba 1,1353.6300120567596,0.0,N
1357578,1414177894,758002638,2025-08-25,Gabès 2,53.483476056512195,0.0,N
1113330,1400907568,758002639,2025-08-05,Kairouan 2,417.3493677929947,0.0,N
1266610,1401214076,758002640,2025-08-18,Medjez El Bab,69.55822796549913,0.0,N
1527948,1400127948,758002641,2025-08-11,Lac II,348.3661545120104,0.0,N
731488,1401531512,758002643,2025-08-17,Sousse 3,289.6030543790769,0.0,N
957980,1400912946,758002644,2025-08-17,Medjez El Bab,296.78177265279623,0.0,T
1359554,1401559554,758002648,2025-08-24,Bizerte,111.2931647447986,0.0,N
1333148,1401533148,758002652,2025-08-24,Zarzis 1,58.738059170865924,0.0,N
1140686,1414153554,758002654,2025-08-25,Sfax 5,698.0554610937645,0.0,N
1477012,1401935938,758002658,2025-08-24,Zarzis 1,83.17463752434539,0.0,N
1609396,1414128096,758002659,2025-08-22,Bizerte,0.0,463.72151976999413,N
1471286,1414135572,758002660,2025-08-23,Ezzahrouni,139.11645593099826,0.0,N
1355726,1414093512,758002662,2025-08-25,Soukra,62.570562957925006,0.0,N
1177892,1401091500,758002668,2025-08-25,Gabès 1,139.11645593099826,0.0,N
1737014,1401901588,758002672,2025-08-23,Ain Zaghouan,259.931369215074,0.0,N
1715520,1401988876,758002679,2025-08-22,Bizerte,83.46987355859895,0.0,N
1787400,1414149556,758002680,2025-08-26,Bardo,98.30494327140076,0.0,N
1813346,1414194132,758002682,2025-08-20,Testour,594.3178656444184,0.0,N
1809732,1414187112,758002686,2025-08-09,Testour,53.63712245339599,0.0,N
1591154,1401794154,758002692,2025-08-22,Testour,226.67573499860885,0.0,N
1352892,1414147940,758002699,2025-08-26,Jendouba,0.0,463.72151976999413,N
1771120,1414119492,758002704,2025-08-25,Soliman,47.392030172813556,0.0,N
1066674,1400933554,758002705,2025-08-01,Ennasr,530.9608309889635,0.0,N
1139732,1401514934,758002708,2025-08-17,La Goulette,108.20168794633197,0.0,T
1672746,1401915152,758002709,2025-08-17,La Marsa,40.73515318267537,0.0,N
1017592,1400775768,758002717,2025-08-23,Medjez El Bab,84.9973722447213,0.0,N
1277540,1401477540,758002721,2025-08-25,Zarzis 1,37.09772158159953,0.0,N
1156874,1401129554,758002728,2025-08-25,Mahdia,111.2931647447986,0.0,N
1307276,1401507276,758002731,2025-08-25,Bizerte,55.6465823723993,0.0,N
1153472,1400978154,758002734,2025-08-25,Mutuelleville,64.2718026401212,0.0,N
1147358,1400981310,758002738,2025-08-25,La Goulette,77.51599839243207,0.0,N
1769910,1414115788,758002752,2025-08-04,Sousse 3,119.56286518069683,0.0,N
1549772,1400775490,758002753,2025-08-15,Zarzis 1,167.61523479766285,0.0,N
1299486,1401669792,758002756,2025-08-26,Medjez El Bab,62.88063808081121,0.0,N
1266940,1401466940,758002759,2025-08-16,Bizerte,61.829535969332554,0.0,N
1591472,1401795352,758002763,2025-08-11,Kairouan 2,61.829535969332554,0.0,T
1561994,1414117758,758002767,2025-08-11,La Goulette,127.49250316876372,0.0,N
1013338,1400775556,758002772,2025-08-23,Bizerte,170.03122391566453,0.0,N
1533412,1401732806,758002774,2025-08-16,Sousse 3,148.39088632639812,0.0,N
1555586,1400155586,758002779,2025-08-25,La Marsa,834.6987355859894,0.0,N
1328018,1401800150,758002783,2025-08-26,Zarzis 1,56.80805020558321,0.0,N
1612674,1414078072,758002787,2025-08-27,Jendouba,103.70235261384364,0.0,N
953930,1401354168,758002791,2025-08-26,Gabès 4,44.51726589791944,0.0,N
1321470,1401726672,758002794,2025-08-26,Ariana,263.19287723745634,0.0,N
1708674,1414132932,758002796,2025-08-26,Mahdia,154.57383992333138,0.0,T
1753090,1414118078,758002808,2025-08-26,Ariana,64.27211178780104,0.0,N
1373976,1401932734,758002810,2025-08-26,Ariana,356.96015086406777,0.0,N
1752986,1401921356,758002816,2025-08-26,El Jem,123.65907193866511,0.0,N
1111294,1401354008,758002817,2025-08-26,Djerba 1,83.46987355859895,0.0,N
1301514,1414093348,758002822,2025-08-13,El Jem,60.28379757009924,0.0,N
1541932,1401697968,758002824,2025-08-27,Bizerte,0.0,107.11967106686865,N
1755126,1414073414,758002828,2025-08-16,Mahdia,0.0,2534.3843323955857,N
1547526,1401493952,758002829,2025-08-28,El Jem,57.65016848548552,0.0,N
1576938,1401968750,758002830,2025-08-28,Sousse 1,35.4564565492936,0.0,N
1493576,1401091530,758002832,2025-08-26,Gabès 4,85.38442513988933,0.0,N
977734,1400729360,758002838,2025-08-27,Raoued,44.51726589791944,0.0,N
1315534,1401273532,758002839,2025-08-28,Ariana,93.20802547376883,0.0,N
1536130,1401539548,758002845,2025-08-29,Soukra,111.2931647447986,0.0,N
954696,1414175512,758002850,2025-08-28,Chebba,73.40897146566915,0.0,N
1134674,1401730098,758002851,2025-08-27,Zarzis 1,39.23516864005936,0.0,N
1334880,1401934734,758002859,2025-08-29,Bizerte,54.63103224410301,0.0,N
1567714,1401755338,758002860,2025-08-28,Béja II,24.553436176461496,0.0,N
1350112,1401735010,758002867,2025-08-23,Gabès 3,193.05963458744245,0.0,N
1773180,1414141272,758002868,2025-08-28,El Menzah,75.12041302130028,0.0,N
1329494,1401319926,758002869,2025-08-28,Ariana,26.432126626889666,0.0,N
1569328,1401753156,758002871,2025-08-28,Boussalem,99.32914953473275,0.0,N
959354,1401369346,758002872,2025-08-28,Bizerte,76.38884595171113,0.0,N
1393136,1401955016,758002878,2025-08-27,Boussalem,491.21464123411755,0.0,N
1481932,1414179532,758002881,2025-08-29,El Jem,111.2931647447986,0.0,N
1126116,1401292788,758002882,2025-08-28,Djerba 1,111.2931647447986,0.0,N
976000,1401492108,758002883,2025-08-28,Ain Zaghouan,55.6465823723993,0.0,N
1018152,1400777892,758002885,2025-08-29,Bizerte,30.77256005193681,0.0,N
1756930,1414091340,758002889,2025-08-26,Chebba,111.2931647447986,0.0,N
1211732,1401751866,758002890,2025-08-25,Ghardimaou,55.6465823723993,0.0,N
1476990,1401973552,758002892,2025-08-27,Lac II,63.60960830988964,0.0,N
1677668,1401941690,758002897,2025-08-29,Sousse 3,56.740656011376636,0.0,N
1778066,1414131352,758002898,2025-08-28,Nabeul 2,100.03060562030483,0.0,N
1719590,1414017468,758002899,2025-08-28,Mutuelleville,55.396172751723505,0.0,N
1793710,1414160792,758002900,2025-08-29,Béja,84.14103317154606,0.0,N
741314,1401209532,758002905,2025-08-29,Bizerte,75.19831823662165,0.0,N
1419472,1401471556,758002912,2025-08-28,Ennasr,52.683092713389186,0.0,N
1395532,1401894878,758002914,2025-08-27,Sousse 3,264.2677837202832,0.0,N
1213372,1401413372,758002920,2025-08-28,Mutuelleville,47.71663523665255,0.0,N
1815274,1414177508,758002922,2025-08-25,Zarzis 1,465.3819519584506,0.0,N
1493748,1401609336,758002925,2025-08-29,El Jem,94.06931090982162,0.0,N
1321534,1401352874,758002930,2025-08-25,Sousse 3,147.06155130305748,0.0,N
1272680,1401472680,758002932,2025-08-29,Djerba 1,66.77589884687916,0.0,N
1347354,1400613374,758002942,2025-08-29,Chebba,50.09861810987109,0.0,N
1215592,1401108948,758002947,2025-08-29,Ariana,83.46987355859895,0.0,N
1807136,1414193556,758002949,2025-08-26,Gabès 1,257.5200173122701,0.0,N
1667212,1401921498,758002950,2025-08-25,Mutuelleville,111.2931647447986,0.0,N
1079550,1401726994,758002957,2025-08-30,Ghardimaou,83.46987355859895,0.0,N
1013954,1401991336,758002959,2025-08-17,Ain Zaghouan,130.5994373512227,0.0,N
1290136,1414137732,758002960,2025-08-15,Ghardimaou,166.9397471171979,0.0,N
1769974,1414115890,758002961,2025-08-16,Djerba 1,347.76022505951096,0.0,N
1159554,1414173528,758002962,2025-08-29,Bizerte,30.605620304819613,0.0,N
1327000,1401527000,758002965,2025-08-30,Ain Zaghouan,55.6465823723993,0.0,N
1815214,1414177414,758002968,2025-08-26,Grombalia,72.34055708411908,0.0,N
897338,1401799708,758002970,2025-08-29,Soukra,55.66296719943117,0.0,N
1315952,1401515952,758002972,2025-08-30,El Jem,80.49525458311436,0.0,N
1553768,1401717952,758002978,2025-08-21,Sfax 2,503.5607629764739,0.0,N
1192792,1401318926,758002980,2025-08-20,Gabès 2,331.3373728630167,0.0,N
1508158,1401669974,758002988,2025-08-28,La Marsa,139.11645593099826,0.0,N
1726990,1414154928,758002992,2025-08-30,Sousse 2,51.473088694469354,0.0,N
1794680,1414141594,758002997,2025-08-28,Grombalia,65.25056419451572,0.0,N
1481354,1401592786,758003000,2025-08-28,Zarzis 1,528.2251831700004,0.0,N
1769732,1414115330,758003008,2025-08-30,Bab Benat,100.16384827031874,0.0,N
1007978,1401955294,758003009,2025-08-29,Sousse 2,218.86079079976506,0.0,N
1614752,1401815332,758003012,2025-08-29,El Jem,97.38182829937863,0.0,N
1327152,1414173150,758003017,2025-08-12,Ennasr,275.2388165826816,0.0,N
1355532,1401676930,758003020,2025-08-13,Raoued,620.5073113426284,0.0,N
1531746,1414131408,758003022,2025-08-29,Djerba 1,115.88400779052154,0.0,N
1540790,1401696106,758003027,2025-08-29,Hammamet 1,46.761987201286054,0.0,N
1313540,1401273754,758003032,2025-08-29,La Marsa,20.09459919003308,0.0,N
1335110,1401535110,758003033,2025-08-30,La Goulette,601.7132964417102,0.0,N
771774,1414013572,758003034,2025-08-28,Chebba,78.05638853680404,0.0,N
1675606,1401913192,758003037,2025-08-08,Boussalem,263.2302841067178,0.0,N
1300008,1414071328,758003038,2025-08-29,Ennasr,42.15228614709247,0.0,N
1155414,1400795332,758003042,2025-08-13,Gabès 4,714.038396141837,0.0,N
1567200,1400167200,758003051,2025-08-28,Mahdia,55.6465823723993,0.0,N
1806174,1414194920,758003054,2025-08-20,Gabès 1,317.0674251089746,0.0,N
1768132,1414112016,758003055,2025-08-29,El Jem,67.91418060407457,0.0,N
735418,1401573680,758003056,2025-08-23,Béja,407.3342195566822,0.0,N
1615532,1401952740,758003057,2025-08-30,Bizerte,105.69944662565308,0.0,N
1593308,1400193308,758003059,2025-08-27,Zarzis 1,87.11750703310972,0.0,N
1813554,1414192098,758003064,2025-08-25,Jendouba,182.39713110953105,0.0,N
1809152,1414193912,758003065,2025-08-21,Sfax 4,544.6263950289053,0.0,N
1218752,1401195694,758003071,2025-08-29,Djerba 2,111.2931647447986,0.0,N
1800078,1414172140,758003073,2025-08-15,Gabès 2,186.1990292762853,0.0,N
1799152,1414171532,758003075,2025-08-20,El Jem,260.6114941107367,0.0,N
1369206,1401797314,758003078,2025-08-17,Béja II,61.829535969332554,0.0,N
994958,1414079334,758003084,2025-08-24,Ghardimaou,383.95090734844035,0.0,N
1726992,1401881350,758003089,2025-08-30,M'saken,95.85278387485702,0.0,N
1327556,1414127126,758003091,2025-08-30,Zarzis 1,1581.536154821158,0.0,N
1359730,1401297548,758003092,2025-08-29,La Marsa,73.54221411568307,0.0,N
1013920,1400773338,758003098,2025-08-30,Béja II,103.83621355921724,0.0,N
1313552,1401928946,758003106,2025-08-30,Lac II,75.12288620273905,0.0,N
1719336,1414017754,758003107,2025-08-30,Sousse 3,55.001391164559315,0.0,N
1733136,1401877758,758003111,2025-08-28,Boussalem,105.83856308158408,0.0,N
1337354,1401195614,758003112,2025-08-29,Menzel Bourguiba,58.17850187034347,0.0,N
1379912,1401579912,758003117,2025-08-31,Ariana,51.198565554765516,0.0,N
1735972,1414132076,758003119,2025-08-22,Hammamet 2,337.02043466163786,0.0,N
918952,1414154750,758003121,2025-08-31,Ain Zaghouan,47.7169443843324,0.0,N
1375472,1401575472,758003122,2025-08-30,Ezzahrouni,35.53034284477695,0.0,N
1569472,1414099358,758003123,2025-08-25,Béja,309.14767984666275,0.0,T
910988,1414074692,758003124,2025-08-29,Raoued,15.457383992333138,0.0,N
1587526,1401775908,758003127,2025-08-19,Sousse 3,451.973907935821,0.0,N
1755552,1414093308,758003131,2025-08-24,Raoued,686.5087952514916,0.0,T
1711974,1414013154,758003132,2025-08-10,Ain Zaghouan,75.12288620273905,0.0,N
1081126,1401306732,758003133,2025-08-30,Sfax 4,42.750486907595764,0.0,N
1157968,1400813280,758003135,2025-08-30,Testour,92.74430395399882,0.0,N
1099892,1400897550,758003139,2025-08-30,Lac II,55.6465823723993,0.0,N
1533156,1401398186,758003145,2025-08-31,Djerba 1,67.98157479828114,0.0,N
1786812,1414149340,758003146,2025-08-29,Djerba 2,390.91724116610504,0.0,N
1375520,1414136740,758003151,2025-08-08,Ain Zaghouan,55.6465823723993,0.0,N
911332,1400728934,758003167,2025-08-15,Djerba 2,124.5865149782051,0.0,N
737292,1414111968,758003169,2025-08-31,Soliman,2583.3496151111385,0.0,N
1769500,1414113312,758003173,2025-08-31,Ain Zaghouan,52.683401861069036,0.0,N
940932,1401713334,758003183,2025-08-15,Ariana,947.9293288403871,0.0,N
1401756,1401534706,758003188,2025-08-31,Ain Zaghouan,100.03029647262498,0.0,N
1769578,1414112732,758003189,2025-08-22,Ettadhamen,403.7403777784648,0.0,N
1773060,1414106072,758003192,2025-08-30,La Marsa,35.52848795869787,0.0,N
1751894,1401933536,758003197,2025-08-28,Sousse 3,38.117908925093516,0.0,N
1535120,1401677948,758003198,2025-08-30,Chebba,89.03453179583887,0.0,N
1520172,1400120172,758003200,2025-08-17,Lac II,647.9552972454942,0.0,N
1771334,1414116932,758003204,2025-08-30,Grombalia,77.38213744705847,0.0,N
1060976,1400955334,758003205,2025-08-17,Ariana,895.5522923300462,0.0,N
1791354,1414156728,758003208,2025-08-28,Ariana,65.46665842272854,0.0,N
1687274,1401959218,758003213,2025-08-19,Kairouan 2,1491.4520666522399,0.0,N
1539156,1401553092,758003215,2025-08-27,Boussalem,426.62379818839463,0.0,T
1537554,1401729498,758003219,2025-08-31,Lafayette,513.9793489349863,0.0,N
1356750,1401556750,758003223,2025-08-02,Djerba 2,61.829535969332554,0.0,N
1559128,1414135594,758003224,2025-08-31,Chebba,97.24796735400501,0.0,N
1489334,1401599146,758003225,2025-08-26,Sfax 1,1204.6659659319257,52.55510557393267,N
1755350,1414087554,758003229,2025-08-29,Mahdia,61.211240609639226,0.0,N
1739974,1414139746,758003231,2025-08-10,Mahdia,287.5243453797879,0.0,N
1461674,1401913774,758003234,2025-08-30,El Menzah,92.74430395399882,0.0,N
1696998,1401977016,758003237,2025-08-31,Ariana,80.68723529229914,0.0,N
1772686,1414121750,758003239,2025-08-25,Sousse 2,497.72776455312703,0.0,N
813586,1401530866,758003247,2025-08-29,Menzel Bourguiba,166.9397471171979,0.0,N
1493712,1401413216,758003248,2025-08-12,La Marsa,461.2687420780907,0.0,N
1775132,1414127406,758003254,2025-08-22,Sousse 3,2500.98772683711,2096.0212693603735,N
1161016,1414153558,758003258,2025-09-01,Mutuelleville,70.3425356292701,0.0,N
1147946,1414121156,758003259,2025-08-30,Jendouba,108.20168794633197,0.0,N
1736116,1401898734,758003261,2025-08-29,Mutuelleville,1112.4101153120846,0.0,N
1509748,1401759218,758003266,2025-08-29,Bizerte,123.65907193866511,0.0,N
770974,1414092926,758003270,2025-08-29,Ariana,266.36844220484124,0.0,N
1347892,1401547892,758003274,2025-08-22,Ezzahrouni,953.6702012551397,0.0,N
1389320,1414135476,758003277,2025-08-28,Zarzis 1,1308.00383343123,0.0,N
1516892,1400116892,758003278,2025-09-01,Lac II,61.829535969332554,0.0,N
1132130,1401579692,758003281,2025-08-31,Ghardimaou,91.29471048319783,0.0,N
1109758,1414149354,758003282,2025-08-30,Chebba,89.03453179583887,0.0,N
1352132,1401896932,758003284,2025-09-01,Ain Zaghouan,170.68661699693945,0.0,N
1173674,1401753368,758003288,2025-09-01,Béja,89.439515256438,0.0,N
1733572,1401893952,758003291,2025-08-31,Djerba 1,79.296379880669,0.0,N
1273270,1401473270,758003293,2025-09-01,Djerba 1,55.6465823723993,0.0,N
1137314,1401009270,758003294,2025-08-31,Sousse 3,13.911645593099825,0.0,N
1137514,1401494754,758003299,2025-09-01,Raoued,111.2931647447986,0.0,N
1213574,1401913286,758003302,2025-08-30,Raoued,83.17618326274462,0.0,N
1350714,1401613172,758003303,2025-08-25,Gabès 1,1438.624911120042,0.0,T
937540,1400679080,758003307,2025-08-10,Boussalem,129.44013355179771,0.0,T
1541100,1401696678,758003308,2025-08-27,Ezzahrouni,142.73966673880113,0.0,N
1293996,1414149346,758003313,2025-08-16,Djerba 1,242.21720715986027,0.0,N
1100770,1401353532,758003322,2025-08-31,Ain Zaghouan,79.06297338238477,0.0,N
1327674,1401318898,758003324,2025-08-22,Jendouba,922.8741459795344,0.0,N
1188690,1401941340,758003329,2025-08-31,Chebba,63.60960830988964,0.0,N
1375956,1401575956,758003332,2025-08-31,Bizerte,200.9459919003308,0.0,N
876766,1400609546,758003335,2025-08-30,Zarzis 1,55.6465823723993,0.0,N
1132134,1400954914,758003343,2025-08-22,Bizerte,55.6465823723993,0.0,N
1553340,1400153340,758003344,2025-08-31,La Marsa,34.00624478313291,0.0,N
1613934,1401954150,758003348,2025-09-01,Ain Zaghouan,21.62395276223452,0.0,N
880792,1401480618,758003364,2025-08-31,Ariana,0.0,111.2931647447986,N
1776814,1414193332,758003365,2025-09-01,Sfax 3,111.2931647447986,0.0,N
1731530,1414135534,758003368,2025-09-01,Ariana,30.438680557702416,0.0,N
1532938,1414171146,758003370,2025-08-18,Gabès 2,513.8334312300987,0.0,N
1261280,1400955728,758003372,2025-09-02,La Goulette,33.69709710328624,0.0,N
1166672,1414095332,758003385,2025-08-31,Menzel Bourguiba,83.46987355859895,0.0,N
1369332,1401153908,758003387,2025-09-02,Sousse 3,109.26206448820602,0.0,N
1333320,1401575572,758003392,2025-09-02,Djerba 1,59.96784864129595,0.0,N
1795538,1414174014,758003394,2025-09-01,Ghardimaou,108.51083562617863,0.0,N
1720078,1401868750,758003398,2025-09-02,Sousse Erriadh,87.77939221566143,0.0,N
897386,1401689266,758003399,2025-09-02,Chebba,66.9205799610474,0.0,N
1814692,1414197314,758003402,2025-09-02,Gabès 4,587.3805917086593,0.0,N
1217752,1401412018,758003406,2025-09-01,Bizerte,25.595573005224598,0.0,N
980734,1401997534,758003407,2025-08-29,Ghardimaou,538.1998330602529,0.0,N
1371352,1401571352,758003412,2025-09-01,Lac II,158.38563081584073,0.0,N
1129752,1400953418,758003413,2025-09-01,Testour,18.548860790799765,0.0,N
1554814,1401993520,758003418,2025-08-31,Mahdia,94.59919003307881,0.0,N
1341540,1414190914,758003420,2025-09-03,Sousse 1,99.95239125730362,0.0,N
1735928,1414132154,758003427,2025-09-02,M'saken,111.2931647447986,0.0,N
1549700,1401339526,758003430,2025-08-29,Zarzis 1,537.7045784771385,0.0,T
1606728,1401809752,758003435,2025-09-01,Soukra,58.31174452035738,0.0,N
1615108,1401952194,758003440,2025-09-02,Jendouba,50.08192413515937,0.0,N
1338112,1401759140,758003449,2025-09-04,Bizerte,76.0633134448326,0.0,N
1766958,1414139998,758003454,2025-09-03,Ezzouhour,26.487773209262066,0.0,N
1607860,1401811794,758003467,2025-09-04,Hammamet 2,70.89529168083594,0.0,N
1515152,1414155266,758003472,2025-09-03,Bizerte,67.78031965870096,0.0,N
1155332,1401138158,758003477,2025-09-04,Lac II,107.47488175101246,0.0,N
1291332,1401377554,758003482,2025-09-04,Ain Zaghouan,55.6465823723993,0.0,N
1550690,1414095098,758003484,2025-09-04,Ariana,25.928215908739606,0.0,N
1393072,1401273012,758003485,2025-09-05,Boussalem,49.664574767366375,0.0,N
1353414,1401347352,758003487,2025-09-01,Soukra,4828.478375119795,0.0,N
1113572,1400912696,758003488,2025-09-03,Raoued,55.6465823723993,0.0,N
1471112,1401735334,758003490,2025-09-03,Sfax 5,925.9353263053762,0.0,N
1761154,1414099534,758003492,2025-08-25,Ezzahrouni,643.4828577611526,0.0,N
1298094,1401498094,758003493,2025-08-25,Lac II,252.41938974248,0.0,N
1740878,1401971334,758003499,2025-09-02,Ghardimaou,41.734936779299474,0.0,N
906678,1400733272,758003503,2025-09-01,Ezzahrouni,52.55510557393267,0.0,T
1201554,1414013320,758003505,2025-08-22,Bizerte,68.01248956626581,0.0,N
1751376,1414131134,758003507,2025-09-01,Medjez El Bab,33.874547871518224,0.0,N
1521938,1401674154,758003521,2025-09-04,Djerba 2,111.2931647447986,0.0,N
1315910,1414167732,758003525,2025-09-02,Boussalem,61.829535969332554,0.0,N
1731346,1414121750,758003528,2025-09-04,Béja II,111.2931647447986,0.0,N
1501372,1401737492,758003535,2025-09-02,Lac II,55.6465823723993,0.0,N
1815308,1414177914,758003539,2025-09-04,Hammamet 2,80.82635174823014,0.0,N
968160,1414091012,758003544,2025-09-02,La Marsa,446.5539308127493,0.0,N
1387506,1401417534,758003547,2025-09-02,Béja,740.4127121525953,0.0,N
935956,1400679372,758003555,2025-09-04,Gabès 3,70.56233962964109,0.0,N
1215738,1401692950,758003560,2025-09-04,Hammamet 1,111.26441401057286,0.0,N
1394152,1401613210,758003564,2025-09-05,El Jem,35.381333663090864,0.0,N
1321534,1401953530,758003566,2025-09-04,Sousse 3,37.18551952267598,0.0,N
1619896,1401877278,758003567,2025-09-02,Sfax 4,123.65907193866511,0.0,N
967346,1414089116,758003572,2025-09-04,Sousse 3,139.11645593099826,0.0,N
1295752,1401495752,758003575,2025-09-03,Bizerte,106.14832905679043,0.0,N
1755294,1414093872,758003581,2025-09-05,Lac II,329.6846693665564,0.0,N
1575214,1401753528,758003586,2025-08-24,Testour,529.4070547500542,0.0,T
1289546,1401489546,758003587,2025-09-05,Sousse 3,83.46987355859895,0.0,N
1472932,1401687330,758003602,2025-09-05,Bizerte,104.00377160169414,0.0,N
999576,1400755514,758003604,2025-09-03,Djerba 1,617.881101802331,0.0,N
1351128,1414069276,758003605,2025-09-04,Béja,66.21943302315516,0.0,N
1530720,1401529014,758003606,2025-08-01,Sousse 2,64.92101276779918,0.0,N
1131330,1401873556,758003607,2025-09-05,Korba,123.65907193866511,0.0,N
1754758,1414087318,758003608,2025-08-05,Nabeul 2,365.04034377222,0.0,T
1218614,1401692972,758003609,2025-09-03,Zarzis 1,111.2931647447986,0.0,N
1275952,1401348754,758003610,2025-08-06,El Jem,1326.062695149473,0.0,N
1359556,1401351352,758003626,2025-09-04,Ain Zaghouan,238.43849506909453,0.0,N
1481572,1401994134,758003629,2025-09-06,Moknine,44.487896868334005,0.0,N
973772,1414133548,758003630,2025-09-05,Sousse 2,61.84901227316289,0.0,N
1536196,1414131492,758003632,2025-09-05,Hammamet 2,111.2931647447986,0.0,N
930752,1401133572,758003633,2025-09-03,Menzel Bourguiba,94.07085664822085,0.0,N
1675370,1401911170,758003638,2025-09-05,Gabès 4,385.6608031656723,0.0,N
1468958,1401575530,758003641,2025-09-05,Beni Khalled,70.72649704763967,0.0,N
1678734,1414175932,758003646,2025-09-04,Kairouan 1,102.01657031563978,0.0,N
1531748,1400941676,758003653,2025-09-01,La Goulette,50.08223328283921,0.0,N
1210196,1401549794,758003656,2025-09-06,Raoued,70.89374594243671,0.0,N
1297994,1401497994,758003661,2025-09-05,La Marsa,69.55822796549913,0.0,N
1491374,1400091374,758003667,2025-08-18,Mahdia,909.5736853494915,0.0,N
1758158,1401873132,758003670,2025-08-20,Sousse 2,195.77055059201783,0.0,N
1192112,1414107992,758003671,2025-08-13,Djerba 2,423.068599870158,0.0,N
1095206,1414012108,758003673,2025-09-05,Mahdia,101.76832472872292,0.0,N
1517490,1401876754,758003676,2025-08-25,Ghardimaou,3506.6197792685566,0.0,N
1737380,1414167352,758003677,2025-09-06,Mutuelleville,62.28243732030791,0.0,N
1007370,1400775866,758003682,2025-08-17,Djerba 2,412.44937706742513,0.0,N
1066128,1414155168,758003685,2025-09-06,Ariana,47.11843447614926,0.0,N
1015912,1400775130,758003688,2025-08-05,Chebba,112.10560484743563,0.0,N
926734,1401533568,758003689,2025-09-06,Gabès 2,70.84891952885894,0.0,N
1772690,1414121754,758003690,2025-08-29,Djerba 2,108.20168794633197,0.0,N
1334772,1401534772,758003692,2025-08-14,Bizerte,583.1072433301389,0.0,N
1294614,1401494614,758003694,2025-08-19,Gabès 4,636.2852814789626,0.0,N
934134,1400675218,758003699,2025-09-04,Bizerte,96.71963396914707,0.0,N
1333416,1401893500,758003700,2025-08-20,Zarzis 1,495.9510928370483,0.0,N
1532940,1401667668,758003701,2025-08-01,Ariana,129.3659381086345,2998.732494512629,N
1578972,1400926186,758003706,2025-09-03,Sousse 3,41.734936779299474,0.0,N
1013192,1400775492,758003707,2025-09-06,Zarzis 1,100.53482548613474,0.0,N
1508752,1401758148,758003709,2025-09-05,Raoued,55.6465823723993,0.0,N
1486130,1401594716,758003721,2025-08-26,Béja,104.12712152595296,0.0,N
1695266,1401972072,758003724,2025-08-24,Zarzis 1,21.337372863016665,0.0,N
798196,1401609540,758003733,2025-09-04,Béja,1331.0195690481344,0.0,N
1732156,1401891132,758003735,2025-09-05,Béja,69.39097907070207,0.0,N
1797294,1414173800,758003738,2025-09-05,Gabès 2,80.82697004358982,0.0,N
1707168,1401995954,758003740,2025-09-06,Gabès 3,83.46987355859895,0.0,N
1189554,1401139274,758003742,2025-09-06,Zarzis 1,123.13383003060562,0.0,N
787274,1414193934,758003743,2025-09-01,Testour,114.81992147648933,0.0,N
1281694,1401351148,758003744,2025-08-27,Jendouba,158.04371348193033,0.0,N
1339994,1401341334,758003751,2025-08-26,Sfax 2,53.91566451293783,0.0,N
695474,1401749806,758003754,2025-08-22,Bizerte,415.39369957028475,0.0,N
1335746,1401773994,758003755,2025-09-03,Chebba,90.09738151915171,0.0,N
1359152,1414189326,758003759,2025-08-30,Bizerte,160.75679352026464,0.0,N
1493568,1401609010,758003763,2025-09-05,Ariana,83.46987355859895,0.0,N
1517868,1401153126,758003766,2025-09-06,La Marsa,68.01248956626581,0.0,N
1734132,1401873388,758003769,2025-08-12,La Marsa,83.46987355859895,0.0,N
1539140,1400139140,758003775,2025-09-04,Bizerte,55.6465823723993,0.0,N
1791348,1414155346,758003777,2025-09-05,Grombalia,98.04371348193033,0.0,N
1272892,1401593278,758003779,2025-09-07,Testour,107.18088230747829,0.0,N
1277292,1401213276,758003784,2025-09-05,Gabès 4,58.738059170865924,0.0,N
1393934,1414113154,758003785,2025-09-06,Lac II,37.56144310136953,0.0,N
1373290,1414194776,758003787,2025-09-06,Sfax 4,90.42569635514886,0.0,N
1720694,1401869934,758003796,2025-09-06,M'saken,92.70720623241724,0.0,N
1675958,1414130990,758003797,2025-08-24,Kelibia,175.59588215290447,0.0,N
1219920,1401695558,758003799,2025-09-05,Gabès 4,239.01103657217055,0.0,N
1393592,1414197512,758003800,2025-09-06,Medjez El Bab,92.42588184375677,0.0,N
1616980,1401947306,758003802,2025-08-27,Bizerte,121.85334034068075,0.0,N
1731572,1414121338,758003826,2025-09-06,Monastir 1,208.87439329767832,0.0,N
1811328,1414189294,758003838,2025-09-07,El Jem,278.2329118619965,0.0,N
1557316,1414120616,758003842,2025-09-05,Djerba 1,407.5311466287446,0.0,N
1591472,1401795352,758003843,2025-08-10,Kairouan 2,58.70714440288126,0.0,N
1753330,1414095700,758003846,2025-09-05,Zarzis 1,111.2931647447986,0.0,N
1121326,1400935532,758003849,2025-08-30,Gabès 4,13.911645593099825,0.0,N
1216130,1414177534,758003852,2025-09-06,Béja,111.2931647447986,0.0,N
1408140,1414071332,758003856,2025-08-29,Chebba,1317.7960861903732,0.0,N
1355954,1401555954,758003862,2025-09-07,Ghardimaou,2187.256314341361,0.0,N
1393330,1401593330,758003867,2025-08-15,Bizerte,1011.5247163570039,0.0,N
1273332,1414115388,758003873,2025-09-05,Chebba,123.53819519584506,0.0,N
1799210,1414171392,758003880,2025-08-14,La Goulette,249.29328840387055,0.0,N
690952,1414133286,758003882,2025-08-19,Gabès 3,76.05032924227905,0.0,N
1353212,1401553212,758003892,2025-09-06,Gabès 4,3349.1043991714846,0.0,N
1499352,1401811912,758003901,2025-09-07,El Jem,579.2670108510836,0.0,N
1553320,1401715678,758003903,2025-08-27,Bizerte,864.552508733422,0.0,N
1331372,1401753806,758003906,2025-09-03,Zarzis 1,111.2931647447986,0.0,N
1337338,1414180074,758003908,2025-09-06,Lac II,166.08680866850096,0.0,N
1335572,1401535572,758003911,2025-09-03,Lac II,325.4478004142579,0.0,N
1729332,1401893754,758003914,2025-09-03,Testour,442.334683278202,0.0,N
1592706,1401771126,758003927,2025-08-31,Bizerte,1309.0682288929422,0.0,N
1561486,1401215314,758003932,2025-09-07,Mahdia,438.2826846384518,0.0,N
1172160,1401553320,758003939,2025-09-06,Zarzis 1,405.399264228522,0.0,N
1537860,1414179572,758003940,2025-09-03,Les Berges du Lac,719.3365690790491,0.0,N
1295572,1401608814,758003942,2025-09-07,Gabès 4,111.2931647447986,0.0,N
1748900,1414075938,758003949,2025-09-05,Sousse 3,908.1605713049124,0.0,N
794758,1401993914,758003953,2025-09-08,Zarzis 1,101.68578229820386,0.0,N
1756900,1401907314,758003961,2025-09-07,Bizerte,434.893189476613,0.0,N
792912,1401309114,758003966,2025-09-08,Bizerte,0.0,463.72151976999413,N
955616,1414197574,758003985,2025-09-07,Béja II,111.2931647447986,0.0,N
1351732,1401941668,758003994,2025-09-08,Bizerte,222.5863294895972,0.0,N
1539934,1414113536,758004000,2025-09-07,Soliman,30.605620304819613,0.0,N
1493694,1401593920,758004016,2025-09-04,Ennasr,0.0,463.72151976999413,N
1379812,1401413354,758004017,2025-08-31,Zarzis 1,387.70210529569977,0.0,N
1009408,1401589098,758004036,2025-09-07,Bizerte,51.667851732772746,0.0,N
1673190,1401935574,758004061,2025-09-02,Béja,892.2586329489598,0.0,N
1473138,1401571192,758004062,2025-09-06,Testour,76.53816428107707,0.0,N
1559328,1414086908,758004069,2025-09-08,El Menzah,91.02667944477078,0.0,N
1141358,1400971570,758004071,2025-09-06,Zarzis 1,109.97526818561228,0.0,N
1313534,1401513534,758004075,2025-09-07,Zarzis 1,64.2718026401212,0.0,N
1532088,1401954934,758004078,2025-09-08,Mutuelleville,58.05855257056296,0.0,N
1767010,1414109954,758004082,2025-09-08,Beni Khalled,77.34844034995518,0.0,N
1795318,1414175796,758004087,2025-09-07,Ariana,3310.9129130985875,0.0,N
1691386,1401973114,758004090,2025-09-05,Béja II,80.68754443997898,0.0,N
1533216,1401517116,758004092,2025-09-01,Jemmal,108.20168794633197,0.0,N
909340,1401277270,758004096,2025-08-30,Djerba 2,567.4238723838378,0.0,N
1754112,1401957512,758004097,2025-09-06,Zarzis 1,278.2329118619965,0.0,N
1074120,1401733934,758004105,2025-08-31,Bizerte,986.258385630816,0.0,N
1335494,1401957526,758004112,2025-09-08,Sfax 1,83.29860574396389,0.0,N
1215614,1401415614,758004117,2025-08-25,La Marsa,58.738059170865924,0.0,N
1575212,1414169334,758004118,2025-08-08,Gabès 2,117.32463597860699,0.0,N
1757570,1414091734,758004123,2025-09-08,Kairouan 2,38.95260766067951,0.0,N
1569712,1414199212,758004124,2025-09-08,Gabès 4,61.489473521501225,0.0,N
1150732,1414126612,758004125,2025-09-02,Lac II,74.19544316319906,0.0,N
1376788,1401401200,758004129,2025-09-08,Djerba 1,111.2931647447986,0.0,N
953196,1401375346,758004135,2025-09-09,Mutuelleville,58.54978823383931,0.0,N
1211098,1400949674,758004136,2025-09-08,La Goulette,92.74430395399882,0.0,N
1772732,1414121532,758004139,2025-09-08,Soliman,28.24589606455004,0.0,N
1815086,1414177474,758004143,2025-09-09,Lac II,25.040652919899838,0.0,N
997706,1400753558,758004147,2025-09-06,Menzel Bourguiba,38.17912016570316,0.0,N
1517394,1401731972,758004149,2025-09-08,Gabès 4,1115.5813522119518,0.0,N
1320126,1414073292,758004151,2025-08-30,Kairouan 1,1012.6608340804403,0.0,N
771688,1414115348,758004152,2025-09-08,Menzel Bourguiba,0.0,1099.1918879648808,N
948012,1401357350,758004158,2025-09-02,Menzel Bourguiba,62.61662596222216,0.0,N
1355538,1401921670,758004159,2025-09-07,Gabès 4,58.70714440288126,0.0,N
1577800,1401759334,758004167,2025-08-25,Jendouba,538.6706649766594,0.0,N
1713214,1401993470,758004168,2025-09-08,Boussalem,83.46987355859895,0.0,N
1721132,1401870812,758004176,2025-09-08,Djerba 1,33.38794942343958,0.0,N
1768068,1414112126,758004178,2025-09-02,El Jem,1535.2888985068168,0.0,N
955914,1400715550,758004179,2025-09-08,Raoued,52.86394410609949,0.0,N
1775548,1414101374,758004190,2025-09-08,Gabès 4,74.20440844591462,0.0,N
1619930,1401953580,758004194,2025-09-09,Ghardimaou,349.02773054688225,0.0,N
1287550,1400873534,758004199,2025-08-12,La Marsa,61.829535969332554,0.0,N
807498,1401353476,758004209,2025-09-07,Medjez El Bab,330.78801743592913,0.0,T
1477408,1401576932,758004212,2025-08-31,Ain Zaghouan,139.11645593099826,0.0,N
1279174,1401481330,758004214,2025-09-02,Bizerte,612.008223328284,0.0,N
1771340,1414118716,758004758,2025-09-07,Sousse Erriadh,28.884595171113244,0.0,N
1553314,1401552890,758004220,2025-09-05,Ariana,100.69279995053638,0.0,N
951750,1414133532,758004221,2025-09-09,Lafayette,380.54224503045106,0.0,N
1733290,1401879472,758004227,2025-09-09,Chebba,139.11645593099826,0.0,N
1281346,1401971558,758004231,2025-09-09,Kairouan 2,169.72207623581787,0.0,N
1713606,1401992954,758004233,2025-09-06,Djerba 2,91.75317649241043,0.0,N
1213394,1401413394,758004235,2025-09-07,La Goulette,111.2931647447986,0.0,N
1141212,1400780912,758004237,2025-09-05,Bizerte,1315.087025071877,0.0,N
1813200,1414193586,758004243,2025-09-08,La Goulette,105.79250007728693,0.0,N
1814068,1414195554,758004246,2025-08-30,Menzel Temim,602.8379757009924,0.0,N
1727894,1414157338,758004253,2025-09-07,Grombalia,6775.910903638669,927.4430395399883,N
1711540,1414012134,758004254,2025-09-08,Grombalia,80.82666089590998,0.0,N
1513546,1400113546,758004262,2025-09-09,Bizerte,55.7856988283303,0.0,N
1598954,1401956974,758004264,2025-09-09,Gabès 4,111.2931647447986,0.0,N
1555288,1401554806,758004265,2025-09-08,Mutuelleville,41.73524592697932,0.0,N
897272,1401817326,758004266,2025-09-08,Medjez El Bab,128.83544069001763,0.0,N
1531896,1414147200,758004272,2025-09-09,Grombalia,213.85445327232821,0.0,N
1612692,1401813954,758004279,2025-09-07,Mahdia,90.09769066683155,0.0,N
1813932,1414195274,758004284,2025-09-08,Grombalia,1513.725847837512,0.0,N
1531280,1400987966,758004286,2025-09-12,Ain Zaghouan,22.28645624014592,0.0,N
1293580,1401313328,758004287,2025-09-12,Mutuelleville,60.47330509784524,0.0,N
1513768,1401751930,758004295,2025-09-09,Testour,83.46987355859895,0.0,N
1529900,1401178980,758004298,2025-09-05,Bizerte,798.2428045877516,0.0,N
1155396,1401081374,758004299,2025-09-11,Chebba,73.87362042847869,0.0,N
1333932,1401321780,758004302,2025-09-10,Ariana,538.7467153059016,0.0,N
1171934,1401540934,758004303,2025-09-09,Kairouan 1,111.2931647447986,0.0,N
1619340,1414133092,758004305,2025-09-11,Ariana,40.68197978174174,0.0,N
1691360,1401967272,758004310,2025-09-12,Sousse 3,66.77589884687916,0.0,N
1597348,1401792736,758004316,2025-09-11,Djerba 2,94.67647695304048,0.0,N
714120,1400867356,758004319,2025-08-02,Gabès 4,532.2172071598603,0.0,N
1315774,1401515774,758004327,2025-09-03,Zarzis 1,108.92973073237086,0.0,N
1560080,1401729352,758004337,2025-09-11,Ghardimaou,250.40962067579684,0.0,N
947678,1414153594,758004342,2025-09-09,Zarzis 1,631.5052400531735,0.0,N
1770908,1414117938,758004343,2025-09-11,Djerba 1,54.255417813089316,0.0,N
1180934,1401133286,758004347,2025-09-10,Djerba 2,77.28691996166569,0.0,N
1568792,1401753474,758004349,2025-09-10,Zarzis 1,75.09382632083347,0.0,N
1487912,1400087912,758004352,2025-09-10,Ghardimaou,61.829535969332554,0.0,N
1729350,1414159180,758004356,2025-09-03,Jemmal,1071.6239527622345,0.0,N
1710616,1414015332,758004360,2025-09-10,Gabès 3,111.2931647447986,0.0,T
1735992,1414161396,758004361,2025-09-11,Sfax 3,27.97044548180666,0.0,N
1694926,1401972816,758004370,2025-09-11,Les Berges du Lac,109.74742634556529,0.0,N
1357278,1401674154,758004373,2025-08-27,Kairouan 1,2534.167310724333,0.0,T
1269486,1401735492,758004374,2025-09-08,Testour,262.77552786966334,0.0,N
1753750,1414189280,758004376,2025-08-19,Sfax 4,149.1637555260148,0.0,N
1321310,1401306674,758004380,2025-09-10,Zarzis 1,149.93662472563145,0.0,T
1753298,1414067990,758004381,2025-09-05,Kairouan 2,199.25371750085017,0.0,N
895550,1414152950,758004386,2025-09-11,Djerba 1,70.56233962964109,0.0,N
1555552,1401477536,758004388,2025-09-12,Lac II,79.24969858101215,0.0,N
1347094,1401752150,758004393,2025-09-11,Kairouan 2,58.738059170865924,0.0,N
1753688,1414093540,758004406,2025-09-11,Ghardimaou,5586.092373326738,0.0,N
1718674,1414018148,758004409,2025-09-11,Chebba,83.46987355859895,0.0,N
1571494,1401753514,758004410,2025-08-20,La Marsa,297.4983769746808,0.0,N
1497466,1401617548,758004411,2025-09-12,Bizerte,56.28651806968189,0.0,N
1793892,1414161078,758004414,2025-09-04,Zarzis 1,4018.3466782081805,0.0,N
1574940,1401992008,758004416,2025-08-22,Béja,441.59272884657,0.0,N
1309328,1401494914,758004421,2025-08-21,Sousse 3,268.0829752372709,0.0,N
1732932,1401877532,758004425,2025-08-22,Bizerte,262.41042445976444,0.0,N
1726718,1414155486,758004427,2025-09-10,Sfax 4,448.58626766006125,0.0,N
1670070,1401927332,758004428,2025-08-21,Grombalia,306.13318082047795,0.0,N
1135866,1401355774,758004429,2025-09-11,Mutuelleville,646.1347265588772,0.0,N
1488618,1414157978,758004431,2025-09-11,Djerba 2,139.11645593099826,0.0,N
1335740,1401159898,758004432,2025-09-12,Lac II,75.12288620273905,0.0,N
1738128,1414137418,758004436,2025-08-22,Raoued,579.3430611803259,0.0,N
775140,1400894786,758004439,2025-09-12,Bizerte,48.96899248771138,0.0,N
1737410,1414133392,758004440,2025-09-08,Medjez El Bab,102.34766748075556,0.0,N
1381594,1401701278,758004442,2025-08-21,Sfax 4,59.91282035428324,0.0,N
1556130,1400156130,758004443,2025-09-10,Djerba 2,136.11772343648562,0.0,N
1733548,1414133146,758004452,2025-09-11,Soliman,161.96246947166662,0.0,N
1354072,1401609494,758004457,2025-08-27,Sfax 2,123.65907193866511,0.0,N
771934,1401392008,758004468,2025-09-07,Lac II,423.532321389928,0.0,T
1275334,1401475334,758004469,2025-08-25,Bizerte,906.1767706433363,0.0,N
1013500,1400771594,758004472,2025-09-12,Bizerte,58.738059170865924,0.0,N
1353296,1401553296,758004477,2025-08-26,Boussalem,231.86075988499707,0.0,N
1599090,1401973012,758004478,2025-08-19,Ariana,190.7976010140044,0.0,N
1347494,1401128138,758004487,2025-09-12,Djerba 2,102.01873434939871,0.0,N
1394136,1401910918,758004491,2025-09-12,Raoued,77.28691996166569,0.0,N
1661920,1414077336,758004492,2025-09-05,Sousse 3,576.4002844158655,0.0,N
772192,1400940814,758004493,2025-09-12,Sfax 5,77.1842829319566,0.0,N
957308,1401931732,758004501,2025-09-13,Mutuelleville,58.54978823383931,0.0,N
798150,1400754958,758004508,2025-08-17,Lac II,520.2637029709092,0.0,N
1689976,1401993512,758004509,2025-09-10,Jendouba,597.3147432528519,0.0,N
1091386,1400894968,758004513,2025-09-12,Chebba,64.93399697035274,0.0,N
1139358,1400952794,758004516,2025-09-12,Djerba 1,214.27674900299874,0.0,N
1329160,1401940954,758004520,2025-09-12,Sfax 4,556.1702785420596,0.0,N
1731192,1401889350,758004523,2025-09-01,Djerba 1,122.11333353943179,0.0,N
1214134,1401352720,758004524,2025-09-12,Sousse 3,108.51083562617863,0.0,N
1792180,1414155472,758004527,2025-08-13,Les Berges du Lac,159.82935048072466,0.0,N
939466,1400695158,758004529,2025-09-12,Ariana,111.2931647447986,0.0,N
1460126,1401547010,758004531,2025-09-13,Djerba 2,394.59269793180204,0.0,N
1788740,1414151532,758004534,2025-09-12,Sfax 2,111.2931647447986,0.0,N
1394156,1401408896,758004537,2025-09-12,Lac II,72.14888552261415,0.0,N
1696752,1401977460,758004538,2025-09-13,Bizerte,111.2931647447986,0.0,N
1573096,1401401354,758004539,2025-09-10,Mahdia,240066.13101678673,1337.5818468482394,N
1372674,1401694754,758004544,2025-08-22,El Jem,175.28673447305778,0.0,N
1387506,1401417534,758004552,2025-09-12,Béja,98.04371348193033,0.0,N
1407372,1401953306,758004555,2025-09-08,Moknine,2286.1121587782486,0.0,N
1513120,1400113120,758004559,2025-09-04,Zarzis 1,58.738059170865924,0.0,N
1093810,1400875552,758004561,2025-09-13,Djerba 1,102.01873434939871,0.0,N
1537096,1401007388,758004563,2025-09-12,Sousse 1,577.0037406869262,0.0,N
1279748,1401347352,758004565,2025-09-13,Gabès 4,55.6465823723993,0.0,N
1077374,1401466692,758004568,2025-09-13,Bizerte,37.56144310136953,0.0,N
955532,1414013792,758004569,2025-09-06,Ezzahrouni,578.8713018208799,27266.825362475654,N
1793360,1414158950,758004574,2025-08-03,Zarzis 1,825.8527838748571,0.0,N
1739328,1414136814,758004575,2025-08-05,Testour,269.5270040498346,0.0,N
1587754,1401754740,758004577,2025-09-13,Chebba,28.246205212229885,0.0,N
1353500,1401553500,758004578,2025-08-06,La Marsa,59.97434074257273,0.0,N
671106,1401135200,758004579,2025-09-12,Sousse 2,80.82697004358982,0.0,N
1335330,1401533956,758004581,2025-09-13,Jendouba,71.07305159674777,0.0,N
1547470,1414135526,758004593,2025-08-24,Gabès 1,644.2974618975485,0.0,N
1307900,1401918932,758004602,2025-08-24,Djerba 2,139.11645593099826,0.0,N
1472866,1401570812,758004605,2025-09-08,Ariana,20.867468389649737,0.0,N
1376986,1401494912,758004631,2025-09-13,El Menzah,98.04371348193033,0.0,N
1200014,1401334698,758004639,2025-09-13,Bizerte,0.0,463.72151976999413,N
1615546,1414113532,758004643,2025-08-25,Zarzis 1,253.62475654620212,0.0,N
786128,1401311346,758004648,2025-09-12,El Menzah,139.11645593099826,0.0,N
1687932,1401961534,758004662,2025-09-04,Djerba 2,290.9122948032275,0.0,N
773332,1401295372,758004665,2025-09-08,Chebba,178.84193279129443,0.0,N
1797210,1414167092,758004666,2025-09-13,Chebba,37.09772158159953,0.0,N
1693326,1401955700,758004673,2025-09-06,Testour,57.19232077163261,0.0,N
1557952,1401733672,758004678,2025-09-03,Zarzis 1,158.4403499551736,0.0,N
1373512,1414093540,758004684,2025-09-06,Béja,28.49877886666461,0.0,N
1539992,1414151314,758004689,2025-09-08,Jendouba,1040.4343524901847,0.0,N
1747580,1414073526,758004690,2025-09-13,Soliman,93.40835317030947,0.0,N
1329336,1401321472,758004692,2025-08-15,Kairouan 2,531.73400933626,0.0,N
1349550,1400972148,758004695,2025-09-14,Bizerte,31.01833245741491,0.0,N
1219374,1401753126,758004697,2025-09-13,El Jem,55.6465823723993,0.0,N
1795410,1414175954,758004705,2025-08-30,Korba,170.03122391566453,0.0,N
1532812,1401893966,758004709,2025-09-14,Sfax 4,57.64985933780567,0.0,N
939690,1400890796,758004710,2025-08-30,Sousse 3,2365.5287971063776,0.0,N
1779488,1414134154,758004713,2025-09-14,Djerba 2,93.07694685751385,0.0,N
1133496,1401735734,758004714,2025-09-14,Sousse 3,111.2931647447986,0.0,N
753730,1401215334,758004715,2025-09-14,Sousse 3,927.4430395399883,0.0,N
798196,1401609540,758004718,2025-09-15,Béja,111.2931647447986,0.0,N
1571192,1401749554,758004724,2025-08-27,La Goulette,401.8919838006616,0.0,N
1368954,1401947368,758004725,2025-09-15,Mutuelleville,55.6465823723993,0.0,N
1293472,1401331554,758004729,2025-09-14,Bizerte,55.6465823723993,0.0,N
1497276,1401615292,758004739,2025-09-13,El Jem,1151.7445203573748,0.0,N
1595860,1401789992,758004746,2025-09-15,Mutuelleville,83.46987355859895,0.0,N
1278874,1401749560,758004748,2025-09-14,Ain Zaghouan,2164.033758926639,0.0,N
1173572,1401014012,758004755,2025-09-09,Jendouba,1439.2633010789255,0.0,T
1734876,1414119312,758004762,2025-09-12,Djerba 2,44.82919590688472,0.0,N
1353574,1401487412,758004768,2025-09-15,Mutuelleville,83.46987355859895,0.0,N
1733312,1401876816,758004779,2025-09-13,Zarzis 1,83.46987355859895,0.0,N
1615320,1401815534,758004783,2025-09-11,Zarzis 1,192.27409033295206,0.0,T
1311332,1401287572,758004788,2025-09-11,Ennasr,91.67465298172938,0.0,T
1373312,1401130930,758004789,2025-08-27,Djerba 2,1503.040467431292,72.64970476396574,N
1497528,1401617514,758004790,2025-09-14,Raoued,83.46987355859895,0.0,N
1113314,1401927552,758004793,2025-08-09,Chebba,1161.4087859770614,0.0,N
1757388,1414091340,758004797,2025-09-05,Testour,445.2573654434724,0.0,N
1307520,1401507520,758004800,2025-09-04,Medjez El Bab,428.99805236961697,0.0,N
1677612,1414121128,758004802,2025-09-11,Mahdia,135.49231768015582,0.0,T
1353530,1401360994,758004805,2025-09-11,Béja,169.47692212569945,0.0,N
1793674,1414147476,758004807,2025-09-09,Grombalia,127.54011191146012,0.0,N
1773334,1414113010,758004809,2025-09-07,Gabès 1,572.6753640213931,0.0,T
1533554,1414133278,758004810,2025-08-31,Bizerte,218.2455869168702,0.0,N
1613994,1401926194,758004814,2025-08-13,Ennasr,241.13519028039696,0.0,N
1546920,1401707416,758004816,2025-09-15,Sousse 3,37.18551952267598,0.0,N
1353192,1401553192,758004817,2025-09-16,Bizerte,25.040962067579684,0.0,N
1207972,1401093934,758004820,2025-09-15,El Menzah,64.2718026401212,0.0,N
1073348,1400920678,758004830,2025-09-15,Djerba 2,48.74826104430087,0.0,N
1335316,1401929272,758004831,2025-09-08,Zarzis 1,1082.6045692027083,0.0,N
1533354,1401533736,758004851,2025-09-15,Gabès 1,98.77268371100875,0.0,N
1151170,1400989472,758004853,2025-09-16,Raoued,111.2931647447986,0.0,N
1339550,1401339552,758004858,2025-09-15,Sousse 3,36.17027854205954,0.0,N
1333352,1401329138,758004862,2025-09-13,Ain Zaghouan,111.54048288867592,0.0,N
771408,1401680954,758004863,2025-09-14,Bizerte,583.7740748755681,0.0,N
1807136,1414193556,758004864,2025-09-16,Gabès 1,41.734936779299474,0.0,N
1701372,1401993132,758004866,2025-09-15,Ghardimaou,90.75926670170341,0.0,N
1574866,1400174866,758004867,2025-09-14,Bizerte,55.6465823723993,0.0,N
955332,1414132136,758004871,2025-09-16,Bizerte,56.52301604476459,0.0,N
1515294,1401753728,758004878,2025-09-15,Chebba,81.73957399449718,0.0,N
1215410,1401091934,758004882,2025-09-13,Bizerte,654.8016817633784,0.0,N
1357334,1401557334,758004883,2025-09-15,Djerba 1,576.8695705938727,0.0,T
1787340,1414147926,758004884,2025-09-15,Ennasr,111.2931647447986,0.0,N
1561072,1401339136,758004888,2025-09-16,Sousse 3,30.13262435465422,0.0,N
1138812,1401750896,758004890,2025-09-15,Gabès 2,192.3114972022135,0.0,N
1357554,1414137314,758004891,2025-09-16,Djerba 1,66.83587349676941,0.0,N
1401540,1401535580,758004893,2025-09-16,Bizerte,25.59711874362383,0.0,N
1554080,1414094934,758004895,2025-09-13,Sousse 2,376.8510217330819,0.0,T
1771520,1414118940,758004896,2025-09-13,Lac II,3474.201626116796,0.0,N
1734080,1401873314,758004899,2025-09-16,Beni Khalled,80.79852845704393,0.0,N
1733408,1414151592,758004901,2025-08-05,Ariana,2024.3608371719172,0.0,N
1715608,1401989152,758004906,2025-08-31,Ain Zaghouan,360.0859430549974,0.0,N
994932,1401791378,758004910,2025-09-16,Ghardimaou,13.911645593099825,0.0,N
1201736,1401095330,758004911,2025-09-16,Bizerte,111.2931647447986,0.0,N
1773550,1414135078,758004916,2025-08-26,Gabès 2,1163.9240115002938,0.0,N
1014616,1414114152,758004917,2025-08-18,Kairouan 2,1515.3507280427862,0.0,N
1306808,1401506808,758004924,2025-08-29,El Menzah,1273.6887501159304,0.0,N
1500812,1401755310,758004927,2025-08-29,El Jem,58.738059170865924,0.0,N
1719892,1414141348,758004930,2025-09-15,Jemmal,111.2931647447986,0.0,N
1180966,1414161268,758004931,2025-09-14,Boussalem,96.01817788357499,0.0,N
1557366,1401735128,758004932,2025-08-17,Kairouan 2,344.71821188981977,0.0,N
1509418,1401758958,758004935,2025-08-17,La Goulette,280.0881070887563,0.0,N
1753354,1401935914,758004938,2025-09-16,Menzel Bourguiba,170.03122391566453,0.0,N
1561554,1400161554,758004944,2025-09-16,Djerba 2,72.39929514328995,0.0,N
1555290,1414154134,758004948,2025-09-17,Béja II,111.2931647447986,0.0,N
1013954,1401991336,758004952,2025-09-17,Ain Zaghouan,58.428911491019264,0.0,N
873792,1401279136,758004953,2025-09-16,Chebba,63.278201997094015,0.0,N
1753594,1414081932,758004956,2025-09-16,Ariana,68.43571273997588,0.0,N
1733800,1414153354,758004957,2025-09-16,Ghardimaou,111.2931647447986,0.0,N
1277352,1401341466,758004958,2025-09-15,Lac II,58.738059170865924,0.0,N
1757374,1414091314,758004962,2025-09-01,Grombalia,111.2931647447986,0.0,N
1729320,1401895978,758004965,2025-09-16,Grombalia,139.11645593099826,0.0,N
1131392,1414015140,758004970,2025-09-18,Hammamet 2,139.11645593099826,0.0,N
1156710,1401501540,758004983,2025-08-15,Kairouan 2,262.77552786966334,0.0,N
1096906,1401993530,758004984,2025-09-18,Sfax 4,51.473088694469354,0.0,N
1517374,1400117374,758004986,2025-09-18,Lac II,123.65907193866511,0.0,N
1086128,1400875754,758004987,2025-08-16,Gabès 4,138.4981605713049,0.0,N
1537380,1414157956,758004994,2025-09-16,Djerba 2,359.0357683865583,0.0,N
1355534,1401372770,758005000,2025-08-29,Djerba 2,216.40337589266395,0.0,N
888158,1401209094,758005001,2025-09-14,Sfax 4,60.28379757009924,0.0,T
1350774,1401537948,758005005,2025-09-18,Sousse 3,64.29869848826785,0.0,N
1577938,1401759560,758005011,2025-09-19,Bizerte,96.25467585865769,0.0,N
932180,1400875532,758005015,2025-09-19,El Jem,74.20440844591462,0.0,N
1333552,1401533552,758005023,2025-09-19,Bizerte,61.211240609639226,0.0,N
1577496,1400715352,758005025,2025-08-12,Bizerte,247.27208087303308,0.0,N
1771956,1414120152,758005026,2025-08-30,La Marsa,105.30497418616874,0.0,N
1806154,1414191946,758005027,2025-09-16,Nabeul 2,170.03122391566453,0.0,N
1669472,1401933298,758005028,2025-09-18,Medjez El Bab,0.0,89.03453179583887,N
1756012,1401861146,758005029,2025-08-14,Bizerte,502.040374686988,0.0,N
1777172,1414129734,758005031,2025-08-11,Enfidha,431.2022753269237,0.0,N
1561072,1401339136,758005034,2025-09-19,Sousse 3,64.4885151636937,0.0,N
1179708,1414139134,758005035,2025-08-29,Sfax 2,239.84789934151544,0.0,N
1750132,1401931512,758005036,2025-09-17,Bizerte,153.6463968837914,0.0,N
1095392,1414127408,758005038,2025-09-17,Raoued,111.2931647447986,0.0,N
1359108,1401559108,758005040,2025-09-17,Bizerte,16.69397471171979,0.0,N
1727076,1401881526,758005041,2025-08-11,Djerba 1,265.790336043528,0.0,N
958918,1401974956,758005044,2025-09-18,Menzel Bourguiba,80.82697004358982,0.0,N
1289470,1401489470,758005047,2025-08-15,Djerba 2,422.6988592450614,0.0,N
1777552,1414131548,758005049,2025-08-10,L'Aouina,1001.4264073948126,0.0,T
1769578,1414112732,758005055,2025-09-16,Ettadhamen,1248.0489689924877,0.0,N
1134926,1400928908,758005056,2025-08-14,Ain Zaghouan,304.4724394843417,0.0,N
1511548,1401720756,758005060,2025-08-16,La Marsa,253.76449129749284,0.0,N
1618954,1414191550,758005064,2025-09-18,Boussalem,97.67366370915387,0.0,N
1596750,1401015152,758005067,2025-09-16,La Marsa,227.91603549015366,0.0,N
1479148,1401581934,758005069,2025-09-19,Bizerte,55.6465823723993,0.0,N
1539732,1401694114,758005071,2025-09-18,Raoued,36.85442235756021,0.0,N
1373352,1401573352,758005072,2025-08-14,La Marsa,46.37215197699941,0.0,N
1536932,1401812728,758005081,2025-08-14,Sfax 2,647.6646984264383,0.0,N
798090,1401321552,758005082,2025-09-19,Gabès 4,183.51871889201473,0.0,N
1329130,1400995506,758005089,2025-08-13,Ezzahrouni,286.38297214579404,0.0,N
1547156,1400801312,758005091,2025-08-14,Ghardimaou,115.97056914087861,0.0,T
1595494,1401789312,758005092,2025-08-07,Kelibia,605.2446903885987,0.0,T
1601796,1401800710,758005094,2025-08-09,Djerba 1,98.05546109376449,0.0,N
1714946,1414134158,758005101,2025-09-18,Raoued,960.8309889634279,0.0,N
1807136,1414193556,758005103,2025-09-19,Gabès 1,70.9493925248091,0.0,N
1741498,1401955312,758005111,2025-09-19,Djerba 1,28.379757009923644,0.0,N
1569950,1401746000,758005112,2025-09-19,M'saken,35.59309982378583,0.0,N
1261372,1401461372,758005120,2025-08-06,La Marsa,165.59804618666337,0.0,N
957336,1414139520,758005123,2025-09-17,El Menzah,0.0,463.72151976999413,N
1675534,1401937536,758005124,2025-09-19,Kairouan 2,139.11645593099826,0.0,N
1298900,1401573734,758005125,2025-08-06,Sousse 3,35.32074071784091,0.0,T
1816812,1415401334,758005132,2025-09-19,Ain Zaghouan,44.13237703651034,0.0,N
812734,1401734728,758005137,2025-09-16,Grombalia,125.20481033789842,0.0,N
1671474,1401929460,758005138,2025-09-17,Zarzis 1,83.93359507836894,0.0,T
1693794,1401957352,758005146,2025-08-13,Sousse 2,358.4987788666646,0.0,N
1815736,1414179358,758005147,2025-08-06,Ghardimaou,3181.448047732402,349.01845611648685,N
1599414,1414173534,758005153,2025-09-18,Sousse 3,61.72999041642193,0.0,N
1587128,1414114756,758005154,2025-09-19,Gabès 4,1305.734071165796,0.0,N
1379378,1401413398,758005157,2025-09-17,Sousse 1,1158.3114353726776,0.0,N
915734,1414153460,758005158,2025-08-11,Testour,58.738059170865924,0.0,T
1475070,1401552756,758005159,2025-08-06,Zarzis 1,134.62794076730455,0.0,N
1507472,1401755154,758005169,2025-09-05,Boussalem,0.0,463.72151976999413,N
1471154,1414074174,758005171,2025-09-19,Ezzahrouni,110.29399944353418,0.0,N
1535134,1401615214,758005180,2025-09-03,Zarzis 1,688.8706835255202,0.0,N
1141574,1400970172,758005182,2025-09-18,Zarzis 1,52.93381148174483,0.0,N
1737476,1414135018,758005184,2025-08-29,Bab Benat,264.1132098803599,0.0,N
793694,1401577676,758005185,2025-08-26,Lac II,46.80495872878474,0.0,N
1497570,1401617338,758005193,2025-09-20,Lac II,181.54790243299226,0.0,N
1513268,1414013392,758005198,2025-09-08,El Jem,4639.833987695923,0.0,N
1774734,1414133360,758005200,2025-09-18,Ain Zaghouan,67.58277429127895,0.0,N
1515326,1401729860,758005201,2025-09-20,Boussalem,55.53807153677312,0.0,N
1338086,1401538086,758005204,2025-09-11,La Marsa,467.2377654805701,0.0,N
1778126,1414131192,758005208,2025-09-12,Monastir 1,1172.4091878690451,0.0,N
1592700,1400192700,758005209,2025-09-19,Lac II,56.98766500757412,0.0,N
1541394,1400141394,758005212,2025-09-19,Ariana,67.91418060407457,0.0,N
1173666,1401017532,758005226,2025-08-20,Ghardimaou,64.73552415989118,0.0,N
1091192,1401532148,758005228,2025-09-19,Sfax 4,62.61631681454231,0.0,N
1333294,1401721800,758005229,2025-09-06,Djerba 1,279.48155934089715,0.0,N
1392146,1401871754,758005233,2025-09-18,Djerba 1,102.9467956842984,0.0,N
917308,1401955518,758005238,2025-09-19,Testour,379.4540451973908,0.0,N
1769348,1414112972,758005239,2025-09-04,Sfax 1,307.4473676075061,0.0,N
1758072,1401872994,758005240,2025-09-19,Béja,1443.905153491823,0.0,N
735280,1414127554,758005241,2025-09-13,Zarzis 1,370.8603579930133,0.0,N
1115578,1401347752,758005242,2025-09-11,Ain Zaghouan,60.28379757009924,0.0,N
1559134,1401906778,758005245,2025-09-12,Béja II,102.01873434939871,0.0,N
1573720,1414099474,758005246,2025-09-08,Sfax 4,105.21779454045198,0.0,N
1209950,1401371540,758005247,2025-09-04,Ghardimaou,331.57912634865676,0.0,N
1681334,1414195530,758005251,2025-09-19,Sfax 2,44.51726589791944,0.0,N
1295974,1401495974,758005252,2025-09-13,Bizerte,198.6582990694655,0.0,N
1527954,1401535728,758005255,2025-09-20,Bizerte,433.33044795498813,0.0,N
1661734,1401909348,758005257,2025-09-20,Bizerte,123.65907193866511,0.0,N
1349470,1414154172,758005260,2025-09-20,Ennasr,12.61786255294154,0.0,N
613592,1401559388,758005263,2025-09-19,Zarzis 1,49.4633196277862,0.0,N
1295906,1401495906,758005273,2025-09-15,Djerba 2,107.12307169134696,0.0,N
1514926,1401751592,758005276,2025-09-18,Djerba 2,55.6465823723993,0.0,N
1749928,1414077552,758005278,2025-09-16,Bardo,139.11645593099826,0.0,N
953074,1400919540,758005279,2025-09-20,Jendouba,161.7457569480941,0.0,N
1801932,1414175338,758005282,2025-09-20,Chebba,1524.7886975608249,0.0,N
1394612,1401749560,758005285,2025-09-20,El Jem,61.829535969332554,0.0,N
1738094,1414136126,758005294,2025-09-20,Soliman,248.12501932173,0.0,N
1759660,1414095746,758005301,2025-09-20,Djerba 1,80.36201193310045,0.0,N
1809572,1414193292,758005304,2025-09-20,Kairouan 1,111.2931647447986,0.0,N
1519118,1401207138,758005310,2025-09-20,Lac II,63.60960830988964,0.0,N
1736946,1414133716,758005312,2025-09-20,Grombalia,111.2931647447986,0.0,N
1767512,1414109378,758005316,2025-09-01,Sfax 4,114.38464154326522,0.0,T
893334,1400747728,758005317,2025-09-20,Bizerte,618.9983615172969,0.0,N
1554720,1401699126,758005321,2025-09-16,Grombalia,111.2931647447986,0.0,N
1753952,1414093338,758005324,2025-09-20,Kairouan 2,35.361548211580676,0.0,N
1139274,1400951706,758005325,2025-09-06,Béja II,153.780257829165,0.0,N
1529200,1400874112,758005327,2025-09-18,Gabès 3,3342.9406127307016,0.0,N
1595396,1401789132,758005337,2025-09-21,Ain Zaghouan,76.51405076204904,0.0,N
1575532,1400786192,758005339,2025-09-19,Lac II,74.86691192382601,0.0,N
1535314,1414116672,758005348,2025-09-19,El Jem,0.0,463.72151976999413,N
1260680,1401097138,758005350,2025-09-20,Béja,61.829535969332554,0.0,N
1337952,1414061154,758005351,2025-08-20,Jendouba,179.30565431106442,0.0,N
1527332,1400127332,758005353,2025-09-07,Ezzahrouni,1530.2967817726528,0.0,N
1749360,1401895334,758005359,2025-09-20,Chebba,4070.172195257675,0.0,N
1769938,1414160134,758005360,2025-09-13,La Marsa,149.0790490617368,0.0,T
1609914,1401815466,758005361,2025-09-07,Béja,218.2044702754506,0.0,N
1766136,1414109530,758005363,2025-09-20,Sousse 1,332.3337558351625,0.0,N
1786952,1414149292,758005364,2025-09-20,Sfax 2,0.0,485.03848888614095,N
1292818,1414131546,758005365,2025-09-21,Bizerte,431.038427056605,0.0,N
1812000,1414179194,758005377,2025-08-26,El Jem,670.0466812996569,0.0,N
930678,1401381506,758005382,2025-09-21,Lac II,55.29322657433456,0.0,N
1532966,1414195210,758005384,2025-09-21,Hammamet 2,111.2931647447986,0.0,N
1760152,1414097356,758005386,2025-09-19,Gabès 2,278.2329118619965,0.0,N
1069212,1414071156,758005388,2025-09-18,Gabès 4,373.19998763409285,0.0,T
1675786,1401938152,758005393,2025-09-20,Ennasr,44.51726589791944,0.0,N
1593800,1400193800,758005401,2025-08-26,Ezzahrouni,52.55510557393267,0.0,N
1295388,1401741586,758005406,2025-09-07,Kairouan 2,875.0480724642163,0.0,N
1575992,1414187154,758005416,2025-09-21,Ennasr,5315.803629393762,0.0,T
794920,1401873352,758005419,2025-09-21,Ain Zaghouan,93.60991745756948,0.0,N
1351332,1401551332,758005437,2025-09-22,Djerba 1,68.35780752465453,0.0,N
1595540,1401372114,758005441,2025-09-01,Bizerte,55.6465823723993,0.0,N
1480736,1401593114,758005444,2025-09-19,Raoued,1883.677929947136,0.0,N
1211596,1401975492,758005447,2025-09-22,Djerba 1,168.2143630012057,0.0,N
1581812,1414161552,758005452,2025-09-22,Djerba 1,95.72572417844005,0.0,N
1311474,1401815732,758005453,2025-09-22,Gabès 2,66.77589884687916,0.0,N
1592932,1400192932,758005455,2025-09-19,Gabès 4,60.28379757009924,0.0,N
1415528,1401473278,758005457,2025-09-21,Djerba 2,139.11645593099826,0.0,N
1732138,1414132608,758005462,2025-09-22,Bizerte,228.45704392988532,0.0,N
953536,1414155596,758005464,2025-09-20,Sfax 4,278.2329118619965,0.0,N
1375514,1401975576,758005466,2025-09-21,Zarzis 1,31.996784864129598,0.0,N
1741672,1414074774,758005474,2025-09-21,El Jem,111.2931647447986,0.0,N
1573692,1401777528,758005475,2025-08-17,Gabès 4,290.46063004297156,0.0,N
1669360,1401933152,758005487,2025-09-20,Soukra,158.28052060469287,0.0,N
1551578,1401588612,758005488,2025-09-20,Mahdia,89.39623458125948,0.0,N
1334726,1414191556,758005494,2025-09-22,Ghardimaou,136.3341268123783,0.0,N
1195910,1401395140,758005495,2025-09-03,Djerba 2,92.0703620119331,0.0,N
1275948,1401475948,758005496,2025-09-21,Sousse 3,494.1438155006647,0.0,N
1169814,1401932130,758005500,2025-09-14,Sousse 2,1441.518533403407,0.0,T
1756192,1401861386,758005506,2025-09-22,Gabès 3,127.48353788604817,0.0,N
1813772,1414194870,758005507,2025-09-09,Zarzis 1,194.58836986428418,0.0,T
1546116,1401941368,758005508,2025-09-21,Beni Khalled,93.90329860574397,0.0,N
1695532,1414069154,758005516,2025-09-21,Gabès 2,166.9397471171979,0.0,N
1337550,1401127350,758005519,2025-09-21,Lac II,55.6465823723993,0.0,N
1295358,1401495358,758005520,2025-09-09,Gabès 4,200.9459919003308,0.0,N
1792614,1414199466,758005523,2025-09-20,Enfidha,3879.8033820756177,0.0,N
1618874,1401950616,758005527,2025-09-21,Chebba,84.46872971218352,0.0,N
1268172,1414130936,758005528,2025-09-22,Ghardimaou,223.7304850527097,0.0,N
1513332,1400113332,758005532,2025-09-16,Bizerte,261.5389371502767,0.0,N
1135392,1401787986,758005533,2025-09-21,Sfax 5,94.59919003307881,0.0,N
1541392,1401949756,758005536,2025-09-23,Gabès 4,107.64522212260798,0.0,N
955512,1401373154,758005541,2025-09-20,Medjez El Bab,89.17643058088849,0.0,N
1739974,1414139746,758005545,2025-09-08,Mahdia,82.43113735431416,0.0,N
1520196,1400120196,758005547,2025-09-23,Béja,61.829535969332554,0.0,N
1690090,1401973474,758005550,2025-09-23,Ghardimaou,64.27149349244134,0.0,N
1121512,1401715290,758005551,2025-09-21,Soukra,77.28691996166569,0.0,N
1390754,1414159272,758005553,2025-08-30,El Menzah,516.5084861038118,0.0,N
875912,1401132692,758005558,2025-09-22,Ariana,46.88904689770303,0.0,N
1555520,1401497532,758005563,2025-09-22,El Jem,194.76303830339754,0.0,N
1707128,1401995740,758005564,2025-09-12,Sousse 1,218.5550437443967,0.0,N
1738746,1401915794,758005565,2025-09-08,Gabès 3,518.8382230191363,0.0,N
791414,1401073366,758005570,2025-09-21,Testour,137.76362568398926,0.0,N
1671708,1401929986,758005571,2025-09-18,Gabès 1,482.0845828052061,0.0,N
871546,1400615474,758005573,2025-09-22,Mutuelleville,68.35749837697469,0.0,N
1550188,1400150188,758005576,2025-09-17,Bizerte,108.20168794633197,0.0,N
1334174,1401315386,758005581,2025-09-19,Menzel Bourguiba,97.38182829937863,0.0,N
1173412,1401995098,758005590,2025-09-23,Gabès 2,62.58354716047857,0.0,N
957550,1401950934,758005591,2025-09-22,Sousse 3,77.51599839243207,0.0,N
1158158,1414148090,758005592,2025-09-21,Zarzis 1,89.03453179583887,0.0,N
1340872,1400977290,758005599,2025-09-22,Bizerte,351.6245710575942,0.0,N
1475574,1401551472,758005604,2025-09-22,Chebba,47.11843447614926,0.0,N
947334,1401547534,758005605,2025-09-23,Sousse 1,111.2931647447986,0.0,N
1134170,1414136112,758005606,2025-09-22,Chebba,63.60960830988964,0.0,N
1133392,1401373090,758005608,2025-09-18,Boussalem,485.44409064209975,0.0,T
974132,1414111510,758005610,2025-09-22,Testour,1148.3825393390423,0.0,N
1071416,1414129790,758005613,2025-09-22,Hammamet 1,110.29461773889388,0.0,N
1472674,1401555972,758005616,2025-09-21,Djerba 1,64.12619408291341,0.0,N
1781552,1414137936,758005617,2025-09-23,Chebba,278.2329118619965,0.0,N
1798756,1414169754,758005626,2025-09-20,El Kram,111.2931647447986,0.0,N
1327932,1401527932,758005631,2025-09-23,Bizerte,23.46183571892293,0.0,N
1260152,1401352894,758005639,2025-09-23,Bizerte,515.8435094444617,0.0,N
1692956,1401969138,758005641,2025-09-12,Kairouan 2,1040.2120753083748,0.0,N
1555312,1401993398,758005643,2025-09-19,Béja,111.2931647447986,0.0,N
873540,1401189168,758005644,2025-09-23,Sfax 5,111.2931647447986,0.0,N
926170,1401749468,758005653,2025-09-19,Gabès 4,55.6465823723993,0.0,N
1098126,1401353268,758005655,2025-09-18,Menzel Bourguiba,55.6465823723993,0.0,N
1375396,1401887012,758005661,2025-09-22,Zarzis 1,92.74430395399882,0.0,N
1509668,1414187956,758005664,2025-09-22,Sfax 1,191.08201687946334,0.0,N
1789560,1414153310,758005670,2025-09-22,Gabès 3,110.36572170525861,0.0,N
1477500,1401577006,758005672,2025-09-22,Gabès 1,64.38000432806753,0.0,N
1378194,1401414670,758005677,2025-09-23,La Marsa,139.2710297709216,0.0,N
1067952,1401721506,758005682,2025-09-23,Sfax 5,111.2931647447986,0.0,N
1737754,1414135500,758005685,2025-09-22,Grombalia,103.56447274863203,0.0,N
1275154,1414073498,758005689,2025-09-21,Lac II,900.2380437134819,0.0,N
1732954,1401892672,758005692,2025-09-22,Zarzis 1,0.0,463.72151976999413,N
1175552,1401013332,758005694,2025-09-26,Jendouba,83.46987355859895,0.0,N
932608,1401877814,758005697,2025-09-26,Béja,100.10820168794633,0.0,N
1351356,1401359132,758005698,2025-09-24,Ezzahrouni,502.08891087272394,0.0,N
1354816,1401554816,758005710,2025-09-23,Bizerte,145.2066652239775,0.0,N
1077392,1414158752,758005711,2025-09-24,Kairouan 2,515.3028101524098,0.0,N
1789590,1414153374,758005713,2025-09-23,Ghardimaou,69.23856926453767,0.0,N
1337586,1401537586,758005719,2025-09-26,Mahdia,139.11645593099826,0.0,N
1750940,1414196938,758005720,2025-09-24,Hammamet 1,4329.613256252512,0.0,N
1732938,1414151574,758005721,2025-09-23,La Goulette,0.0,463.72151976999413,N
1113330,1400907568,758005722,2025-09-25,Kairouan 2,55.6465823723993,0.0,N
866128,1401396812,758005725,2025-09-25,Zarzis 1,256.12854360528024,0.0,N
1773514,1414135352,758005728,2025-09-26,Chebba,111.2931647447986,0.0,N
1337332,1414093332,758005731,2025-09-25,Zarzis 1,41.734936779299474,0.0,N
1767210,1415415346,758005734,2025-09-26,Zarzis 1,111.2931647447986,0.0,N
1354980,1401866792,758005739,2025-09-25,Sousse 3,56.00612112406097,0.0,N
954728,1401735552,758005741,2025-09-24,Sousse 2,207.03960181778837,0.0,N
1592786,1401793132,758005752,2025-09-25,Les Berges du Lac,111.2931647447986,0.0,N
1741536,1401953352,758005754,2025-09-24,Zarzis 1,97.38151915169877,0.0,N
1740966,1401955572,758005760,2025-09-24,Kelibia,128.79865211611587,0.0,N
1671932,1401931594,758005761,2025-09-25,Ariana,78.5655547655115,0.0,N
1559366,1400159366,758005764,2025-09-23,La Goulette,70.0979998145114,0.0,N
1595154,1400195154,758005770,2025-09-25,Bizerte,100.16384827031874,0.0,N
1595326,1401788938,758005774,2025-09-26,Kelibia,309.14767984666275,0.0,N
1089954,1401720912,758005775,2025-09-20,Gabès 4,102.34828577611526,0.0,N
1309400,1414187334,758005776,2025-09-24,Sahloul,84.52252140847683,0.0,N
1699936,1401995268,758005778,2025-09-25,Bizerte,96.25467585865769,0.0,N
1012120,1414172008,758005779,2025-09-26,Teboulba,33.212662688966525,0.0,N
1330868,1401530868,758005781,2025-09-23,Mahdia,1256.695829597799,0.0,N
950132,1401931494,758005792,2025-09-25,Sousse 2,111.2931647447986,0.0,N
1387538,1401511012,758005794,2025-09-21,Testour,86.56135035706558,0.0,N
1335556,1401535556,758005798,2025-09-24,La Goulette,216.40337589266395,0.0,N
1733512,1414149172,758005801,2025-09-14,Sousse 3,430.50792963798807,0.0,N
909876,1414094892,758005804,2025-09-14,Gabès 3,61.829535969332554,0.0,N
1739510,1401913314,758005805,2025-09-25,Enfidha,83.46987355859895,0.0,N
1335206,1401330772,758005811,2025-09-24,La Goulette,859.9916530126442,0.0,N
1778872,1414132672,758005815,2025-09-26,Gabès 2,84.13794169474758,0.0,N
1807136,1414193556,758005820,2025-09-22,Gabès 1,256.1294710483198,0.0,N
1528930,1401533534,758005821,2025-09-23,Ariana,381.6462113951835,0.0,T
1513196,1401748706,758005823,2025-09-24,Sousse 3,100.32244103008007,0.0,N
1295752,1401495752,758005827,2025-09-03,Sousse 3,139.11645593099826,0.0,N
1517212,1414094136,758005831,2025-09-12,Ariana,284.4158654589298,0.0,T
1013734,1400774908,758005838,2025-09-26,Soukra,51.42300677033419,0.0,N
1314094,1401514094,758005839,2025-09-01,El Menzah,170.34068074319103,0.0,N
1814792,1414196686,758005841,2025-09-26,Gabès 2,137.72529137168826,0.0,N
1479868,1414115996,758005844,2025-08-24,Jendouba,2294.9086468606056,411.08634494698117,N
1715070,1414191338,758005845,2025-09-25,Gabès 2,111.2931647447986,0.0,N
1326132,1401372668,758005847,2025-09-14,Lac II,49.203944724394844,0.0,N
1148706,1400995888,758005848,2025-09-13,La Marsa,139.11645593099826,0.0,N
1135940,1400940870,758005851,2025-09-11,Ezzahrouni,361.9219711256067,0.0,N
1377390,1401137548,758005852,2025-09-25,Djerba 1,74.20440844591462,0.0,N
1769578,1414112732,758005853,2025-09-13,Ettadhamen,108.20168794633197,0.0,N
1174100,1401011470,758005859,2025-09-25,Zarzis 1,400.2952360342536,0.0,N
1679878,1401953954,758005860,2025-09-25,Zarzis 1,39.9542461433827,0.0,N
1807472,1414192948,758005861,2025-09-19,Bizerte,1362.3955853711318,0.0,N
1333694,1401533694,758005863,2025-09-26,Medjez El Bab,63.1449593470801,0.0,N
1379934,1401579934,758005869,2025-08-29,Ariana,820.4470275450583,0.0,N
1735116,1401955794,758005870,2025-09-08,Zarzis 1,58.738059170865924,0.0,N
1118748,1401321072,758005872,2025-09-25,Gabès 3,111.2931647447986,0.0,N
1273796,1401217488,758005874,2025-09-24,Lac II,1304.5200482270382,0.0,N
975466,1401817070,758005882,2025-09-26,Chebba,84.46872971218352,0.0,N
1599934,1401797352,758005883,2025-09-13,Sfax 4,38.643459980832844,0.0,N
1333758,1401750132,758005885,2025-09-09,Zarzis 1,3738.357498376975,280.5623396296411,N
1075286,1400937068,758005893,2025-09-26,El Jem,99.69889015982936,0.0,N
921894,1401353114,758005894,2025-09-27,Ghardimaou,111.2931647447986,0.0,N
1787532,1414147528,758005900,2025-09-10,Enfidha,666.8986304757783,0.0,N
1670754,1401927760,758005911,2025-09-25,Beni Khalled,93.90329860574397,0.0,N
1195368,1401129512,758005912,2025-09-24,Ain Zaghouan,51.02791603549016,0.0,N
1290750,1401328734,758005913,2025-09-20,Mahdia,68.01248956626581,0.0,N
1293472,1401871130,758005917,2025-09-26,Medjez El Bab,111.2931647447986,0.0,N
1013194,1400775490,758005920,2025-09-25,Gabès 4,64.27211178780104,0.0,N
1610112,1415415556,758005922,2025-09-27,Monastir 1,379.0969796271679,0.0,T
1575550,1401753540,758005926,2025-09-26,El Menzah,92.74430395399882,0.0,N
1411546,1401815272,758005927,2025-09-26,Enfidha,256.30135715831454,0.0,N
1092872,1400893414,758005934,2025-09-27,Sousse 3,90.42044084459147,0.0,N
1493260,1414093800,758005937,2025-09-22,Medjez El Bab,139.11645593099826,0.0,N
1386732,1401389796,758005947,2025-09-27,Sousse 2,83.46987355859895,0.0,N
1295726,1401957072,758005962,2025-09-23,Bizerte,596.5576405849074,0.0,N
1595528,1401787332,758005964,2025-08-12,Sfax 1,322.1059139951155,0.0,N
1739474,1414137270,758005965,2025-09-27,Lac II,136.18295359693326,0.0,N
1316130,1414173334,758005967,2025-09-25,Chebba,427.04640306674503,0.0,N
1740126,1414139952,758005969,2025-09-07,Menzel Bourguiba,77.28691996166569,0.0,N
1393954,1414155134,758005971,2025-09-27,El Jem,66.38637277027236,0.0,N
1813550,1414195478,758005972,2025-09-08,Sousse 3,428.16953658762793,0.0,N
1315152,1401515152,758005973,2025-09-27,La Marsa,362.32108078028875,0.0,N
1709298,1401999498,758005975,2025-09-10,Raoued,60.28379757009924,0.0,N
1309948,1401293194,758005977,2025-09-22,Jendouba,1046.5159056481282,0.0,N
1753546,1414069660,758005980,2025-09-10,Ghardimaou,98.92725755093208,0.0,N
1777734,1414131550,758005981,2025-08-26,Sousse 3,242.55077750641482,0.0,N
1219548,1401419548,758005982,2025-08-25,Bizerte,1358.2143630012058,0.0,N
948092,1400693892,758005985,2025-09-22,Zarzis 1,0.0,1545.7383992333139,N
1193488,1401073936,758005986,2025-08-25,Djerba 2,385.15905648128114,0.0,N
1757612,1414155174,758005992,2025-09-20,Gabès 4,72.54954091569543,0.0,N
1717368,1414015574,758005993,2025-09-22,Lac II,554.3503261508023,0.0,N
1019534,1401889958,758005994,2025-09-21,M'saken,632.8957863171237,0.0,T
1586932,1401774812,758006000,2025-09-27,Bizerte,24.832287383683187,0.0,N
1734692,1414129552,758006002,2025-08-26,Jendouba,587.1502766871735,0.0,N
1495814,1401591340,758006003,2025-09-26,M'saken,85.62586947784958,0.0,N
1333298,1401001508,758006005,2025-09-08,Gabès 4,123.65907193866511,0.0,T
1560092,1400160092,758006010,2025-09-23,Djerba 2,514.8483630630352,0.0,N
1813606,1414194154,758006012,2025-09-26,Soliman,71.88703743778403,0.0,N
771714,1401295336,758006014,2025-09-26,El Jem,75.86051256685319,0.0,N
1409610,1414153590,758006017,2025-09-25,Gabès 2,1959.9128203542834,0.0,N
1817328,1414199948,758006018,2025-09-26,Ain Zaghouan,55.6465823723993,0.0,N
1540954,1401474968,758006021,2025-09-27,Ain Zaghouan,37.56144310136953,0.0,N
1567572,1401741480,758006022,2025-09-28,Mutuelleville,494.16947475809195,0.0,N
1377466,1401577466,758006031,2025-09-27,Bizerte,111.2931647447986,0.0,N
1541392,1401949756,758006034,2025-09-22,Gabès 4,353.9957337620181,0.0,N
741514,1401377316,758006035,2025-09-27,Chebba,84.46872971218352,0.0,N
1317474,1401297548,758006041,2025-09-28,Bizerte,83.54066837728384,0.0,N
1267360,1401467360,758006042,2025-09-27,Bizerte,37.09772158159953,0.0,N
1553394,1401717334,758006049,2025-09-27,Sousse 2,52.855597118743624,0.0,N
1700918,1401993496,758006050,2025-09-09,Enfidha,391.35066621325007,0.0,T
1489414,1401673300,758006053,2025-09-27,Nabeul 1,3941.63291804495,0.0,N
1753894,1414092676,758006055,2025-09-24,Zarzis 1,532.1352830247009,0.0,N
1719348,1414017554,758006058,2025-09-02,Boussalem,61.829535969332554,0.0,N
1327810,1401572660,758006059,2025-09-27,Ariana,68.75104337341949,0.0,N
1793598,1414194734,758006061,2025-09-26,Gabès 2,84.13794169474758,0.0,N
1733172,1401893090,758006062,2025-09-05,La Marsa,92.70720623241724,0.0,N
1335552,1401952892,758006065,2025-09-25,La Goulette,58.738059170865924,0.0,N
941946,1400687400,758006068,2025-09-05,El Menzah,110.39663647324328,0.0,N
1096612,1401299470,758006070,2025-09-28,Lac II,89.2181655176678,0.0,N
1293334,1414153368,758006071,2025-09-23,Ain Zaghouan,659.484032522336,0.0,N
1498686,1414071272,758006075,2025-09-02,Gabès 3,3407.792685565895,0.0,N
1115466,1401787958,758006078,2025-09-05,Béja II,186.4840634371039,0.0,N
1514866,1401747306,758006080,2025-09-02,La Marsa,4412.591585000155,0.0,N
998000,1400753808,758006082,2025-09-26,Raoued,69.76659350171578,0.0,N
1313496,1401273398,758006083,2025-08-21,Ghardimaou,36.91223297369154,0.0,N
1271266,1401669660,758006085,2025-09-21,Gabès 4,83.44081367669337,0.0,N
670708,1401299532,758006090,2025-09-28,Bizerte,278.2329118619965,0.0,N
1271266,1401471266,758006091,2025-09-25,Gabès 4,111.26441401057286,0.0,N
1750176,1414146074,758006093,2025-09-04,Grombalia,165.54858255788793,0.0,N
1393956,1401774812,758006096,2025-09-27,Bizerte,83.46987355859895,0.0,N
1175214,1401154076,758006097,2025-09-06,Zarzis 1,86.56135035706558,0.0,T
1721816,1401872120,758006098,2025-09-27,Sousse 2,170.03122391566453,0.0,N
1574112,1401732960,758006101,2025-09-22,Jendouba,60.28379757009924,0.0,N
1272060,1401351992,758006102,2025-09-27,Ghardimaou,241.13519028039696,0.0,N
1767172,1414111546,758006103,2025-09-24,Ezzahrouni,6508.783503879804,216.40337589266395,N
1767172,1414111546,758006103,2025-09-24,Ezzahrouni,3925.304974186169,0.0,N
1693592,1401993520,758006104,2025-09-18,Chebba,100.55893900516277,0.0,N
1354150,1401554150,758006105,2025-09-27,La Marsa,128.20632516152966,0.0,N
1317574,1401517574,758006106,2025-09-04,Lac II,110.39694562092312,0.0,N
1334694,1401534694,758006115,2025-09-26,La Marsa,44.51726589791944,0.0,N
1157114,1401598694,758006117,2025-09-25,Lac II,80.68754443997898,0.0,N
1327970,1401527970,758006122,2025-09-27,Bizerte,22.25863294895972,0.0,N
1549336,1401714778,758006125,2025-09-28,Soukra,141.3296441710205,0.0,N
1215952,1401415952,758006129,2025-09-27,La Marsa,92.74430395399882,0.0,N
1480732,1401592990,758006134,2025-09-28,Gabès 1,1727.5762821900023,0.0,N
1215374,1401795534,758006135,2025-09-20,Ariana,111.2931647447986,0.0,N
1527130,1401672130,758006145,2025-08-30,Testour,334.7494358054843,0.0,N
1533938,1401669614,758006148,2025-09-23,El Menzah,458.9714656691502,0.0,N
1273952,1401217398,758006149,2025-09-23,Menzel Bourguiba,64.27211178780104,0.0,N
893576,1401573928,758006157,2025-09-07,Jendouba,967.3697715398647,0.0,N
1768754,1414113466,758006163,2025-08-21,Bizerte,419.71620242990076,0.0,T
1553714,1401495146,758006167,2025-09-21,Sfax 2,170.03122391566453,0.0,N
1550796,1401712950,758006173,2025-09-26,Ain Zaghouan,39.731659813893096,0.0,N
1361534,1414191594,758006180,2025-09-27,Grombalia,0.0,111.2931647447986,N
1614736,1401955596,758006181,2025-09-27,Grombalia,8346.987355859896,0.0,N
1381114,1401581114,758006187,2025-09-27,Zarzis 1,54.100843973165986,0.0,N
1801272,1414175532,758006188,2025-09-27,Zarzis 1,213.23523046959534,0.0,N
666196,1401938128,758006198,2025-09-27,El Menzah,86.45531270287817,0.0,N
1753948,1414093352,758006200,2025-09-16,Monastir 1,57.73332921136427,0.0,N
1661580,1401909354,758006206,2025-09-15,Lac II,217.70117785266024,0.0,T
1189570,1401139316,758006207,2025-09-27,Boussalem,204.336723652889,0.0,T
1337568,1401537568,758006209,2025-09-28,Gabès 4,77.51538009707238,0.0,N
1329546,1400728600,758006210,2025-09-28,Lac II,45.908739604909265,0.0,N
1335366,1414175612,758006214,2025-09-26,Ghardimaou,20.171886109994745,0.0,N
1729746,1401886156,758006215,2025-09-28,El Jem,109.30070794818685,0.0,N
1357778,1401557778,758006216,2025-09-27,Bizerte,681.4270256901723,0.0,N
1287208,1401487208,758006220,2025-09-15,Bizerte,115.31208458280521,0.0,T
1575392,1414151738,758006223,2025-09-15,Chebba,1447.028163353634,0.0,N
1328774,1401528774,758006235,2025-09-29,Ain Zaghouan,72.54923176801559,0.0,N
1812908,1414180734,758006240,2025-09-19,Bardo,87.4816829999691,0.0,N
1375294,1400791700,758006241,2025-09-29,Béja,80.82666089590998,0.0,N
1709954,1414001132,758006247,2025-09-26,Bizerte,62.54057563297988,0.0,N
897566,1401127492,758006252,2025-08-16,Béja II,1142.3921847466536,0.0,N
1414694,1414190194,758006254,2025-09-20,Testour,1389.2478436949332,0.0,N
1017318,1414135872,758006265,2025-09-27,Bizerte,111.2931647447986,0.0,N
1579168,1401761774,758006271,2025-09-15,M'saken,196.92707206232419,0.0,N
1753506,1414092152,758006278,2025-09-28,Lafayette,22.071907750332336,0.0,N
1617738,1401949268,758006280,2025-09-26,Lac II,98.04371348193033,0.0,N
1275336,1401475336,758006286,2025-09-24,Ain Zaghouan,108.06380808112036,0.0,N
1749126,1414076194,758006299,2025-09-16,Sousse 1,52.55510557393267,0.0,N
1359956,1414139316,758006300,2025-09-13,Djerba 1,59.66550221040591,0.0,N
1676890,1414011374,758006302,2025-09-28,Gabès 1,138.69014128048968,0.0,N
1519558,1401801934,758006308,2025-09-29,Gabès 1,139.11645593099826,0.0,N
915750,1400720876,758006312,2025-09-29,La Marsa,45.90843045722942,0.0,N
1530900,1401995486,758006314,2025-09-25,Djerba 1,138.8141095001082,0.0,N
1559772,1401935214,758006316,2025-09-28,Zarzis 1,485.36185735926057,0.0,N
1734080,1414129520,758006319,2025-09-29,Zarzis 1,556.465823723993,0.0,N
1769570,1414112672,758006322,2025-08-15,Gabès 1,141.68238167372556,0.0,N
1353274,1401615270,758006323,2025-09-29,Gabès 2,139.11645593099826,0.0,N
1311358,1401291320,758006328,2025-09-29,Zarzis 1,25.040962067579684,0.0,N
1599588,1401796734,758006333,2025-09-29,El Menzah,60.079760101400446,0.0,N
1500116,1400100116,758006337,2025-09-29,Ezzahrouni,16.85596809595944,0.0,N
1479720,1401595130,758006338,2025-09-29,Bizerte,426.44356509104404,0.0,N
1298754,1401751212,758006339,2025-09-28,Ezzahrouni,139.11645593099826,0.0,T
1594198,1401532138,758006346,2025-09-29,Lac II,61.829535969332554,0.0,N
1355556,1401681776,758006349,2025-09-29,Ghardimaou,38.84131449593471,0.0,N
1779192,1414133326,758006354,2025-09-28,Moknine,94.73243268309272,0.0,N
1687360,1401957952,758006360,2025-08-08,La Marsa,1287.3249451262868,0.0,N
1355752,1401555752,758006367,2025-09-19,Jendouba,268.55658948279597,0.0,N
1293410,1414072772,758006375,2025-09-10,Medjez El Bab,386.2865180696819,0.0,N
1295216,1401353554,758006385,2025-09-27,Jendouba,58.738059170865924,0.0,N
1135394,1400967154,758006387,2025-09-29,Gabès 4,56.29486505703775,0.0,N
1153546,1414193348,758006391,2025-09-29,Djerba 2,23.4834760565122,0.0,N
1500606,1401927472,758006392,2025-09-29,Grombalia,309.14767984666275,0.0,N
1531410,1401677814,758006401,2025-09-29,Chebba,75.12288620273905,0.0,N
1792954,1414152674,758006403,2025-09-29,Ghardimaou,27.82329118619965,0.0,N
1416988,1401467912,758006404,2025-09-27,Bizerte,89.03453179583887,0.0,N
797372,1401319894,758006407,2025-09-30,Mutuelleville,99.55668222709988,0.0,N
1381308,1401581308,758006410,2025-09-29,Ain Zaghouan,23.2794385878134,0.0,N
1541092,1401793532,758006413,2025-09-28,Sousse 2,139.11645593099826,0.0,N
1310736,1401614912,758006419,2025-09-30,Chebba,166.9397471171979,0.0,N
1758732,1414094098,758006420,2025-09-11,Ghardimaou,89.65282715553221,0.0,N
1539354,1400139354,758006422,2025-09-28,Gabès 4,75.12288620273905,0.0,N
1777792,1414130678,758006427,2025-09-27,Ariana,379.94249853154855,0.0,N
1154792,1414175554,758006438,2025-09-30,Djerba 2,30.979688997434074,0.0,N
1750114,1414133078,758006439,2025-09-30,Bardo,129.57306705413177,0.0,N
1506792,1414194016,758006449,2025-10-01,Bizerte,54.13454107026927,0.0,N
1353892,1400767372,758006465,2025-09-28,El Jem,370.9772158159953,0.0,N
14001150,1415414998,758006468,2025-09-27,Lac II,804.7114106408632,0.0,N
1817316,1414199932,758006471,2025-09-30,Nabeul 2,103.83621355921724,0.0,N
1386920,1401586920,758006472,2025-09-30,Soukra,111.2931647447986,0.0,N
1349670,1414071090,758006473,2025-09-30,Djerba 2,117.84833214826723,0.0,N
1573994,1401807354,758006481,2025-09-30,Sfax 4,52.97554641852413,0.0,N
1552752,1401819734,758006484,2025-09-26,Lac II,399.7897795777043,0.0,N
1715548,1414155274,758006491,2025-09-20,M'saken,822.3312826537237,0.0,N
1331678,1414115492,758006495,2025-10-01,Kelibia,45.72757906451913,0.0,N
1135734,1414175212,758006498,2025-10-03,Ariana,89.385105264785,0.0,N
1593374,1401929128,758006502,2025-09-28,Bizerte,20.630970414567038,0.0,N
1792706,1414153352,758006508,2025-10-02,Gabès 2,72.54954091569543,0.0,N
1126688,1400946600,758006509,2025-10-02,Jendouba,41.46721488855226,0.0,N
1751480,1414137556,758006510,2025-10-01,Zarzis 1,157.20159520202802,0.0,N
1515152,1414155266,758006513,2025-10-01,Bizerte,43.512845086097634,0.0,N
670194,1401312132,758006516,2025-10-02,Zarzis 1,126.7502395894519,0.0,N
1800932,1414173666,758006518,2025-10-01,Ghardimaou,81.120969487124,0.0,N
1517292,1401733210,758006531,2025-10-01,La Goulette,33.874547871518224,0.0,N
775558,1401733372,758006538,2025-09-26,Lafayette,183.69555136488702,0.0,N
1510174,1401757330,758006542,2025-09-24,Raoued,4025.9133768201073,0.0,N
967112,1400716668,758006546,2025-10-03,Medjez El Bab,52.86425325377933,0.0,N
1278912,1401353894,758006547,2025-10-01,Kairouan 2,0.0,461.07181500602843,N
1093720,1400887372,758006548,2025-10-03,Bizerte,108.51083562617863,0.0,N
1680112,1401947212,758006549,2025-10-02,Ennasr,50.08192413515937,0.0,N
1335596,1401535596,758006551,2025-10-02,Mahdia,24.273039230840574,0.0,N
1358160,1401371292,758006554,2025-10-03,La Goulette,108.20168794633197,0.0,N
1110960,1401547592,758006557,2025-10-02,Sfax 4,111.2931647447986,0.0,N
1735356,1401873072,758006560,2025-10-01,Lac II,46.37215197699941,0.0,N
1295146,1401495146,758006562,2025-10-02,Ariana,105.69944662565308,0.0,N
1521552,1401912786,758006566,2025-10-02,Ariana,1202.2190620459394,0.0,N
1321280,1401313274,758006568,2025-10-03,Béja,108.20137879865212,0.0,N
920698,1401551126,758006569,2025-09-29,Béja II,68.16706340618914,0.0,N
1335558,1401332748,758006585,2025-10-02,Ariana,249.97434074257274,0.0,N
1534934,1401693910,758006586,2025-10-02,Grombalia,0.0,2685.3927721272453,N
1751928,1401933412,758006588,2025-10-03,Bizerte,387.6056512195876,0.0,N
1539156,1401553092,758006589,2025-09-30,Boussalem,111.2931647447986,0.0,N
1680976,1401947948,758006593,2025-10-01,Bizerte,3326.032707824528,0.0,N
1775766,1414115572,758006604,2025-10-01,Teboulba,59.3056543110644,0.0,N
1567530,1401754152,758006611,2025-10-02,Soliman,48.11203511917643,0.0,N
1355510,1401418816,758006612,2025-09-25,Jendouba,231.86075988499707,0.0,T
1747198,1401933272,758006618,2025-09-25,Gabès 2,132.840758030111,0.0,N
1298912,1401275814,758006619,2025-10-02,Ain Zaghouan,72.34055708411908,0.0,N
1727546,1414153558,758006626,2025-09-10,Bizerte,1035.5346709122948,0.0,N
1756070,1401861128,758006631,2025-09-16,Sfax 2,377.8415308993106,0.0,N
1337150,1401949294,758006632,2025-09-28,El Jem,0.0,463.72151976999413,N
1533550,1401695412,758006634,2025-09-30,Bizerte,63.86867406560114,0.0,N
1149912,1401917874,758006637,2025-09-25,Enfidha,205.3358889541534,0.0,N
1752092,1414081286,758006642,2025-09-19,Nabeul 2,967.6319287723746,0.0,N
1399212,1401754074,758006651,2025-10-01,Djerba 1,264.9006090209293,0.0,N
1501378,1400695900,758006652,2025-09-13,Mahdia,98.69168701888893,0.0,N
1755472,1414087800,758006655,2025-09-13,Gabès 1,25.95913067672427,0.0,N
1335738,1414197350,758006656,2025-10-03,Lac II,115.59186323306645,0.0,N
947774,1414139594,758006660,2025-09-29,Béja II,111.2931647447986,0.0,N
1409610,1401953558,758006661,2025-09-09,Gabès 2,671.0118403561381,0.0,N
1336146,1401795946,758006662,2025-10-02,Djerba 2,29.234550344699663,0.0,N
1361352,1414147554,758006667,2025-09-18,Gabès 3,57.501468451479276,0.0,T
1587480,1400187480,758006676,2025-10-02,Mahdia,213.17185519522678,0.0,N
1661180,1401909292,758006683,2025-10-02,Bizerte,174.97789594089096,0.0,N
1755150,1414111348,758006691,2025-10-03,Ghardimaou,83.46987355859895,0.0,N
1151110,1400795506,758006697,2025-09-29,La Goulette,618.2953596933255,0.0,N
1815546,1414179588,758006700,2025-10-04,Sousse 3,84.50675487680465,0.0,N
1812730,1414181514,758006703,2025-10-02,Chebba,96.28466318360282,0.0,N
1781320,1414137734,758006711,2025-10-03,Gabès 1,100.16384827031874,0.0,N
1313320,1401513320,758006713,2025-10-02,Bizerte,58.339567811543574,0.0,N
1539950,1401551394,758006716,2025-10-03,Kelibia,231.86075988499707,0.0,N
1407874,1414175338,758006719,2025-08-18,Djerba 2,918.7142547995178,0.0,N
954750,1401915340,758006722,2025-10-03,Djerba 1,104.33425047145022,0.0,N
1313520,1401973274,758006726,2025-10-04,Lac II,123.65907193866511,0.0,N
1417286,1414112920,758006734,2025-10-03,Mahdia,139.03855071567688,0.0,N
1175378,1401155260,758006739,2025-10-03,Gabès 3,0.0,463.72151976999413,N
1557966,1414091094,758006741,2025-10-03,Bizerte,52.241938974248,0.0,N
1391514,1401778738,758006744,2025-10-01,Sousse 3,7727.236528889851,0.0,T
1812130,1414187552,758006745,2025-09-29,Sidi Hessine,5255.510557393267,0.0,N
1812130,1414187552,758006745,2025-09-29,Sidi Hessine,3349.4453890623554,0.0,N
1692138,1401973354,758006749,2025-10-04,Sousse 3,166.9397471171979,0.0,N
1149272,1401495774,758006753,2025-10-03,Ghardimaou,83.46987355859895,0.0,N
1469332,1401774866,758006754,2025-10-04,Lac II,148.5173277274554,0.0,N
889372,1401489600,758006757,2025-10-02,Lac II,50.06182953596934,0.0,N
789572,1401313268,758006759,2025-10-04,Lac II,70.56264877732093,0.0,N
1732886,1414131352,758006762,2025-10-03,Béja,111.2931647447986,0.0,N
1495586,1414006740,758006771,2025-10-03,Djerba 2,70.56233962964109,0.0,N
1213494,1414133374,758006772,2025-10-03,Béja,189.2738121000402,0.0,N
1551138,1401713518,758006773,2025-10-04,Soliman,52.88094722849105,0.0,N
1813574,1414195336,758006774,2025-10-04,Monastir 2,169.48557826073517,0.0,N
1475552,1400739138,758006775,2025-10-02,Ezzahrouni,77.28691996166569,0.0,T
968812,1414121354,758006776,2025-09-26,Sousse 2,772.2509042569636,0.0,N
973598,1401375892,758006784,2025-10-03,Sfax 5,55.6465823723993,0.0,N
1490774,1401615660,758006787,2025-10-02,Gabès 4,53.21204439360683,0.0,N
1526814,1401521406,758006791,2025-10-03,Ariana,472.09354808792165,0.0,N
14000736,1415415474,758006795,2025-10-04,Gabès 2,133.88382230191363,0.0,N
1735394,1414147334,758006797,2025-09-29,Grombalia,1321.2971836646366,0.0,N
1551116,1401491810,758006799,2025-10-03,Medjez El Bab,79.17148421801095,0.0,N
1309292,1401509292,758006801,2025-10-03,Raoued,83.47512906915634,0.0,N
1660930,1401907934,758006808,2025-09-26,Sfax 4,952.2286456240147,0.0,N
1771950,1414119754,758006809,2025-09-21,Djerba 2,329.67508578848117,0.0,N
1275350,1401971516,758006810,2025-09-22,Testour,899.225894209664,0.0,N
1201200,1401475336,758006811,2025-09-28,Zarzis 1,60.28379757009924,0.0,N
1175730,1401012992,758006814,2025-09-14,El Jem,153.68720437753115,0.0,N
1331554,1401680114,758006816,2025-09-21,Ariana,113.27170989581724,0.0,N
1677128,1414107552,758006818,2025-09-09,Monastir 2,114.8693851052648,0.0,N
1813752,1414194112,758006826,2025-10-01,Nabeul 2,7697.3632794385885,0.0,N
1591172,1414177336,758006832,2025-09-19,Gabès 1,15148.236312486475,0.0,N
935688,1401400756,758006834,2025-10-04,Lac II,55.6465823723993,0.0,N
1571520,1401746952,758006835,2025-10-03,Djerba 2,213.49800599746501,0.0,N
1309150,1401509150,758006842,2025-10-04,El Menzah,60.496182026153896,0.0,N
1340180,1414090128,758006850,2025-10-04,La Goulette,69.9814511392092,0.0,N
1717590,1414015978,758006851,2025-09-01,Gabès 4,85.79342752032646,0.0,N
1737266,1401901014,758006855,2025-10-03,Chebba,83.46987355859895,0.0,N
928108,1414061550,758006857,2025-10-04,Ghardimaou,94.07085664822085,0.0,N
1573612,1401753410,758006862,2025-10-04,Ghardimaou,55.6465823723993,0.0,N
1157934,1401758780,758006863,2025-10-04,Bizerte,111.2931647447986,0.0,N
1815210,1414176196,758006864,2025-10-05,Soukra,51.358704052926086,0.0,N
1773118,1414135336,758006865,2025-09-17,Kairouan 2,903.4207190775033,0.0,N
930914,1400673310,758006867,2025-09-29,Zarzis 1,57.346585463876096,0.0,T
14015346,1415413152,758006868,2025-10-03,Lac II,1545.7383992333139,0.0,N
1291294,1401373552,758006869,2025-10-04,Sfax 3,111.2931647447986,0.0,N
1217532,1401133194,758006872,2025-09-30,Bizerte,272.04995826506325,0.0,N
1374746,1401574746,758006874,2025-10-04,Bizerte,111.2931647447986,0.0,N
1773320,1414134672,758006877,2025-09-29,Ariana,13212.753269236715,0.0,N
1334736,1401534736,758006893,2025-10-04,Zarzis 1,66.77589884687916,0.0,N
1312950,1414129936,758006896,2025-10-04,Mutuelleville,111.2931647447986,0.0,N
1793886,1414161094,758006908,2025-10-05,Kairouan 1,111.2931647447986,0.0,N
1530900,1401995486,758006910,2025-10-05,Djerba 1,92.41537082264198,0.0,N
1353590,1401335558,758006916,2025-09-28,Djerba 2,115.20542863325811,0.0,N
1807136,1414193556,758006927,2025-10-03,Gabès 1,767.4569511855814,0.0,N
1755380,1414087732,758006931,2025-10-04,Gabès 1,47.299595016539406,0.0,N
1579178,1401761776,758006932,2025-10-04,Chebba,103.67236528889852,0.0,N
1151120,1400795532,758006935,2025-10-03,Lafayette,83.14465019940026,0.0,N
1267160,1400955114,758006938,2025-09-30,Bizerte,0.0,556.465823723993,T
953530,1401353550,758006942,2025-09-20,Testour,154.57383992333138,0.0,N
1494088,1414073192,758006951,2025-08-12,Sousse 1,61.52038828948589,0.0,N
1353738,1401375556,758006954,2025-09-27,Sfax 2,93.20802547376883,0.0,N
1314788,1401294612,758006956,2025-10-05,Gabès 2,97.7123071691347,0.0,N
1471506,1401569540,758006962,2025-10-03,Djerba 1,89.00547191393329,0.0,N
1561374,1400161374,758006966,2025-09-28,El Menzah,391.69011036572175,0.0,T
1327994,1401527994,758006974,2025-09-15,Bizerte,58.738059170865924,0.0,N
1335478,1401331352,758006975,2025-10-05,Mahdia,75.12288620273905,0.0,N
1359260,1401559260,758006976,2025-09-22,El Menzah,71.3163508207871,0.0,N
1555320,1401700158,758006978,2025-08-24,Zarzis 1,92.28181902494822,0.0,N
1471514,1400071514,758006984,2025-10-05,Zarzis 1,374.24954400717223,0.0,N
1188966,1401061534,758006987,2025-09-25,Djerba 1,498.1914860728971,0.0,T
1276816,1401476816,758006994,2025-10-05,Ennasr,111.2931647447986,0.0,N
1772868,1414121878,758006996,2025-10-05,Sousse 2,312.38754753145577,0.0,N
1537860,1414179572,758006997,2025-10-04,Les Berges du Lac,111.2931647447986,0.0,N
1747274,1414071476,758006998,2025-10-05,Ghardimaou,72.54954091569543,0.0,N
1379400,1401393536,758006999,2025-10-04,El Jem,467.4785915231706,0.0,N
1353952,1401553952,758007000,2025-10-04,La Goulette,80.69403654125576,0.0,N
1581394,1401593600,758007001,2025-09-12,Bizerte,625.5844436887502,0.0,N
1341746,1414174092,758007002,2025-10-03,Sousse 3,299.8732494512629,0.0,N
1373550,1401573550,758007003,2025-09-19,Sousse 3,637.246112467926,0.0,N
1373400,1414108952,758007007,2025-10-04,El Ouerdia,438.37141002256783,0.0,N
1211192,1401101570,758007013,2025-10-05,Jendouba,509.3637740748756,0.0,N
795272,1414073266,758007017,2025-09-30,Jendouba,739.2283673911028,0.0,N
1272954,1414177728,758007021,2025-10-05,Zarzis 1,86.25220267721892,0.0,N
1807136,1414193556,758007032,2025-10-02,Gabès 1,139.11645593099826,0.0,N
975274,1400711176,758007038,2025-10-01,Ezzahrouni,278.5420595418432,0.0,N
1209930,1401351734,758007039,2025-10-04,Gabès 4,61.829535969332554,0.0,N
1791132,1414156132,758007046,2025-10-02,Ghardimaou,55.6465823723993,0.0,N
1578752,1401941538,758007047,2025-10-06,La Goulette,83.47512906915634,0.0,N
1499488,1401889568,758007049,2025-10-04,Jendouba,486.6862460197236,0.0,N
1759480,1401867572,758007053,2025-09-28,Sousse 2,88.72538411599221,0.0,N
1392808,1414131200,758007060,2025-10-06,Korba,139.11645593099826,0.0,N
1661274,1401908754,758007064,2025-10-06,Mahdia,96.71963396914707,0.0,N
1539156,1401553274,758007065,2025-10-05,Sousse 2,111.2931647447986,0.0,N
1567510,1400937352,758007070,2025-10-05,Zarzis 1,235.6954277058151,0.0,N
1013546,1400771972,758007078,2025-09-13,Gabès 4,55.6465823723993,0.0,N
1813346,1414194132,758007081,2025-10-04,Testour,71.07923455034471,0.0,N
1695480,1414073332,758007082,2025-10-03,Béja,174.7522181346029,0.0,N
1355520,1401555520,758007086,2025-10-04,Bizerte,1236.590719386651,0.0,N
1807136,1414193556,758007089,2025-10-05,Gabès 1,125.03787059078122,0.0,N
1498128,1400098128,758007095,2025-09-23,Bizerte,74.19544316319906,0.0,N
1757338,1414079330,758007099,2025-10-04,Grombalia,42.08551024824559,0.0,N
1414960,1400676732,758007103,2025-10-06,Boussalem,111.2931647447986,0.0,N
1331806,1401860160,758007106,2025-10-05,Sfax 3,61.211240609639226,0.0,N
1161948,1401153554,758007110,2025-09-29,Gabès 4,429.6488082356942,0.0,N
1010088,1400767794,758007113,2025-10-03,El Menzah,182.28120072958853,0.0,N
1480948,1401593532,758007114,2025-10-06,Boussalem,132.43886604631032,0.0,N
1373374,1401573374,758007117,2025-09-30,Bizerte,92.74430395399882,0.0,N
1019516,1401989172,758007118,2025-10-06,Sousse 3,21.862923918755993,0.0,N
1553794,1401735610,758007123,2025-10-06,Raoued,84.6137199740316,0.0,N
975470,1414112734,758007125,2025-10-05,Bab Benat,274.7636565987572,0.0,N
701520,1401953354,758007134,2025-10-06,Chebba,29.57059387269299,0.0,N
1541374,1401475314,758007137,2025-10-06,Soliman,78.60636225925124,0.0,N
1521066,1400121066,758007148,2025-10-06,Zarzis 1,24074.434723467402,2079.4589915602683,N
1373750,1401929332,758007151,2025-10-06,Grombalia,80.16446656567842,0.0,N
1698726,1414151932,758007153,2025-10-07,Sousse 2,102.34828577611526,0.0,N
1791936,1414157736,758007156,2025-10-05,Soliman,111.2931647447986,0.0,N
1191418,1401977496,758007161,2025-10-07,Sousse 2,19.476303830339756,0.0,N
1331346,1401333532,758007163,2025-10-06,Ain Zaghouan,48.836677280737014,0.0,N
1695586,1401951298,758007168,2025-09-09,Zarzis 1,632.516152966272,0.0,N
1215314,1401159560,758007176,2025-10-06,Ain Zaghouan,111.2931647447986,0.0,N
1277558,1401477558,758007187,2025-10-07,Zarzis 1,61.211240609639226,0.0,N
1368114,1414155488,758007189,2025-08-25,Zarzis 1,2158.71054502736,0.0,N
987750,1400741314,758007196,2025-09-05,Bizerte,15716.99786688101,785.2351068105235,N
1373398,1401573398,758007198,2025-08-08,La Marsa,1263.7756206139675,0.0,N
1559692,1414112988,758007213,2025-10-06,Gabès 1,278.2329118619965,0.0,N
1775136,1414199494,758007214,2025-10-07,Sahloul,139.11645593099826,0.0,N
1750114,1414077872,758007217,2025-10-04,Bardo,98.92725755093208,0.0,N
1575920,1400979148,758007758,2025-10-06,La Marsa,488.45333415772717,0.0,N
1508130,1414006070,758007219,2025-10-07,Beni Khalled,74.03746869879743,0.0,N
1470932,1414198086,758007223,2025-10-07,Sousse 2,66.77589884687916,0.0,N
1346014,1401546014,758007226,2025-09-15,Mahdia,83.46987355859895,0.0,N
1350188,1401340756,758007229,2025-10-06,Lac II,83.46987355859895,0.0,N
1579332,1400179332,758007230,2025-09-28,Bizerte,727.4986861223607,0.0,N
1549210,1401487516,758007235,2025-10-06,Ghardimaou,463.72151976999413,0.0,N
1813592,1414195368,758007236,2025-09-20,Soliman,1287.2492039447245,230.72927937675829,N
1527890,1414081208,758007241,2025-10-04,Nabeul 2,211.90218567409653,0.0,N
1734812,1401873774,758007244,2025-10-03,Korba,846.2794076730455,0.0,N
1817500,1414199512,758007246,2025-10-05,Béja II,30.605620304819613,0.0,N
1129354,1400818990,758007247,2025-10-08,Lac II,52.843231211549764,0.0,N
1215734,1401415734,758007249,2025-09-22,La Marsa,175.59588215290447,0.0,N
1712072,1414013326,758007251,2025-10-08,Gabès 1,212.87909234241198,0.0,N
1133732,1401880738,758007256,2025-10-07,Chebba,111.2931647447986,0.0,N
1706076,1401993932,758007257,2025-10-08,Bardo,36.17027854205954,0.0,N
1794072,1414161486,758007259,2025-10-08,Sfax 4,41.734936779299474,0.0,N
1313594,1401534928,758007262,2025-10-06,Mahdia,33.212353541286674,0.0,N
1815688,1414199586,758007263,2025-10-07,Zarzis 1,66.77589884687916,0.0,N
1714734,1401987386,758007266,2025-10-07,El Jem,48.390577178718274,0.0,N
1793334,1414160134,758007269,2025-10-06,Mahdia,504.590843045723,0.0,N
1750176,1414146074,758007279,2025-10-04,Grombalia,151.57387083809937,0.0,N
1409590,1401535520,758007281,2025-10-06,Grombalia,111.2931647447986,0.0,N
817526,1401727534,758007282,2025-10-07,Grombalia,89.03453179583887,0.0,N
1275992,1401197358,758007285,2025-10-03,Sousse 1,495.2901350975361,0.0,T
1291572,1401532066,758007286,2025-10-08,Bizerte,89.10439917148422,0.0,N
1477590,1401577152,758007288,2025-09-27,Djerba 1,75.50066466751167,0.0,N
1191552,1401539496,758007289,2025-10-08,Lac II,44.49964448016818,0.0,N
1511876,1401735576,758007290,2025-10-07,Raoued,43.12610133860946,0.0,N
1012726,1414089734,758007291,2025-09-28,Djerba 1,299.8525365567132,0.0,T
1812934,1414180740,758007293,2025-10-08,Gabès 3,56.69953936995703,0.0,N
1775336,1414115354,758007295,2025-10-09,Ghardimaou,72.54954091569543,0.0,N
1468930,1401575552,758007296,2025-09-29,Djerba 2,321.71484218010943,0.0,N
1372912,1414095130,758007300,2025-10-09,Sousse 3,140.42384146906977,0.0,N
1551596,1401492674,758007303,2025-10-08,Gabès 4,77.90521532135902,0.0,N
1126676,1400815728,758007304,2025-09-05,Boussalem,179.22094784678643,0.0,N
1349528,1401353770,758007308,2025-10-10,Zarzis 1,123.65907193866511,0.0,N
1319614,1414120726,758007309,2025-10-01,Bizerte,150.15271895384427,0.0,N
1555908,1401479592,758007314,2025-08-19,Bizerte,798.9578631712369,0.0,N
1581570,1401687738,758007315,2025-09-28,Medjez El Bab,0.0,463.72151976999413,T
1010696,1400769330,758007321,2025-10-10,Bizerte,63.993569728259196,0.0,N
866128,1401935536,758007323,2025-10-09,Nabeul 2,100.24731814387734,0.0,N
1593576,1401773396,758007326,2025-09-26,Beni Khalled,200.9459919003308,0.0,T
1661334,1401908754,758007328,2025-09-22,Sfax 4,402.05737780937955,0.0,N
1073912,1401975152,758007334,2025-09-29,Gabès 2,285.6524561783164,0.0,N
1598008,1401793896,758007340,2025-10-09,Ghardimaou,104.00315330633444,0.0,N
1095212,1401412940,758007347,2025-10-10,M'saken,88.19426840201565,0.0,N
1581972,1401887376,758007351,2025-10-08,Gabès 1,300.4915448109562,0.0,N
1261332,1401190746,758007354,2025-10-09,Zarzis 1,38.95260766067951,0.0,N
1527332,1401981286,758007355,2025-10-06,Ghardimaou,60.28379757009924,0.0,T
1748136,1414173618,758007362,2025-10-09,Soukra,51.358704052926086,0.0,N
1558072,1400158072,758007363,2025-10-08,Bizerte,33.46059912820355,0.0,N
1715796,1414013310,758007368,2025-10-08,Lac II,271.0492472253996,0.0,T
1755140,1401939194,758007374,2025-10-09,Mahdia,185.48860790799765,0.0,N
1493778,1401593994,758007375,2025-10-07,Ariana,50.08192413515937,0.0,N
1731390,1401888070,758007377,2025-10-08,Zarzis 1,63.60960830988964,0.0,N
1755366,1414086072,758007378,2025-10-10,Bardo,30.660957739512167,0.0,N
1578006,1401759660,758007381,2025-10-10,Bizerte,2421.1005657402543,0.0,N
792194,1401536148,758007388,2025-10-07,Menzel Bourguiba,25.597427891303678,0.0,N
1731108,1401889158,758007390,2025-10-08,Bizerte,111.2931647447986,0.0,N
1147280,1400789012,758007392,2025-10-08,Bizerte,93.82230191362414,0.0,N
1352090,1401341966,758007393,2025-10-09,Menzel Bourguiba,111.2931647447986,0.0,N
1691554,1401972706,758007395,2025-10-07,Kairouan 2,376.0911367360188,0.0,N
1171888,1401147880,758007397,2025-10-10,Chebba,60.165084861038125,0.0,N
1677272,1401975400,758007401,2025-10-09,Nabeul 2,7187.683556434909,0.0,N
1216708,1401592066,758007402,2025-10-09,Zarzis 1,95.4338887686648,0.0,N
1335590,1401535590,758007405,2025-10-08,Lac II,71.55594027266825,0.0,N
921538,1400661668,758007406,2025-10-10,Zarzis 1,111.2931647447986,0.0,N
1207754,1401957818,758007408,2025-09-28,Medjez El Bab,280.5607938912419,0.0,N
1794900,1414174986,758007409,2025-10-09,Lac II,97.71261631681455,0.0,N
976730,1401152192,758007410,2025-09-28,Medjez El Bab,257.5200173122701,0.0,N
1473214,1401556950,758007411,2025-08-27,Sousse 3,232.7619253717501,0.0,N
1373410,1401467298,758007414,2025-10-08,Sfax 4,228.08915819086778,0.0,N
1813336,1414193954,758007416,2025-10-09,Soliman,64.60289980523696,0.0,N
1571920,1401318778,758007422,2025-10-06,Jendouba,154.57383992333138,0.0,N
1153950,1401780994,758007431,2025-10-10,Jendouba,139.11645593099826,0.0,N
1736878,1401901568,758007432,2025-10-10,Sousse 2,47.843385785389685,0.0,N
1355376,1401555376,758007437,2025-10-09,La Goulette,10.016384827031874,0.0,N
1279734,1401995394,758007439,2025-10-08,Béja II,83.46987355859895,0.0,N
1491358,1401612798,758007447,2025-10-09,Gabès 1,198.4687915417195,0.0,N
1715728,1414013548,758007452,2025-10-09,Chebba,186.41605094753766,0.0,N
1615878,1401953520,758007456,2025-10-11,Mutuelleville,68.57482919590689,0.0,N
1159708,1414016740,758007457,2025-09-29,Djerba 1,473.5833307571027,0.0,N
1019214,1401937320,758007459,2025-10-01,Gabès 4,253.30015148236313,0.0,N
1375090,1401077532,758007463,2025-10-08,Zarzis 1,208.94426067332367,0.0,N
1732094,1414132668,758007466,2025-10-10,Ezzahrouni,28.90809039478159,0.0,N
1751348,1401931070,758007468,2025-10-11,Djerba 1,102.27780010511022,0.0,N
1752870,1414171172,758007469,2025-10-05,Sfax 4,1119.0759575849384,0.0,N
1752706,1401934892,758007472,2025-10-03,Lac II,19.48403252233592,0.0,N
1807146,1414193372,758007483,2025-09-17,Ghardimaou,719.209818530312,0.0,N
1515134,1414111496,758007484,2025-10-10,Zarzis 1,192.99965993755217,0.0,N
1201990,1401773392,758007489,2025-09-19,Sfax 5,347.6597520635608,0.0,T
14015616,1415407358,758007490,2025-10-11,Sousse 2,92.41475252728229,0.0,N
1281552,1414008092,758007505,2025-10-10,Ain Zaghouan,83.46987355859895,0.0,N
1175338,1414071374,758007507,2025-10-08,Raoued,66.92027081336755,0.0,N
887954,1400755538,758007509,2025-09-23,La Marsa,402.7464679877578,0.0,N
1611954,1414075912,758007510,2025-10-10,Soliman,458.0783380220732,0.0,N
1393374,1415407172,758007511,2025-10-11,Boussalem,258.25578879030513,0.0,N
1477352,1401801554,758007513,2025-10-08,Gabès 2,446.7060314712338,0.0,T
1529278,1400129278,758007519,2025-09-19,Bizerte,374.40195381333666,0.0,T
1271500,1414076970,758007520,2025-09-26,La Marsa,58.738059170865924,0.0,N
1755526,1401860112,758007522,2025-09-28,Ghardimaou,61.829535969332554,0.0,N
1313520,1401973274,758007523,2025-09-13,Lac II,930.435589080904,0.0,T
1789334,1414152750,758007524,2025-09-16,Lac II,622.288311126225,0.0,N
890936,1414159326,758007527,2025-10-10,Bardo,111.2931647447986,0.0,N
1530152,1401677710,758007528,2025-10-05,Kairouan 1,172.54521284817758,0.0,N
1267894,1401876678,758007533,2025-10-07,Jendouba,341.36055893900516,0.0,N
1713552,1401992872,758007534,2025-09-05,Ain Zaghouan,482.15846910068944,0.0,T
941366,1400893694,758007536,2025-10-10,Mutuelleville,51.70123968219619,0.0,N
1071208,1400931352,758007537,2025-09-05,Sousse 2,139.0472068507126,0.0,N
1809618,1414186890,758007539,2025-09-14,Béja,428.7315670695892,0.0,T
949380,1401067178,758007540,2025-09-07,Djerba 2,58.738059170865924,0.0,N
1766152,1414109476,758007546,2025-09-07,Grombalia,140.2383528611618,0.0,N
1755534,1414072006,758007552,2025-09-29,Djerba 2,142.0038952607661,0.0,N
1753940,1414093332,758007556,2025-10-10,Zarzis 1,97.38151915169877,0.0,N
1778066,1414131352,758007560,2025-10-10,Nabeul 2,935.9084304572294,0.0,N
1330110,1401530110,758007565,2025-10-11,Zarzis 1,72.34055708411908,0.0,N
1533338,1401695346,758007566,2025-10-02,La Marsa,713.4507064024485,0.0,N
1694976,1401973070,758007569,2025-09-10,Lac II,123.65907193866511,0.0,N
1732074,1414148612,758007572,2025-10-09,Mahdia,278.2329118619965,0.0,N
1153154,1414113268,758007574,2025-10-10,Lac II,55.6465823723993,0.0,N
947334,1401547534,758007578,2025-10-11,Sousse 1,1198.2131264104864,0.0,N
1747868,1414069354,758007580,2025-10-04,Korba,59.72733174637525,0.0,N
946194,1414115532,758007582,2025-10-09,Bizerte,97.38121000401893,0.0,N
1487960,1401598146,758007583,2025-10-08,Gabès 2,78.95755402355705,0.0,N
1390910,1401555978,758007585,2025-10-11,Djerba 1,48.112653414536126,0.0,N
1591352,1401530734,758007592,2025-10-11,Kairouan 2,92.74430395399882,0.0,N
757868,1414133346,758007599,2025-10-11,El Jem,688.9683741923517,0.0,N
1778794,1414133292,758007604,2025-10-11,El Jem,108.51083562617863,0.0,N
1326612,1401526612,758007607,2025-10-11,Bizerte,84.6137199740316,0.0,N
1793808,1414147336,758007611,2025-10-12,Lac II,79.52329427767646,0.0,N
1213576,1400721208,758007619,2025-10-12,Lac II,89.03453179583887,0.0,N
1531974,1400131974,758007620,2025-10-07,Ariana,32.01780690635917,0.0,N
1417112,1401499356,758007621,2025-10-09,Zarzis 1,1570.0312239156647,0.0,N
953572,1400701374,758007622,2025-10-09,Zarzis 1,1183.9793489349863,0.0,N
993408,1400739398,758007625,2025-09-24,Bizerte,58.738059170865924,0.0,T
1480934,1401593492,758007628,2025-10-11,Sousse 3,111.2931647447986,0.0,N
1593138,1401908194,758007630,2025-10-03,Zarzis 1,46.37215197699941,0.0,N
1552728,1414071714,758007634,2025-10-11,Teboulba,88.86790119640153,0.0,N
1331932,1401336172,758007638,2025-10-11,Djerba 1,379.6120196617925,0.0,N
1297160,1401738158,758007643,2025-09-26,Djerba 2,105.85216557949734,0.0,N
1727552,1414153320,758007645,2025-09-23,Jemmal,171.57696231489783,0.0,N
1775748,1414127334,758007650,2025-09-26,Sfax 4,576.6562586947786,0.0,N
1578934,1401115512,758007661,2025-09-19,Lac II,770.2092929792562,0.0,N
955158,1401731334,758007663,2025-10-12,Ain Zaghouan,1470.1530281015241,0.0,N
1741300,1401953478,758007665,2025-10-11,Medjez El Bab,139.11645593099826,0.0,N
1812910,1414193298,758007667,2025-08-21,Ain Zaghouan,325.01684854855165,0.0,N
1789074,1414153566,758007674,2025-10-09,El Kram,54.533650724951315,0.0,N
1806814,1414195932,758007681,2025-09-26,Enfidha,314.9018456116487,0.0,N
869966,1400932086,758007682,2025-10-11,El Menzah,70.67734256654404,0.0,N
1735294,1401874660,758007684,2025-09-26,Lac II,153.5530342844777,0.0,T
1132172,1414159138,758007685,2025-10-10,Lac II,61.211240609639226,0.0,N
1794172,1414139396,758007688,2025-09-24,Sfax 4,167.61987201286055,0.0,N
1479994,1401749338,758007689,2025-10-10,Zarzis 1,863.3622901660124,0.0,N
1379354,1401711094,758007694,2025-10-11,Béja II,111.2931647447986,0.0,N
1361352,1401374734,758007695,2025-10-09,Sfax 5,54.10146226852568,0.0,N
1391332,1414195534,758007697,2025-10-02,Grombalia,111.2931647447986,0.0,N
1193926,1401069294,758007698,2025-10-11,Jendouba,32.60055028287013,0.0,N
1306688,1401209478,758007699,2025-10-10,Ariana,230.0058738059171,0.0,N
1158754,1414095546,758007705,2025-10-11,Sousse 1,83.80653538195196,0.0,N
1291974,1401491974,758007711,2025-09-28,La Marsa,223.54870621695986,0.0,N
1515552,1401727814,758007713,2025-10-01,Ariana,1743.5619995671934,0.0,T
1487174,1414195536,758007716,2025-10-04,Teboulba,0.0,463.72151976999413,N
1754974,1414073174,758007721,2025-10-12,Jendouba,105.25489226203358,0.0,N
1327314,1401414686,758007725,2025-10-11,Ain Zaghouan,67.5824651435991,0.0,N
1327334,1401937158,758007726,2025-10-12,La Marsa,71.19423748724766,0.0,N
1348958,1401548958,758007733,2025-10-11,Sousse 3,89.10439917148422,0.0,N
1075128,1401131348,758007746,2025-09-17,La Marsa,55.6465823723993,0.0,N
1267100,1414079414,758007753,2025-10-10,Ariana,632.6750548737132,0.0,N
1348100,1401353338,758007759,2025-10-12,Lac II,1868.7699013818901,0.0,N
1269292,1401213952,758007761,2025-10-11,Mahdia,27.252913716882556,0.0,N
1786892,1414149392,758007764,2025-10-12,Djerba 1,50.08192413515937,0.0,N
1333474,1414091606,758007767,2025-10-12,Jendouba,75.12288620273905,0.0,N
1556754,1400156754,758007772,2025-10-11,Lac II,800.7234055708412,0.0,N
1527080,1401951310,758007774,2025-10-13,Jendouba,61.211240609639226,0.0,N
1352132,1401361272,758007779,2025-10-10,Djerba 2,94.46007357714781,0.0,N
1500754,1401755552,758007783,2025-09-17,Djerba 1,973.2509970012676,0.0,N
1327356,1401319212,758007786,2025-09-15,Bizerte,76.35947692212571,0.0,N
1121292,1401358600,758007791,2025-09-29,Raoued,131.0010201873435,0.0,N
1195976,1401617206,758007792,2025-10-11,M'saken,111.2931647447986,0.0,N
1768158,1414111996,758007799,2025-10-12,Ennasr,95.72603332611989,0.0,N
1808092,1414193132,758007800,2025-09-15,Zarzis 1,443.2559433641451,0.0,N
1788698,1414151720,758007803,2025-09-16,Testour,494.63628775466043,0.0,N
1769578,1414112732,758007806,2025-09-23,Ettadhamen,423.1839119547408,0.0,N
1407366,1401596786,758007807,2025-09-17,Ain Zaghouan,61.829535969332554,0.0,N
1713910,1401993554,758007814,2025-10-13,Bardo,97.38151915169877,0.0,N
1115354,1401751770,758007815,2025-10-13,Bizerte,72.21782545521997,0.0,N
1552092,1401968132,758007816,2025-10-12,Medjez El Bab,540.8418091322225,0.0,N
1567538,1401754140,758007817,2025-09-19,Ghardimaou,367.83967601323155,0.0,N
1311272,1401755518,758007821,2025-10-11,Gabès 3,83.46987355859895,0.0,N
1307552,1401507552,758007822,2025-09-28,El Jem,0.0,463.72151976999413,N
1180966,1414161268,758007825,2025-10-12,Boussalem,2938.8842860234336,0.0,N
1353894,1401731588,758007827,2025-09-17,Sfax 2,321.82273472037593,0.0,N
1813206,1414193214,758007828,2025-09-21,Sousse 2,92.74430395399882,0.0,N
952696,1401374060,758007829,2025-10-06,Ennasr,621.7034037159551,0.0,N
1792756,1414158926,758007830,2025-09-30,Sfax 4,954.4090642099732,0.0,T
920094,1400660018,758007834,2025-10-09,Raoued,1123.7450149936626,0.0,N
1756116,1401861346,758007835,2025-09-15,Djerba 2,55.6465823723993,0.0,N
1797098,1414166894,758007836,2025-09-20,Boussalem,27.82329118619965,0.0,N
1500958,1400100958,758007838,2025-10-08,Bizerte,126.12266979936317,0.0,N
1686120,1401957138,758007839,2025-09-21,Lac II,311.31171360558943,0.0,N
1793400,1414155496,758007841,2025-08-25,Enfidha,37.0869014128049,0.0,N
1549712,1401489552,758007842,2025-09-29,Moknine,111.19980214548491,0.0,N
1175276,1414138132,758007843,2025-10-12,Soliman,100.03029647262498,0.0,N
1136812,1401175660,758007848,2025-10-12,Raoued,65.79342752032646,0.0,N
1812730,1414181216,758007850,2025-10-12,Zarzis 1,109.63180511330263,0.0,N
895328,1400616180,758007860,2025-10-10,Bizerte,194.99149843880423,0.0,N
1381314,1401581314,758007864,2025-10-04,Ain Zaghouan,765.8558753516555,0.0,N
1112090,1414127574,758007867,2025-10-13,Mahdia,11.658886450057192,0.0,N
728952,1401971272,758007869,2025-10-08,Ennasr,61.829535969332554,0.0,N
1741746,1401955494,758007872,2025-10-12,Djerba 2,61.18681794293134,0.0,N
769674,1414139536,758007876,2025-10-03,Sousse 2,1149.5832689275667,0.0,N
1313330,1401513330,758007877,2025-10-10,Raoued,193.21729990416424,0.0,N
1735394,1414069332,758007880,2025-10-05,Grombalia,727.0717531764925,0.0,N
1154134,1401939808,758007881,2025-10-10,Ariana,881.3800352428356,0.0,N
1461412,1401735532,758007882,2025-10-10,El Jem,92.74430395399882,0.0,N
1330158,1401530158,758007884,2025-10-12,Zarzis 1,111.2931647447986,0.0,N
1506074,1401753292,758007886,2025-10-13,La Goulette,392.7004049834606,0.0,N
1753408,1414069610,758007891,2025-10-13,Chebba,394.30117166970666,0.0,N
1460734,1401549278,758007892,2025-10-10,Boussalem,60.96114013664328,0.0,N
1359494,1401559494,758007899,2025-10-12,Lac II,141.34726558877176,0.0,N
1560118,1401729408,758007900,2025-10-13,Chebba,63.993569728259196,0.0,N
1353574,1414135336,758007901,2025-10-12,Djerba 2,86.31063158870994,0.0,N
1359528,1401573214,758007903,2025-10-13,Ariana,111.2931647447986,0.0,N
1328946,1401807336,758007905,2025-10-08,Testour,248.83729557609672,0.0,N
1741472,1401955338,758007906,2025-09-26,Medjez El Bab,251.15868550406532,0.0,N
1758912,1414095274,758007908,2025-10-12,Ghardimaou,85.94305499737224,0.0,N
1694756,1401973354,758007909,2025-10-05,Gabès 1,879.2942158469101,0.0,T
1617610,1414111152,758007914,2025-09-30,Kairouan 2,148.39088632639812,0.0,N
1334608,1401157808,758007915,2025-10-13,Ghardimaou,111.2931647447986,0.0,N
1615796,1401813552,758007919,2025-10-13,Gabès 2,104.00377160169414,0.0,N
808746,1401690792,758007921,2025-09-16,Bizerte,745.3578384394226,0.0,N
1527332,1401670912,758007923,2025-10-11,Bizerte,1293.5456147401615,4.911429189723932,N
1733334,1414149472,758007924,2025-10-13,Béja,111.2931647447986,0.0,N
1095660,1400873520,758007926,2025-10-14,Gabès 4,456.8244350326151,0.0,N
1213376,1401413376,758007928,2025-10-13,La Goulette,111.2931647447986,0.0,N
1131506,1414127532,758007931,2025-10-05,Ariana,422.7235910594491,0.0,N
1314866,1401617218,758007936,2025-10-13,Ghardimaou,97.38182829937863,0.0,N
1332606,1401176688,758007937,2025-10-13,Soukra,111.2931647447986,0.0,N
1768980,1414113894,758007938,2025-10-06,Ghardimaou,680.5645036634,0.0,N
1795948,1414172872,758007940,2025-09-24,Nabeul 2,340.9061118496306,0.0,N
1561554,1401879186,758007941,2025-10-10,Ghardimaou,154.57383992333138,0.0,N
1273972,1401617290,758007943,2025-10-13,Bizerte,73.83466782081801,0.0,N
1279266,1401479266,758007944,2025-10-13,Bizerte,13.911645593099825,0.0,N
1269314,1401361194,758007951,2025-10-02,Ghardimaou,68.01248956626581,0.0,T
1072888,1400935300,758007952,2025-10-13,La Marsa,152.10004018919838,0.0,N
1537370,1401541908,758007953,2025-09-28,Djerba 2,223.2441957523109,0.0,N
1775948,1414127532,758007956,2025-08-12,Grombalia,538.6963242340867,0.0,N
1273126,1401214952,758007964,2025-10-13,Chebba,106.32114260982472,0.0,N
1553416,1400153416,758007965,2025-10-11,Ain Zaghouan,958.3578075246546,0.0,N
1474712,1400074712,758007970,2025-10-13,Lac II,55.6465823723993,0.0,N
1209558,1401096954,758007975,2025-10-12,Sousse 3,99.32914953473275,0.0,N
1727534,1414120774,758007977,2025-10-12,Mahdia,89.65282715553221,0.0,N
1312934,1401274892,758007982,2025-10-13,Mahdia,18.642532537793304,0.0,N
887150,1400953274,758007986,2025-10-13,Raoued,67.5824651435991,0.0,N
1415528,1400756134,758007992,2025-10-11,Bizerte,55.6465823723993,0.0,N
1357920,1401557920,758007996,2025-10-04,Bizerte,46.37215197699941,0.0,N
1547134,1401706794,758008004,2025-09-28,Gabès 1,61.52038828948589,0.0,N
1477738,1401579568,758008005,2025-10-14,Gabès 4,58.738059170865924,0.0,N
1493518,1401606616,758008017,2025-10-14,Jendouba,79.17148421801095,0.0,N
1095340,1414088892,758008018,2025-10-08,Medjez El Bab,312.57025381024516,0.0,N
1293350,1401357352,758008020,2025-10-10,Djerba 2,86.31403221318824,0.0,N
1692736,1401968958,758008025,2025-10-11,Jemmal,589.2926701085108,0.0,N
1350172,1401550172,758008031,2025-10-15,Bizerte,67.87491884873404,0.0,N
1811194,1414190094,758008037,2025-10-14,Gabès 1,103.30231551612206,0.0,N
1561000,1401920156,758008039,2025-10-10,Grombalia,105.72850650755866,0.0,N
1515532,1401753416,758008042,2025-10-15,Sfax 5,33.38794942343958,0.0,N
975110,1401989340,758008043,2025-10-15,El Kram,111.2931647447986,0.0,N
1517014,1401732814,758008045,2025-10-14,Boussalem,139.11645593099826,0.0,N
1814176,1414195598,758008046,2025-10-14,Sousse Erriadh,316.17553405261697,0.0,N
1373130,1401579672,758008049,2025-10-15,Ariana,378.4588988159644,0.0,N
1737336,1414087752,758008050,2025-10-11,Grombalia,76.51405076204904,0.0,N
1389670,1401920752,758008051,2025-09-23,Chebba,418.92014715429565,0.0,N
1361598,1401561598,758008052,2025-10-15,Soukra,102.8766191609732,0.0,N
1559534,1414159792,758008054,2025-10-14,Zarzis 1,62.866726435218105,0.0,T
673612,1401533354,758008066,2025-10-15,Ghardimaou,67.5830834389588,0.0,N
894152,1400679478,758008067,2025-10-16,Ain Zaghouan,61.02451541101184,0.0,N
1353350,1401553350,758008068,2025-10-14,Gabès 4,110.79883760472379,0.0,N
1788616,1414151518,758008069,2025-10-16,Béja,384.76860296163477,0.0,N
1796078,1414173116,758008081,2025-10-15,Chebba,62.28521964942654,0.0,N
1271172,1401489748,758008082,2025-10-15,Sfax 5,211.93619191887967,0.0,N
1320014,1401520014,758008085,2025-10-15,Zarzis 1,231.5516122051504,0.0,N
1412132,1401335348,758008086,2025-10-14,Jendouba,1803.7453241413425,0.0,N
1149718,1400793580,758008087,2025-10-17,Mutuelleville,55.6465823723993,0.0,N
1271520,1401209374,758008088,2025-10-14,Béja II,75.12288620273905,0.0,N
1533150,1414011772,758008090,2025-10-16,Bizerte,33.38794942343958,0.0,N
1353576,1414069332,758008097,2025-10-16,Sousse 2,120.89003617027855,0.0,N
1373116,1401394796,758008098,2025-10-15,Ariana,955.147308869447,0.0,N
1587598,1414111376,758008102,2025-10-17,Bizerte,166.9397471171979,0.0,N
1759754,1401868130,758008106,2025-10-14,Ariana,34.93090549355427,0.0,N
1719358,1414169472,758008107,2025-09-12,Menzel Bourguiba,142.2079327294649,0.0,N
1693016,1401955208,758008110,2025-10-17,Sousse 3,271.3157325254274,0.0,N
1372868,1401918126,758008112,2025-10-17,Bizerte,201.11725971496585,0.0,N
715570,1415414156,758008115,2025-10-16,Jendouba,166.9397471171979,0.0,N
1728690,1401893358,758008116,2025-10-16,Béja II,71.22453395987263,0.0,N
791274,1401320954,758008119,2025-10-11,Djerba 1,1230.6931090982164,0.0,N
1697112,1401977334,758008120,2025-10-10,La Goulette,0.0,463.72151976999413,T
1559014,1401506610,758008134,2025-10-05,Kairouan 2,68.36800939808947,0.0,N
1001330,1401591752,758008138,2025-10-17,Bizerte,97.38151915169877,0.0,N
1546120,1414154074,758008143,2025-10-17,Gabès 1,77.90521532135902,0.0,N
890114,1400753150,758008149,2025-10-16,Bizerte,37.18551952267598,0.0,N
1813366,1414192732,758008156,2025-10-16,Gabès 2,44.51726589791944,0.0,N
1337520,1414108948,758008161,2025-10-15,Ariana,75.86051256685319,0.0,N
789352,1401753354,758008162,2025-10-05,Soukra,634.9893344050453,0.0,N
1798136,1414168736,758008164,2025-10-15,Grombalia,114.07549386341856,0.0,N
1560732,1401731352,758008165,2025-10-04,Zarzis 1,263.52150122113335,0.0,N
1260988,1401191568,758008168,2025-10-09,La Marsa,123.65907193866511,0.0,N
1734752,1414087072,758008172,2025-10-15,Sfax 4,607.0538226110614,0.0,N
1706796,1401995138,758008180,2025-10-07,Gabès 2,108.3562617862553,0.0,N
927340,1414178660,758008184,2025-10-14,Mahdia,80.82697004358982,0.0,N
1211326,1401411326,758008185,2025-10-06,Djerba 2,464.88082356941914,0.0,T
1749596,1414113300,758008187,2025-10-04,Beni Khalled,2040.8235694191117,0.0,T
1393494,1401593494,758008188,2025-09-29,El Menzah,61.829535969332554,0.0,N
981180,1400733578,758008190,2025-10-16,Sousse 3,634.7880792654652,0.0,N
1206694,1401372198,758008192,2025-10-03,Gabès 1,1982.3084057254152,0.0,N
1759618,1401867950,758008196,2025-10-17,Boussalem,97.67366370915387,0.0,N
1526174,1401521550,758008197,2025-10-15,Gabès 1,54.255417813089316,0.0,N
907468,1401607476,758008199,2025-10-17,Béja II,59.82007605032925,0.0,N
1552660,1400776126,758008200,2025-10-16,La Goulette,19.643243577456953,0.0,N
1073194,1400921880,758008201,2025-10-12,La Goulette,20.853556744056636,0.0,T
1590750,1401781340,758008204,2025-09-28,Kelibia,61.829535969332554,0.0,N
1617526,1401953994,758008205,2025-10-16,Ghardimaou,104.00315330633444,0.0,N
1533474,1400133474,758008207,2025-10-16,El Jem,70.89405509011655,0.0,N
1750710,1401931358,758008214,2025-10-15,Enfidha,103.01017095866696,0.0,N
1669612,1401933596,758008219,2025-10-17,Moknine,52.683092713389186,0.0,N
1007072,1400773214,758008225,2025-10-16,Ghardimaou,87.5772096330417,0.0,N
1597380,1401791356,758008227,2025-10-10,Béja II,323.12115497573194,0.0,N
1793374,1414160178,758008229,2025-10-10,Djerba 1,344.7614925649983,0.0,N
1313600,1401939552,758008240,2025-09-30,Medjez El Bab,127.66129780196,0.0,T
1768068,1414112126,758008242,2025-10-17,El Jem,90.7598849970631,0.0,N
1309406,1414158194,758008244,2025-10-14,Zarzis 1,291.21711441555635,0.0,N
1337578,1401537578,758008245,2025-10-18,Mahdia,99.82996877608434,0.0,N
1215710,1400713320,758008247,2025-10-05,Bizerte,283.6742201749776,0.0,N
814618,1401340950,758008252,2025-10-13,Zarzis 1,165.54858255788793,0.0,N
1360070,1400933338,758008254,2025-10-19,Bizerte,69.23856926453767,0.0,N
1217616,1401395320,758008256,2025-10-18,El Menzah,108.93745942436702,0.0,N
1816758,1415400170,758008258,2025-10-17,La Goulette,13.911645593099825,0.0,N
879274,1401746736,758008270,2025-10-16,Bizerte,77.28691996166569,0.0,N
1278978,1401733928,758008272,2025-10-18,Bizerte,83.30417040220114,0.0,N
1349318,1401815386,758008275,2025-10-14,Mahdia,1228.822765635144,0.0,N
1596992,1414121376,758008277,2025-10-18,Bab Benat,111.2931647447986,0.0,N
1693492,1401953950,758008281,2025-10-19,El Jem,49.0373141249575,0.0,N
1273796,1401217488,758008283,2025-10-18,Lac II,118.50248863882277,0.0,N
1755196,1414121168,758008285,2025-10-18,Sousse 3,50.08192413515937,0.0,N
955766,1401555320,758008288,2025-10-13,Bizerte,996.6024669984853,0.0,N
935512,1401393912,758008293,2025-10-19,Bizerte,27.0358920456302,0.0,N
1789408,1414150874,758008294,2025-10-11,Gabès 4,844.0399418802363,0.0,N
1789408,1414150874,758008294,2025-10-11,Gabès 4,1320.9830896219125,0.0,N
1061398,1401266954,758008295,2025-10-17,Moknine,139.2710297709216,0.0,N
1381594,1401701278,758008302,2025-10-14,Sfax 4,68.01248956626581,0.0,N
1316152,1401607734,758008306,2025-10-18,El Jem,564.6430890036171,0.0,N
1773412,1414106692,758008317,2025-10-15,Hammamet 2,108.20168794633197,0.0,N
1759576,1414093552,758008323,2025-10-13,Bizerte,139.11645593099826,0.0,N
1113380,1415413350,758008326,2025-10-17,Raoued,0.0,463.72151976999413,T
1315316,1401515316,758008329,2025-10-01,Lac II,267.3203079110891,0.0,N
1320150,1401909268,758008330,2025-10-17,Ariana,61.819024948217766,0.0,N
1775218,1414127514,758008333,2025-10-02,Sousse 3,447.65418740532357,0.0,N
1300752,1401467326,758008335,2025-10-19,Ezzahrouni,236.80743191022353,0.0,N
1527730,1414173932,758008337,2025-10-03,Sfax 5,2097.3626611432283,0.0,N
1375154,1401787418,758008340,2025-10-17,Ennasr,68.73094877422945,0.0,N
1349772,1414137152,758008342,2025-10-18,La Goulette,100.3610844900609,0.0,N
1697738,1401979554,758008347,2025-10-04,Sfax 2,330.6470460939191,0.0,N
1353300,1414093334,758008348,2025-10-19,Moknine,92.41537082264198,0.0,N
1346772,1401546772,758008352,2025-10-19,El Jem,31.556867715707796,0.0,N
1216154,1401375880,758008353,2025-10-01,Ain Zaghouan,61.829535969332554,0.0,N
1739018,1401913490,758008357,2025-10-18,Ariana,83.46987355859895,0.0,N
1391294,1401489574,758008358,2025-10-19,Moknine,97.38151915169877,0.0,N
1547296,1401989678,758008359,2025-10-19,Beni Khalled,57.48261044300863,0.0,N
1495330,1401589534,758008362,2025-10-16,Gabès 3,105.3278511144774,0.0,N
1313994,1401276950,758008363,2025-10-18,El Jem,99.0373141249575,0.0,N
1273208,1401215132,758008366,2025-10-18,Lac II,64.2718026401212,0.0,N
1372740,1414126014,758008367,2025-10-01,Sousse 2,449.96444801681764,0.0,N
1201356,1401112994,758008369,2025-10-03,Boussalem,197.07793613008934,0.0,N
1274790,1401474790,758008370,2025-10-19,Ain Zaghouan,55.6465823723993,0.0,N
1294958,1414139866,758008372,2025-10-19,Bardo,311.9324821467215,0.0,N
1733568,1414133180,758008373,2025-10-19,Béja II,69.55822796549913,0.0,N
1549736,1401489596,758008375,2025-10-19,Soukra,82.48183757380902,0.0,N
1809794,1414187320,758008381,2025-10-18,El Jem,33.38794942343958,0.0,N
1560132,1400967378,758008388,2025-10-13,Lac II,154.57383992333138,0.0,N
1133310,1400955694,758008399,2025-10-19,Bizerte,55.6465823723993,0.0,N
1769352,1414112772,758008402,2025-10-19,Lafayette,278.0860667140693,0.0,N
1333570,1401790156,758008408,2025-10-07,Bizerte,974.3654743871148,0.0,N
1099772,1400896096,758008409,2025-10-20,Djerba 1,89.03453179583887,0.0,N
1315552,1401515552,758008411,2025-10-19,Bizerte,984.0949701672489,0.0,N
1755606,1401861532,758008417,2025-08-27,Testour,337.38399233313754,0.0,N
1152992,1401895554,758008418,2025-10-20,Djerba 1,105.95109283704826,0.0,N
1341174,1401541174,758008419,2025-10-20,El Jem,23.46183571892293,0.0,N
1349354,1401499158,758008421,2025-10-20,El Jem,0.0,463.72151976999413,N
1772198,1414113590,758008423,2025-08-13,Mahdia,3815.3643305406995,185.48860790799765,N
1661366,1401907332,758008426,2025-10-19,Ain Zaghouan,83.46987355859895,0.0,N
1493068,1401759260,758008428,2025-10-19,Bizerte,83.46987355859895,0.0,N
1770954,1414117660,758008429,2025-10-19,Gabès 2,80.82635174823014,0.0,N
1366788,1401913970,758008433,2025-10-20,Mutuelleville,64.59177048876249,0.0,N
1313158,1414081988,758008434,2025-10-11,Ariana,61.829535969332554,0.0,N
931760,1401417754,758008435,2025-10-17,Gabès 2,80.82635174823014,0.0,N
795214,1414152932,758008438,2025-10-16,Gabès 1,494.63628775466043,0.0,N
1357538,1401557538,758008439,2025-10-20,Djerba 1,19.476303830339756,0.0,N
1292818,1414131546,758008440,2025-10-05,Bizerte,77.13234612174236,0.0,N
961752,1401995334,758008441,2025-10-16,Bizerte,4479.566574952855,0.0,N
961752,1401995334,758008441,2025-10-16,Bizerte,1164.9327603796335,0.0,N
1670728,1401927956,758008442,2025-10-12,Mahdia,1261.9646335054256,0.0,N
1777172,1414129734,758008444,2025-10-20,Enfidha,5211.087581537701,0.0,N
1711926,1414012952,758008449,2025-10-03,Hammamet 1,6427.180264012119,0.0,N
1334740,1401331332,758008450,2025-10-14,Sousse 3,217.83163817355552,0.0,N
1409536,1401535552,758008451,2025-10-20,Chebba,95.06383899588835,0.0,N
1338106,1401538106,758008457,2025-10-19,Bizerte,55.6465823723993,0.0,N
994734,1400735414,758008460,2025-10-15,Bizerte,13.911645593099825,0.0,N
1493348,1401591780,758008470,2025-10-20,Djerba 1,32.219371193619196,0.0,N
1535078,1401686152,758008471,2025-10-20,Bizerte,90.7598849970631,0.0,N
1794134,1414161592,758008478,2025-10-17,Sousse 3,75.12288620273905,0.0,N
1533752,1401519534,758008479,2025-10-20,Mutuelleville,55.6465823723993,0.0,N
1719968,1414140750,758008480,2025-10-18,Boussalem,166.9397471171979,0.0,N
1713990,1401993678,758008483,2025-08-30,Zarzis 1,5191.312641048629,328.09936006430274,N
1535358,1414077512,758008489,2025-10-19,Bizerte,194.76303830339754,0.0,N
1531408,1414109592,758008497,2025-09-01,Mahdia,657.4897208396451,0.0,N
1734120,1414099776,758008498,2025-10-20,Lac II,2860.392617553405,0.0,N
1327772,1401955546,758008503,2025-10-19,Grombalia,123.65907193866511,0.0,N
791474,1401778936,758008504,2025-10-20,Chebba,26.432126626889666,0.0,N
1371990,1401393326,758008511,2025-08-22,Testour,2138.010943827867,0.0,T
1101576,1400997294,758008518,2025-10-21,Bizerte,97.38151915169877,0.0,N
1499398,1414133516,758008523,2025-10-17,Mahdia,16.69397471171979,0.0,N
1773372,1414113074,758008525,2025-10-20,Mutuelleville,52.86425325377933,0.0,N
1556926,1401735758,758008530,2025-10-21,Gabès 1,166.9397471171979,0.0,N
1313134,1401291272,758008535,2025-10-18,El Menzah,123.65907193866511,0.0,N
1353788,1401127170,758008537,2025-10-19,Gabès 4,70.89405509011655,0.0,N
1318660,1414192074,758008543,2025-10-20,Zarzis 1,89.00547191393329,0.0,N
1359366,1401151536,758008547,2025-10-19,Ain Zaghouan,129.8423346832782,0.0,N
1533294,1400691418,758008548,2025-08-05,Bizerte,352.24224812192784,0.0,N
681330,1400753598,758008550,2025-10-18,Zarzis 1,46.835564349089566,0.0,N
769110,1401291596,758008552,2025-10-14,Soukra,61.489473521501225,0.0,N
1146692,1414001292,758008559,2025-10-20,Beni Khalled,77.34844034995518,0.0,N
1609354,1401815574,758008560,2025-10-11,Beni Khalled,73.57714780350574,0.0,N
1775472,1414114948,758008561,2025-10-11,Kairouan 1,273.41020805638857,0.0,N
1399146,1401557952,758008565,2025-10-14,Sousse 2,0.0,463.72151976999413,N
867352,1401797894,758008566,2025-10-20,Bizerte,105.72850650755866,0.0,N
1295134,1401976816,758008570,2025-10-16,Medjez El Bab,229.60923733267384,0.0,N
1073296,1400921392,758008573,2025-10-21,Mutuelleville,111.2931647447986,0.0,N
1692952,1401969292,758008576,2025-10-05,Jendouba,0.0,1236.590719386651,N
973670,1414160066,758008585,2025-10-17,Djerba 2,99.99690852320154,0.0,N
1552876,1400152876,758008586,2025-10-18,Zarzis 1,110.05657402541195,0.0,N
1186154,1401135212,758008588,2025-10-09,Bizerte,102.97121835100629,0.0,N
1727966,1414135668,758008590,2025-10-14,Zarzis 1,539.4627013324265,0.0,N
1395538,1401411550,758008591,2025-10-21,Soliman,358.96744674931216,0.0,N
1527412,1401671474,758008592,2025-10-21,Chebba,70.23155161220515,0.0,N
1793154,1414153092,758008593,2025-10-20,Gabès 2,1074.7036819488671,0.0,T
1696952,1401976928,758008600,2025-10-02,M'saken,188.05453365072495,0.0,N
1177892,1401091500,758008603,2025-10-14,Gabès 1,605.8234148452716,0.0,N
973778,1400715116,758008606,2025-10-20,Bizerte,110.25535598355334,0.0,N
1351952,1401927676,758008608,2025-10-21,Gabès 3,372.2870745355056,0.0,N
1753338,1401935974,758008611,2025-10-21,Gabès 4,108.51083562617863,0.0,N
1355006,1401555006,758008612,2025-10-21,Ariana,53.01882709370266,0.0,N
753730,1401215334,758008619,2025-10-19,Sousse 3,152.83117445203575,0.0,N
1695356,1401953486,758008629,2025-10-21,Ghardimaou,160.29028967137603,0.0,N
1527294,1401673354,758008630,2025-10-21,Zarzis 1,132.43886604631032,0.0,N
1469916,1401534172,758008633,2025-10-21,Djerba 2,90.2921445574551,0.0,N
1533118,1401318014,758008638,2025-10-21,Zarzis 1,148.39088632639812,0.0,N
1547212,1401949576,758008643,2025-10-22,Ain Zaghouan,44.93461526571243,0.0,N
707550,1414131492,758008647,2025-10-21,Ain Zaghouan,111.2931647447986,0.0,N
1329328,1401529328,758008648,2025-10-22,Lac II,86.56135035706558,0.0,N
1809596,1414186926,758008652,2025-10-23,Gabès 2,69.23856926453767,0.0,N
1392934,1401973814,758008653,2025-10-16,Djerba 1,205.34454508918913,0.0,N
1359400,1401149514,758008658,2025-10-22,Ain Zaghouan,44.40597273317464,0.0,N
1771876,1414119860,758008660,2025-10-21,Ennasr,108.20168794633197,0.0,N
1769578,1414112732,758008662,2025-10-13,Ettadhamen,881.1333353943179,0.0,N
1769578,1414112732,758008665,2025-10-17,Ettadhamen,30.914767984666277,0.0,N
1716172,1414108874,758008666,2025-10-22,Grombalia,991.2282437320308,0.0,N
1716172,1414108874,758008666,2025-10-22,Grombalia,1039.7443348687668,0.0,N
973118,1401947468,758008667,2025-10-23,Béja,88.11079852845705,0.0,N
1518928,1401737556,758008671,2025-10-23,Ain Zaghouan,111.2931647447986,0.0,N
1734938,1401874196,758008679,2025-10-24,Sousse 3,166.9397471171979,0.0,N
1269308,1401017154,758008681,2025-10-23,La Marsa,111.2931647447986,0.0,N
1572954,1401737698,758008692,2025-10-24,Raoued,86.12390639008255,0.0,N
1154976,1401341534,758008695,2025-10-20,Chebba,60.65477478591524,0.0,N
936180,1414197196,758008696,2025-10-23,Gabès 2,100.99854700590473,0.0,N
1756012,1401861146,758008697,2025-10-22,Bizerte,2009.459919003308,0.0,N
1361354,1401561354,758008700,2025-10-23,Soukra,50.696509722694536,0.0,N
789212,1401747510,758008701,2025-10-23,El Jem,83.46987355859895,0.0,N
1275352,1401475352,758008707,2025-10-23,Gabès 4,70.42909697962718,0.0,N
1410874,1414121314,758008712,2025-10-22,Sousse 1,36.17027854205954,0.0,N
1756794,1414091480,758008716,2025-10-16,La Goulette,836.8034129903856,0.0,N
892092,1400815546,758008717,2025-10-24,Bizerte,83.46987355859895,0.0,N
1487556,1401595148,758008720,2025-10-04,Djerba 2,440.99916530126444,0.0,N
951372,1401361532,758008721,2025-10-23,Menzel Bourguiba,55.090116548675304,0.0,N
1614934,1401955772,758008722,2025-10-20,Gabès 1,123.65907193866511,0.0,N
1574696,1401753986,758008723,2025-10-24,Medjez El Bab,28.54391442792222,0.0,N
1789326,1414151374,758008725,2025-10-23,Ghardimaou,94.07085664822085,0.0,N
1121534,1401129396,758008727,2025-10-23,Bizerte,66.72025226450675,0.0,N
1341330,1401559152,758008731,2025-10-22,Gabès 2,111.2931647447986,0.0,N
1693552,1401955890,758008734,2025-10-13,Djerba 2,102.6645438525984,0.0,N
1529308,1401697726,758008736,2025-10-22,Kairouan 2,123.65907193866511,0.0,N
1552888,1400152888,758008737,2025-10-23,Zarzis 1,1297.8019599962904,0.0,N
1260740,1401190934,758008738,2025-10-24,Kairouan 2,27.252913716882556,0.0,N
1287294,1401487294,758008739,2025-09-27,La Marsa,191.6715615049309,0.0,N
953932,1401354170,758008740,2025-10-20,Lac II,111.75688626456859,0.0,N
1293112,1401493112,758008741,2025-10-21,Gabès 4,71.10396636473244,0.0,N
1061272,1414158128,758008742,2025-09-17,Raoued,331.0353355798065,0.0,N
1815012,1414177336,758008744,2025-10-24,Lac II,64.28942405787245,0.0,N
1307812,1414132180,758008745,2025-10-03,Chebba,168.19024948217765,0.0,N
1591414,1401781292,758008746,2025-10-19,Zarzis 1,380.56048474356203,0.0,N
1500754,1401755552,758008748,2025-09-22,Djerba 1,61.829535969332554,0.0,N
1671866,1401931494,758008749,2025-10-01,Beni Khalled,1013.643305406993,0.0,N
1767312,1414111280,758008753,2025-09-12,El Ouerdia,59.06853804062201,0.0,N
1515532,1400115532,758008757,2025-10-12,Djerba 1,86.56135035706558,0.0,T
1293532,1401511008,758008766,2025-10-23,Raoued,47.299595016539406,0.0,N
1797540,1414173594,758008767,2025-10-24,Mutuelleville,33.17371008130584,0.0,N
1795948,1414172872,758008769,2025-10-06,Nabeul 2,154.57383992333138,0.0,N
1493374,1414093466,758008770,2025-10-22,Gabès 4,82.86456240145918,0.0,N
1737586,1414132914,758008771,2025-09-27,Nabeul 2,154.57383992333138,0.0,N
1695208,1401951978,758008776,2025-10-22,Bizerte,133.55179769375832,0.0,N
1748754,1414075732,758008777,2025-10-23,Lac II,70.23155161220515,0.0,N
1734090,1414129536,758008778,2025-08-25,Enfidha,158.20076050329243,0.0,T
1589592,1401955510,758008779,2025-10-24,Gabès 2,51.438464154326525,0.0,N
1531546,1401679954,758008780,2025-09-05,Lac II,473.0268649333787,0.0,N
1799756,1414171492,758008783,2025-10-23,Djerba 2,80.69403654125576,0.0,N
1354860,1401554860,758008785,2025-10-23,Bizerte,50.36603085293845,0.0,N
1753780,1414096956,758008786,2025-10-23,Sfax 4,58.428911491019264,0.0,N
1753948,1414093352,758008790,2025-09-12,Monastir 1,229.36717469935388,0.0,T
1314196,1414139346,758008791,2025-10-21,El Menzah,106.65594954709866,0.0,T
1135876,1401775140,758008795,2025-10-21,Boussalem,693.2160633134449,0.0,N
1793792,1414147274,758008796,2025-10-12,Nabeul 2,122.11333353943179,0.0,N
1178934,1401121520,758008797,2025-09-13,Medjez El Bab,61.829535969332554,0.0,N
1538152,1401691338,758008801,2025-10-23,El Menzah,248.14078585340218,0.0,N
1733188,1414126734,758008806,2025-10-24,El Jem,46.23705444090643,0.0,N
1215334,1401415334,758008808,2025-10-24,Lac II,55.6465823723993,0.0,N
1715610,1414012156,758008817,2025-10-18,Gabès 4,45.463257798250226,0.0,N
1277586,1400781148,758008818,2025-10-25,Gabès 3,87.11719788542987,0.0,N
1521372,1401511188,758008820,2025-10-16,Chebba,90.22753269236715,0.0,N
1554892,1401499328,758008821,2025-10-25,Lac II,80.19290815222432,0.0,N
1686914,1401959300,758008826,2025-08-31,Chebba,2077.179645716759,0.0,N
807396,1400698160,758008837,2025-10-24,La Marsa,46.37215197699941,0.0,N
1774148,1414101412,758008838,2025-10-10,Hammamet 2,341.05110211147866,0.0,N
1013732,1400772126,758008840,2025-10-23,La Goulette,111.2931647447986,0.0,N
1369958,1401329134,758008844,2025-10-19,Bizerte,1653.369091414969,0.0,N
1509888,1401759778,758008852,2025-10-10,Teboulba,257.3654434723467,0.0,N
1214866,1401414866,758008853,2025-10-08,Bizerte,77.28691996166569,0.0,T
1353532,1401394938,758008860,2025-10-17,Testour,584.0980616440474,0.0,N
1397386,1401733932,758008862,2025-10-25,Bizerte,81.024206263332,0.0,N
1267954,1401309556,758008865,2025-10-25,Zarzis 1,34.86536618542678,0.0,N
1817392,1415400068,758008868,2025-10-25,Zarzis 1,83.46987355859895,0.0,N
729066,1414095178,758008876,2025-10-24,Chebba,68.11141682381674,0.0,N
1512938,1400112938,758008878,2025-10-22,Ezzahrouni,1238.7547531455778,0.0,N
1337330,1401335396,758008884,2025-10-13,Gabès 1,192.9381395492627,0.0,N
1115796,1400915730,758008889,2025-10-16,Jendouba,465.93099823785826,0.0,T
1294808,1401494808,758008895,2025-10-18,Jendouba,1003.9233932049341,0.0,N
1752610,1401920732,758008901,2025-10-25,Bizerte,100.98463536031163,0.0,N
1551558,1400151558,758008903,2025-10-16,Bizerte,77.28691996166569,0.0,T
1552136,1401493572,758008904,2025-09-29,Mahdia,1384.895044362692,0.0,N
1320192,1401957472,758008908,2025-10-22,Jendouba,82.25399573376203,0.0,N
1472952,1401570980,758008916,2025-10-02,Testour,241.55377623890934,0.0,N
1216774,1414112872,758008919,2025-10-22,Ezzahrouni,1021.5797446440165,0.0,N
1554740,1401995338,758008921,2025-10-24,Ghardimaou,104.00315330633444,0.0,N
949880,1401375992,758008922,2025-10-07,Menzel Bourguiba,1236.8844096825053,0.0,N
1352152,1401552152,758008924,2025-10-25,Jendouba,84.57476736637092,0.0,N
1279494,1401353370,758008925,2025-10-25,Sousse 2,94.07023835286117,0.0,N
1811328,1414191406,758008929,2025-10-25,El Jem,196.98890159829352,0.0,N
1774734,1414133360,758008931,2025-10-13,Ain Zaghouan,36.47942622190621,0.0,N
1534066,1400134066,758008937,2025-10-23,Mutuelleville,0.0,111.2931647447986,N
1661540,1401906934,758008939,2025-10-13,Sousse 2,457.47333601261323,0.0,N
1341166,1401473930,758008940,2025-10-11,Gabès 4,183.99789779577705,0.0,N
1713126,1414007286,758008942,2025-10-25,Kairouan 2,83.14465019940026,0.0,N
1561912,1401895334,758008945,2025-10-25,Djerba 1,44.40597273317464,0.0,N
1155548,1400795528,758008947,2025-10-17,Mahdia,83.46987355859895,0.0,N
1315194,1414073150,758008954,2025-10-25,Béja,98.03072927937676,0.0,N
1619378,1401951466,758008959,2025-10-25,Soukra,26.259622221535228,0.0,N
1475310,1401575312,758008964,2025-10-25,Béja II,70.71165795900703,0.0,N
1541206,1400141206,758008974,2025-10-25,Bizerte,25.494481713914737,0.0,N
1599334,1400199334,758008978,2025-10-22,Zarzis 1,0.0,1768.324728722911,N
1735954,1401933758,758008979,2025-10-16,El Kram,92.74584969239807,0.0,N
1200154,1401501532,758008984,2025-10-17,El Menzah,125.87195103100753,0.0,N
1759316,1414153394,758008988,2025-10-26,Sousse 2,89.13716882554797,0.0,N
1213572,1401351338,758008990,2025-10-25,Lac II,35.56002102204223,0.0,N
1554752,1401379734,758008994,2025-10-25,Sousse 3,23.46183571892293,0.0,N
1315532,1401515532,758008997,2025-10-25,Zarzis 1,63.826629981142,0.0,N
1355588,1401555588,758008999,2025-10-25,Raoued,84.46842056450367,0.0,N
1574710,1414111134,758009000,2025-10-24,Djerba 2,44.40566358549479,0.0,N
1359674,1401152134,758009001,2025-10-23,Bizerte,296.97251677126167,0.0,N
1317320,1401933540,758009002,2025-10-25,Ariana,39.68188703743779,0.0,N
1573014,1400173014,758009003,2025-10-22,Mahdia,272.7455405447182,0.0,N
1489988,1401614108,758009015,2025-10-18,Gabès 4,200.9459919003308,0.0,N
1309672,1414093494,758009016,2025-10-25,Medjez El Bab,20.630661266887195,0.0,N
1261958,1401539526,758009017,2025-10-26,Gabès 1,1404.0028441586546,0.0,N
1332896,1401174008,758009022,2025-10-25,La Goulette,71.55563112498841,0.0,N
1299160,1400618934,758009024,2025-09-30,Bizerte,695.7955915540854,0.0,N
1337134,1401537134,758009027,2025-10-26,Lac II,827.4949763502026,0.0,N
1347548,1401757950,758009029,2025-10-24,Kairouan 2,115.72788821219898,0.0,N
1535172,1414152768,758009032,2025-10-25,Raoued,133.13970383652273,0.0,N
1333336,1401934106,758009035,2025-10-18,Grombalia,117.72343648560918,0.0,N
14014672,1415413590,758009041,2025-10-25,Ennasr,0.0,463.72151976999413,N
14014672,1415413590,758009041,2025-10-25,Ennasr,1912.173617337002,0.0,N
1326878,1401819716,758009042,2025-10-12,Lac II,338.4548798961264,0.0,T
1395772,1401411996,758009043,2025-10-13,Zarzis 1,2628.6261477107614,0.0,N
1275276,1401179986,758009044,2025-10-26,Mutuelleville,88.39892416607414,0.0,N
1133130,1401679940,758009045,2025-10-26,Chebba,111.2931647447986,0.0,N
1693986,1401956952,758009052,2025-10-25,Gabès 3,538.0437134819304,0.0,N
1100754,1414081340,758009056,2025-10-24,Menzel Temim,64.2718026401212,0.0,N
1694748,1401973398,758009059,2025-10-10,Béja,242.91526262095405,0.0,N
1741934,1401955892,758009062,2025-10-04,Ghardimaou,536.1464741707114,0.0,N
1775948,1414127752,758009067,2025-08-27,Gabès 1,491.63199060191056,0.0,N
1315952,1401515952,758009068,2025-10-25,El Jem,30.96454076112159,0.0,N
1731554,1414199472,758009069,2025-10-23,Sfax 1,64.60289980523696,0.0,N
793968,1401756692,758009075,2025-10-25,Ariana,787.3342195566822,0.0,N
1373780,1401573780,758009076,2025-08-15,La Marsa,6268.20508857081,0.0,N
929180,1400671272,758009084,2025-10-26,Sousse 3,369.17148421801096,0.0,T
1393136,1415414074,758009090,2025-10-22,Grombalia,278.2329118619965,0.0,N
1169270,1401734750,758009095,2025-10-25,Grombalia,46.93016353912264,0.0,N
1557992,1414154194,758009101,2025-09-30,Gabès 1,2129.492997805052,0.0,N
1350932,1401550932,758009102,2025-10-13,La Marsa,92.74430395399882,0.0,N
1577378,1414120898,758009105,2025-10-26,Chebba,70.39292670108512,0.0,N
1513274,1400113274,758009110,2025-10-26,Ain Zaghouan,84.13763254706774,0.0,N
1507412,1401752774,758009112,2025-10-26,Zarzis 1,55.6465823723993,0.0,N
1121208,1401915354,758009116,2025-10-23,Djerba 2,1158.4190187652641,0.0,N
1398696,1401889954,758009119,2025-10-25,Sousse 3,152.81726280644264,0.0,N
1159558,1401728086,758009120,2025-10-26,El Jem,139.11645593099826,0.0,N
895734,1401354110,758009130,2025-10-25,Gabès 4,185.48860790799765,0.0,N
1758614,1401866070,758009131,2025-10-26,Bardo,75.12257705505921,0.0,N
1574194,1400174194,758009135,2025-10-26,Bizerte,55.99406436454695,0.0,N
1770756,1414117514,758009136,2025-10-26,Nabeul 2,1863.9190651374163,0.0,N
1574956,1400174956,758009138,2025-10-27,El Jem,111.88023618882741,0.0,N
1151576,1414151334,758009142,2025-10-25,Hammamet 2,25.86607722509043,0.0,N
1597694,1401973276,758009144,2025-10-14,Ain Zaghouan,360.77534238105545,0.0,N
811592,1414126676,758009160,2025-10-08,Lac II,1227.9463319627787,0.0,N
1336076,1401536076,758009162,2025-10-27,Zarzis 1,89.03453179583887,0.0,N
1370188,1414191360,758009166,2025-10-27,Bizerte,8285.157819890563,0.0,N
1700940,1401992092,758009169,2025-10-26,Hammamet 1,43.807462824991504,0.0,N
1775330,1414132976,758009172,2025-10-27,Sfax 5,1235.2771508949827,0.0,N
1775330,1414132976,758009172,2025-10-27,Sfax 5,1848.4335487062172,0.0,N
1775330,1414132976,758009176,2025-10-25,Sfax 5,929.2243484712648,0.0,N
1686720,1401959554,758009180,2025-10-11,Bizerte,324.1227934584351,0.0,N
1189312,1401291696,758009181,2025-10-02,Bizerte,92.74430395399882,0.0,N
879136,1401476960,758009182,2025-10-27,Zarzis 1,70.89343679475687,0.0,N
1532946,1401518110,758009184,2025-10-13,Bizerte,0.0,408.3129811110768,N
1080718,1400866996,758009190,2025-10-17,Djerba 2,469.9044733669274,0.0,N
1412954,1401460954,758009195,2025-10-24,Boussalem,389.0778124710174,0.0,N
1509576,1400875014,758009197,2025-10-20,Mutuelleville,184.82023062416917,0.0,N
1133976,1400814752,758009200,2025-10-27,Bizerte,27.252913716882556,0.0,N
1093326,1400873528,758009205,2025-10-26,Ariana,78.90407147494359,0.0,N
1154086,1400799512,758009206,2025-10-23,Ghardimaou,50.08192413515937,0.0,N
1109152,1401555298,758009758,2025-10-15,Medjez El Bab,148.97826691810678,0.0,N
1796716,1414167408,758009220,2025-10-01,Sfax 5,1224.0754938634186,0.0,N
1331514,1401335752,758009221,2025-10-25,Menzel Bourguiba,64.27211178780104,0.0,N
1713396,1401993398,758009227,2025-08-17,Gabès 1,8103.783967601324,775.9470739172103,N
1713396,1401993398,758009227,2025-08-17,Gabès 1,6106.498284230377,0.0,N
1729212,1415414172,758009230,2025-10-27,Mahdia,69.48588740841501,0.0,N
1667218,1401918750,758009232,2025-10-27,Ghardimaou,87.97724673076328,0.0,N
1269328,1401213898,758009233,2025-10-27,Chebba,111.2931647447986,0.0,N
673928,1414154920,758009234,2025-09-20,Ariana,822.6846384517885,0.0,N
1496928,1401615390,758009238,2025-10-26,Chebba,928.348842241939,0.0,N
1595292,1401768730,758009241,2025-10-27,Zarzis 1,92.74430395399882,0.0,N
1795134,1414175358,758009242,2025-10-26,Mutuelleville,111.2931647447986,0.0,N
1146794,1401695126,758009247,2025-10-19,Gabès 1,698.5318576684083,0.0,N
901550,1401752676,758009251,2025-10-20,Sfax 2,497.10359538751663,0.0,N
1395728,1401595728,758009255,2025-10-11,Medjez El Bab,679.2812316443566,0.0,N
1493348,1401609532,758009261,2025-10-09,Djerba 1,815.4790243299225,0.0,N
1518908,1401693736,758009262,2025-10-26,Zarzis 1,659.1155284879587,0.0,N
1355738,1401673896,758009267,2025-10-28,Jendouba,598.602961634773,0.0,N
1331538,1414193334,758009274,2025-10-25,Ariana,118.24898754134851,0.0,N
1019590,1400779526,758009275,2025-10-26,La Goulette,70.56233962964109,0.0,N
1741872,1401955906,758009278,2025-10-26,Béja,83.46987355859895,0.0,N
1577540,1400177540,758009293,2025-10-28,Mutuelleville,55.6465823723993,0.0,N
1353786,1400755528,758009299,2025-10-27,Gabès 4,139.11645593099826,0.0,N
1346730,1414169274,758009301,2025-10-28,Raoued,250.55461093764492,0.0,N
1313414,1401513414,758009304,2025-10-27,Lac II,94.59919003307881,0.0,N
1755696,1401959134,758009305,2025-10-27,Chebba,65.66296719943116,0.0,N
819710,1401351308,758009312,2025-10-25,Bizerte,0.0,711.0396636473243,N
1338714,1414150740,758009319,2025-10-22,Zarzis 1,636.0085943054997,0.0,N
1215016,1401958954,758009321,2025-10-18,Ain Zaghouan,154.57383992333138,0.0,N
1330132,1401530132,758009330,2025-10-17,Lac II,384.91761214332087,0.0,N
769512,1401292154,758009331,2025-10-27,Lac II,91.81686091445884,0.0,N
14013136,1415409940,758009332,2025-10-23,L'Aouina,867.7512597767955,0.0,T
1693466,1401955970,758009334,2025-10-28,Zarzis 1,76.19130058428912,0.0,N
1786698,1414149554,758009338,2025-10-22,Sfax 4,0.0,463.72151976999413,N
1557556,1401733012,758009341,2025-10-29,Boussalem,82.77429127894396,0.0,N
1359274,1400772732,758009343,2025-10-28,Ariana,111.2931647447986,0.0,N
1614778,1401955726,758009346,2025-10-25,Mahdia,1061.923516864006,0.0,N
1611818,1415411592,758009347,2025-10-28,Ghardimaou,104.9284323121155,0.0,N
1281952,1400888996,758009350,2025-08-02,Zarzis 1,2092.107150585835,0.0,N
1752086,1414067330,758009355,2025-10-28,Béja,86.36906050020094,0.0,N
1792754,1414153308,758009356,2025-10-20,Mutuelleville,47.299595016539406,0.0,N
1134196,1401419732,758009357,2025-10-29,Béja,278.2329118619965,0.0,N
1486886,1400086886,758009364,2025-10-25,Sousse 3,53.173400933626,0.0,N
1147306,1414117972,758009365,2025-10-29,Ariana,111.00442081182182,0.0,N
1751276,1401933540,758009370,2025-10-29,Sfax 5,33.874547871518224,0.0,N
14013998,1415411558,758009376,2025-10-30,Sousse 3,1858.0953411444648,0.0,N
1760152,1415415592,758009380,2025-10-28,Gabès 2,298.1262559124494,0.0,N
1557480,1400157480,758009381,2025-10-29,Lac II,123.65907193866511,0.0,T
1537074,1401541326,758009384,2025-10-30,Bizerte,34.25943673292732,0.0,N
1269940,1414121352,758009387,2025-10-23,Sousse 3,41.94330231551612,0.0,T
1555514,1401497414,758009390,2025-10-30,Soliman,22.28645624014592,0.0,N
1298732,1401275276,758009394,2025-10-30,Sfax 4,55.6465823723993,0.0,N
1357892,1401148932,758009396,2025-10-30,Zarzis 1,4323.817046403067,42.17578137076082,N
1296670,1400875546,758009397,2025-10-26,Jendouba,381.8295359693326,0.0,N
1572730,1401737508,758009401,2025-10-31,Bizerte,63.993569728259196,0.0,N
1598078,1401794152,758009402,2025-10-21,Monastir 2,237.8381302748323,0.0,N
1171152,1401147590,758009404,2025-10-30,La Goulette,0.0,56.547747859152324,N
1477334,1414113138,758009406,2025-10-27,Menzel Bourguiba,104.00377160169414,0.0,N
949108,1401797398,758009407,2025-10-26,Béja,0.0,463.72151976999413,T
753730,1401215334,758009415,2025-10-30,Sousse 3,439.4775404210592,0.0,N
1577554,1400177554,758009418,2025-10-31,Mutuelleville,33.7060623860018,0.0,N
1553672,1401908756,758009420,2025-10-30,Korba,6186.347420162612,0.0,N
1755488,1414087932,758009424,2025-10-29,Sfax 5,69.48805144217393,0.0,N
1295606,1401409368,758009425,2025-10-31,Gabès 2,71.55624942034811,0.0,N
1329874,1401529874,758009438,2025-10-31,Ennasr,70.89343679475687,0.0,N
1538130,1414097272,758009440,2025-10-29,Mutuelleville,73.82106532290476,0.0,N
795512,1414137712,758009441,2025-10-31,Djerba 1,649.6120196617925,0.0,N
1357340,1414133980,758009449,2025-10-31,Medjez El Bab,117.27795467895014,0.0,N
1307896,1401507896,758009450,2025-10-29,La Marsa,211.2508115126596,0.0,N
1289552,1401813328,758009460,2025-08-02,Ghardimaou,2132.9885306210776,10090.580270195072,N
1173768,1401017312,758009461,2025-10-30,Bizerte,61.523788913964204,0.0,N
1274688,1414151760,758009465,2025-10-31,La Goulette,482.83179274739547,0.0,N
1271778,1401213528,758009468,2025-10-30,Sousse 2,30.914767984666277,0.0,N
997496,1401866794,758009469,2025-10-28,Chebba,139.11645593099826,0.0,N
1518752,1414015338,758009471,2025-10-13,El Jem,263.2392493894333,0.0,N
1487174,1414195536,758009472,2025-10-28,Teboulba,77.28691996166569,0.0,N
1535946,1401538948,758009474,2025-10-31,Bizerte,87.66964478931587,0.0,N
1394176,1414112936,758009475,2025-10-07,Jendouba,345.00881070887567,0.0,N
1387808,1401061490,758009476,2025-10-28,Bizerte,97.21427025690173,0.0,N
1353360,1414139172,758009478,2025-09-29,Sfax 4,251.95535907503015,0.0,N
1393548,1401415516,758009481,2025-10-27,Ghardimaou,123.65907193866511,0.0,N
1552066,1415411800,758009485,2025-10-31,Gabès 2,94.07085664822085,0.0,N
1535554,1401948072,758009486,2025-10-31,Gabès 1,206.20150245772408,0.0,N
1775214,1414132938,758009497,2025-10-15,Ain Zaghouan,210.18332457414908,0.0,N
952092,1401555534,758009499,2025-10-21,Sfax 2,190.3641759668594,0.0,N
1357948,1401511090,758009502,2025-10-03,La Marsa,7824.740161375089,0.0,N
1554770,1401499552,758009509,2025-10-30,Ghardimaou,111.2931647447986,0.0,N
1389520,1414195760,758009516,2025-10-31,Béja II,44.51726589791944,0.0,N
1361408,1401561408,758009518,2025-10-31,Lac II,111.2931647447986,0.0,N
1392096,1401494992,758009521,2025-10-31,Testour,61.829535969332554,0.0,N
1798796,1414169954,758009522,2025-10-09,Gabès 1,13764.31631990602,355.5198318236622,N
1798796,1414169954,758009522,2025-10-09,Gabès 1,11718.545769314002,0.0,N
1131120,1401875950,758009526,2025-10-31,Djerba 1,194.92379509691781,0.0,N
1281132,1400667192,758009529,2025-10-31,Mutuelleville,111.2931647447986,0.0,N
1019394,1400779390,758009533,2025-10-28,Sfax 5,76.04692861780073,0.0,N
816674,1401355374,758009534,2025-10-30,Zarzis 1,78.832658360899,0.0,N
1719368,1414153532,758009537,2025-10-31,Sfax 2,190.2185674096516,0.0,N
1709790,1414000894,758009539,2025-11-01,Sousse Erriadh,108.01681763378366,0.0,N
1131536,1400953298,758009541,2025-10-31,Sfax 2,70.89343679475687,0.0,N
1401930,1401534994,758009542,2025-10-31,El Jem,111.2931647447986,0.0,N
1773692,1414135552,758009545,2025-10-31,Djerba 2,111.2931647447986,0.0,N
1339900,1401873076,758009549,2025-10-31,Gabès 4,83.46987355859895,0.0,N
1387328,1401677556,758009562,2025-09-30,Béja,26.432126626889666,0.0,N
1327538,1414067536,758009569,2025-10-31,Ain Zaghouan,72.54923176801559,0.0,N
1766810,1414109580,758009574,2025-10-31,Zarzis 1,660.1743592914336,0.0,N
1279276,1401479276,758009579,2025-10-26,Bizerte,81.52224317556497,0.0,N
1078072,1400874694,758009583,2025-10-21,Menzel Bourguiba,468.05360620768545,0.0,N
1348158,1401548158,758009585,2025-10-31,Bizerte,85.01561195783226,0.0,N
1619336,1401949894,758009586,2025-10-23,Sousse 3,2593.0420131696915,0.0,N
1535910,1401673954,758009587,2025-10-30,Djerba 2,324.46594738306493,0.0,N
1555498,1400155498,758009588,2025-10-31,La Marsa,55.6465823723993,0.0,N
1609354,1401815574,758009591,2025-10-07,Beni Khalled,173.12270071413116,0.0,N
1760716,1414097736,758009592,2025-09-29,Bardo,675.2252140847684,0.0,T
1697718,1401979508,758009604,2025-10-19,Kairouan 1,169.957646767861,0.0,N
1739112,1414138076,758009606,2025-10-03,El Jem,78.52351068105234,0.0,N
935968,1401554194,758009607,2025-10-31,Lac II,42.26357931183727,0.0,N
772926,1401295686,758009613,2025-10-29,Djerba 1,61.211240609639226,0.0,N
1332794,1414133526,758009617,2025-11-01,Sousse 2,78.17819272266362,0.0,N
1341376,1401711472,758009623,2025-10-28,Sfax 2,0.0,5224.5957894086005,N
733410,1414075936,758009625,2025-10-31,Soliman,70.23155161220515,0.0,N
1292746,1401755278,758009630,2025-10-14,Sousse 3,532.5405756329799,0.0,N
1787470,1414147372,758009641,2025-10-31,Teboulba,61.20289362228337,0.0,N
909538,1414095472,758009651,2025-10-28,Grombalia,65.36062076854114,0.0,N
1758150,1414092752,758009654,2025-08-18,Chebba,3075.159365628961,19.40890963613318,T
1339470,1401092120,758009657,2025-10-24,Zarzis 1,311.2362815717068,0.0,N
981570,1400733370,758009658,2025-11-01,Lac II,105.71954122484311,0.0,N
1359718,1401155314,758009665,2025-11-01,Mutuelleville,64.2718026401212,0.0,N
1139566,1400951548,758009667,2025-09-26,La Goulette,49.46362877546604,0.0,N
1361092,1414174140,758009670,2025-09-12,Lac II,29.369029585432962,0.0,N
1549334,1401711316,758009673,2025-08-26,Ariana,134.22079327294648,0.0,N
1579068,1400179068,758009678,2025-11-01,El Menzah,72.88465700064921,0.0,N
1097914,1401709520,758009686,2025-09-22,Ezzahrouni,90.86777753732959,0.0,N
1548940,1401709614,758009688,2025-09-30,Medjez El Bab,103.00800692490803,0.0,N
1217516,1414129588,758009696,2025-10-28,Medjez El Bab,108.20168794633197,0.0,N
1532998,1401555554,758009704,2025-10-27,Djerba 1,258.53804062200516,0.0,N
1695156,1401973172,758009712,2025-10-30,Ariana,106.78919219711257,0.0,N
1388950,1401311872,758009715,2025-11-02,Zarzis 1,83.2330664358364,0.0,N
1740114,1414093290,758009717,2025-11-01,Lac II,111.2931647447986,0.0,N
1711476,1414012156,758009724,2025-10-31,Lac II,83.46987355859895,0.0,N
1261540,1400898926,758009725,2025-11-01,Béja,98.04371348193033,0.0,N
1217166,1401679594,758009733,2025-11-02,Soukra,85.86113086221289,0.0,N
1797280,1414167208,758009737,2025-11-01,El Menzah,111.2931647447986,0.0,N
1301386,1401752890,758009749,2025-11-02,La Marsa,24.269329458682414,0.0,N
991336,1400753390,758009751,2025-10-31,Soukra,65.38473428756917,0.0,N
1741494,1414075336,758009760,2025-11-01,Jendouba,71.55624942034811,0.0,N
1374132,1414019126,758009761,2025-10-04,Gabès 3,63.257798250224134,0.0,N
1414694,1414190194,758009765,2025-10-16,Testour,289.8259498562463,0.0,T
1353406,1401553406,758009771,2025-11-02,Bizerte,63.940396327325566,0.0,N
1096608,1414152120,758009772,2025-11-02,Bizerte,408.78103069836465,0.0,N
1213750,1400755160,758009782,2025-11-02,Zarzis 1,74.19544316319906,0.0,N
1755340,1414147154,758009784,2025-09-18,Jendouba,801.6650694036541,0.0,N
1815956,1414198672,758009788,2025-10-23,L'Aouina,174.56920270813367,0.0,N
1133752,1401873546,758009789,2025-09-09,Gabès 1,80.37839676013232,0.0,N
946760,1400693472,758009791,2025-10-29,La Goulette,92.28058243422883,0.0,N
1119278,1400931540,758009792,2025-11-01,Lac II,111.2931647447986,0.0,N
1589352,1414132954,758009796,2025-10-23,Grombalia,358.69106872352927,0.0,N
1693194,1401969674,758009799,2025-10-21,Mutuelleville,182.5010047299595,0.0,N
1780092,1414135392,758009805,2025-10-24,Gabès 2,612.2360651683309,0.0,T
1779576,1414131750,758009807,2025-10-24,Bizerte,136.5820632516153,0.0,N
995474,1401966140,758009811,2025-10-25,Sousse 2,2868.099669211983,0.0,N
791546,1414177526,758009812,2025-10-11,Ain Zaghouan,3872.5328469409837,206.6707886357313,N
1548954,1401489540,758009814,2025-10-22,Teboulba,2213.4349398707764,0.0,N
1351110,1401551110,758009824,2025-11-01,Lac II,69.23826011685783,0.0,N
1214672,1401333200,758009827,2025-08-06,Ain Zaghouan,5782.46081553158,0.0,N
1131358,1400941690,758009833,2025-11-02,El Jem,69.23795096917799,0.0,N
1592694,1400993260,758009839,2025-10-30,Béja,98.92725755093208,0.0,N
935000,1414194978,758009844,2025-11-02,El Jem,69.23795096917799,0.0,N
1756608,1414089912,758009847,2025-10-17,Djerba 2,427.30392308405726,0.0,N
1211008,1401179592,758009848,2025-11-02,Raoued,100.3610844900609,0.0,N
1737270,1414134758,758009850,2025-11-02,Sfax 5,222.5863294895972,0.0,N
1306934,1401353386,758009854,2025-11-02,Boussalem,48.07864716975299,0.0,N
1719548,1414110978,758009855,2025-11-01,Grombalia,82.97616471388383,0.0,N
1072006,1401393416,758009860,2025-11-02,Ghardimaou,55.6465823723993,0.0,N
1500886,1401754688,758009862,2025-11-02,Sfax 4,72.54923176801559,0.0,N
1775472,1414114948,758009864,2025-10-26,Kairouan 1,111.2931647447986,0.0,T
1218950,1400978080,758009869,2025-11-03,Bizerte,56.28651806968189,0.0,N
1695190,1401973530,758009873,2025-10-19,La Marsa,1080.5338980430952,0.0,N
1099676,1400895932,758009874,2025-11-02,Zarzis 1,61.21093146195938,0.0,N
1409152,1401529012,758009880,2025-11-01,Bizerte,111.2931647447986,0.0,N
920932,1414170150,758009884,2025-10-17,Sousse 3,92.09509382632083,0.0,T
779734,1401315128,758009886,2025-11-02,La Marsa,197.11256067023217,0.0,N
1781926,1414138732,758009889,2025-11-02,Grombalia,139.11645593099826,0.0,N
1550980,1401950712,758009892,2025-11-03,Ghardimaou,111.2931647447986,0.0,N
1520000,1401739550,758009899,2025-11-01,Testour,139.11645593099826,0.0,N
1792886,1415409554,758009902,2025-11-02,Boussalem,654.9948990632826,0.0,N
1001874,1400759326,758009904,2025-11-03,Soukra,51.358704052926086,0.0,N
1013352,1401995012,758009906,2025-08-18,Sousse 2,14391.014931832937,1028.7989612637957,N
1756814,1401874600,758009912,2025-10-14,Hammamet 2,108.20168794633197,0.0,N
1612128,1401873406,758009914,2025-11-03,Zarzis 1,43.30076977772282,0.0,N
1546094,1401495720,758009922,2025-10-29,Raoued,734.0708566482209,0.0,N
1201192,1401750798,758009923,2025-10-19,Chebba,77.28691996166569,0.0,N
1806990,1414193474,758009925,2025-11-03,Mutuelleville,27.746004266237982,0.0,N
1493212,1401749988,758009929,2025-11-02,Sfax 3,55.6465823723993,0.0,N
1375998,1401153276,758009930,2025-11-02,Bizerte,30.626642347049188,0.0,N
1140726,1400781340,758009939,2025-11-02,Béja II,64.27211178780104,0.0,N
1375168,1401753534,758009945,2025-11-01,Testour,102.82220916932019,0.0,N
1359530,1400757916,758009946,2025-10-12,Gabès 3,449.9458991560269,0.0,N
1746816,1414119176,758009947,2025-11-03,Sousse 3,2132.5028596160387,0.0,N
1334688,1401367418,758009949,2025-10-09,Ariana,170.03122391566453,0.0,N
1415974,1401526174,758009951,2025-11-03,Gabès 1,194.76303830339754,0.0,N
1270716,1401929514,758009952,2025-11-02,Soliman,64.93399697035274,0.0,N
1335692,1401333128,758009954,2025-10-12,Zarzis 1,692.6747457260334,0.0,N
1733280,1401876768,758009956,2025-10-08,Sfax 1,3709.772158159953,0.0,N
1017474,1401941412,758009958,2025-10-12,Ennasr,351.57974464401644,0.0,N
1093752,1401014140,758009967,2025-10-29,Mutuelleville,262.8432312115498,0.0,N
1751694,1414081392,758009975,2025-11-02,Sfax 5,50.08192413515937,0.0,N
1215792,1401415792,758009976,2025-10-05,Ghardimaou,179.92735029523604,0.0,N
1578938,1401761192,758009990,2025-11-03,Zarzis 1,46.37215197699941,0.0,N
1594014,1414107412,758009996,2025-11-04,Bizerte,62.908461371997404,0.0,N
1318730,1401518730,758010000,2025-10-07,Zarzis 1,692.9143351779145,0.0,N
1167554,1401019746,758010001,2025-10-07,Medjez El Bab,612.0972578600798,0.0,T
1418812,1414009326,758010007,2025-10-17,Ghardimaou,181.77729001143848,0.0,N
1126794,1401753994,758010015,2025-10-26,Djerba 2,392.6657804433178,0.0,N
1679948,1401953880,758010018,2025-08-07,Zarzis 1,3666.889974340743,107.00435898228585,N
1315528,1401515528,758010020,2025-10-02,Mutuelleville,537.6075061056667,0.0,N
1407474,1400007474,758010021,2025-10-13,Boussalem,199.22311188054536,0.0,N
1332678,1414194618,758010022,2025-11-04,Sfax 5,630.7846168114509,0.0,T
1211494,1401515198,758010025,2025-11-03,Ain Zaghouan,78.04927814016756,0.0,N
1689088,1401975210,758010029,2025-10-29,Jemmal,808.1120351191764,0.0,N
1689088,1401975210,758010029,2025-10-29,Jemmal,393.54468729712187,0.0,N
1752106,1401959818,758010035,2025-10-01,Gabès 3,333.0447954988098,0.0,N
1279736,1401013130,758010048,2025-10-28,Bizerte,504.6987355859895,0.0,N
1348680,1401673728,758010051,2025-10-29,El Jem,103.25532506878537,0.0,N
1346930,1401546930,758010055,2025-10-31,Djerba 1,2207.804433177729,0.0,N
1529758,1401676980,758010059,2025-10-12,La Marsa,351.7250440535444,0.0,N
1517370,1401731934,758010061,2025-10-12,Sfax 4,547.3351469997218,0.0,N
1289012,1401333310,758010064,2025-09-17,Ain Zaghouan,167.7558969919931,0.0,N
1473468,1414159192,758010065,2025-10-31,Lac II,127.20190434970786,0.0,N
1574692,1401733958,758010068,2025-10-26,El Jem,637.4006863078492,0.0,N
966900,1401507558,758010070,2025-10-10,Bizerte,685.2082109623767,0.0,N
1069354,1401313532,758010082,2025-11-03,Gabès 3,3053.879185086716,0.0,N
1069354,1401313532,758010082,2025-11-03,Gabès 3,111.2931647447986,0.0,N
1614108,1414194748,758010083,2025-10-31,Mahdia,467.8950134479241,0.0,N
1672874,1401915728,758010086,2025-11-03,Djerba 1,89.03453179583887,0.0,N
1275866,1401475866,758010091,2025-11-03,Sousse 3,62.908461371997404,0.0,N
1353592,1414111914,758010093,2025-10-29,La Marsa,126.56506012922374,0.0,N
1301578,1401267274,758010100,2025-11-05,Béja,92.02275326923672,0.0,N
899692,1401960754,758010102,2025-11-04,Medjez El Bab,67.5824651435991,0.0,N
1681920,1401949594,758010103,2025-11-03,Chebba,194.76303830339754,0.0,N
1519200,1401747094,758010104,2025-11-03,La Marsa,137.79144897517546,0.0,N
1515566,1401473570,758010106,2025-11-04,Béja,52.55510557393267,0.0,N
1553970,1401719520,758010107,2025-11-03,Teboulba,38.785667913562314,0.0,N
1551496,1414156748,758010112,2025-11-01,Teboulba,0.0,295.647200667759,T
1757114,1401875138,758010113,2025-10-31,Ghardimaou,710.526169351099,0.0,N
1595330,1401767532,758010116,2025-11-04,Sfax 5,110.90673014499026,2825.996228398306,N
775354,1401299380,758010123,2025-11-06,El Jem,100.84428231366124,0.0,N
1017158,1400776752,758010128,2025-11-06,Zarzis 1,54.20533588895416,0.0,N
1693754,1401957280,758010130,2025-11-06,Medjez El Bab,0.0,556.465823723993,N
1514010,1401727374,758010138,2025-11-08,El Menzah,16.69397471171979,0.0,N
1741536,1414075332,758010139,2025-10-20,Mahdia,958.6669552045013,0.0,N
1109788,1400915372,758010143,2025-11-08,Béja II,69.53040467431292,0.0,N
1574726,1414166792,758010149,2025-10-12,Sousse 3,486.10381179089256,0.0,N
1069498,1414154738,758010153,2025-11-06,Zarzis 1,4158.644696571552,0.0,N
1353868,1401291598,758010155,2025-10-22,La Marsa,160.57130491235665,0.0,N
1306690,1415412154,758010158,2025-11-08,Gabès 1,89.03453179583887,0.0,N
772670,1401295500,758010163,2025-11-07,Zarzis 1,55.6465823723993,0.0,N
14001580,1415415688,758010165,2025-10-19,Menzel Temim,314.8764955019013,0.0,N
1155114,1401911316,758010167,2025-11-02,Bizerte,12870.360775342382,660.5694500262775,N
1554928,1400154928,758010170,2025-11-01,Ezzahrouni,989.2725755093209,0.0,N
1219138,1401419138,758010175,2025-10-23,Bizerte,430.9796889974341,0.0,N
1731270,1401887930,758010178,2025-11-07,Sfax 5,82.4824558691687,0.0,N
959928,1401952914,758010180,2025-10-26,Sousse Erriadh,238.69292360960833,0.0,N
1199174,1401077748,758010183,2025-11-07,Zarzis 1,63.99387887593904,0.0,N
1175556,1401154612,758010185,2025-10-28,Lac II,1085.0273595696665,0.0,N
968160,1414091012,758010186,2025-11-06,La Marsa,50.08192413515937,0.0,N
1714008,1401987552,758010188,2025-11-07,Korba,73.8399233313754,0.0,N
1487174,1414195536,758010190,2025-10-31,Teboulba,124.09187869045043,0.0,N
1101366,1414139158,758010191,2025-11-07,Zarzis 1,105.72850650755866,0.0,N
1353312,1401353392,758010194,2025-10-11,Gabès 4,0.0,463.72151976999413,N
1167066,1414195394,758010197,2025-10-23,La Goulette,1324.046743129193,0.0,N
14007310,1415413352,758010199,2025-11-05,Soukra,270.47330509784524,0.0,N
1321860,1414146772,758010200,2025-11-05,Lac II,94.59857173771911,0.0,N
1355532,1401555532,758010202,2025-10-31,Bizerte,538.7825764367639,0.0,N
1319296,1401519296,758010203,2025-10-10,Bizerte,4170.337589266393,0.0,N
1354106,1401554106,758010205,2025-11-07,Lac II,111.2931647447986,0.0,N
1775370,1414127360,758010206,2025-11-07,Enfidha,139.11645593099826,0.0,N
1777552,1414131548,758010217,2025-10-26,L'Aouina,224.1697839057718,0.0,N
787534,1401371292,758010220,2025-11-07,Sousse 3,110.45815686153276,0.0,N
1561354,1400161354,758010225,2025-11-07,Zarzis 1,111.2236065168331,0.0,N
1576936,1400176936,758010226,2025-11-07,El Menzah,55.6465823723993,0.0,N
1733928,1414127990,758010228,2025-10-19,Chebba,22305.288589359137,1143.562927010233,N
1501360,1415413748,758010230,2025-11-06,Ghardimaou,89.03453179583887,0.0,N
1397552,1401967480,758010234,2025-11-04,Bizerte,13.911645593099825,0.0,N
1691934,1401967314,758010238,2025-11-06,Menzel Bourguiba,34.00624478313291,0.0,N
1759218,1401867130,758010240,2025-11-08,Menzel Bourguiba,64.27211178780104,0.0,N
1615672,1401917332,758010251,2025-11-07,Sfax 4,31.454230685998702,0.0,N
1691400,1401967354,758010267,2025-08-07,Raoued,1092.3779639533807,0.0,N
1557072,1401732012,758010269,2025-11-08,Boussalem,115.88400779052154,0.0,N
1327994,1401527994,758010273,2025-11-06,Bizerte,111.2931647447986,0.0,N
1195326,1401976818,758010274,2025-09-28,La Marsa,61.644047361424555,0.0,N
1717132,1414014886,758010278,2025-11-07,Ain Zaghouan,83.46987355859895,0.0,N
1215554,1401093594,758010279,2025-10-28,La Marsa,108.20168794633197,0.0,N
1113732,1400921986,758010286,2025-11-08,Bizerte,30.605620304819613,0.0,N
1539114,1401693074,758010288,2025-10-26,Zarzis 1,43.28067517853279,0.0,N
1711908,1415413494,758010290,2025-11-06,Sfax 3,61.211240609639226,0.0,N
1332720,1401939790,758010296,2025-11-06,Zarzis 1,72.34055708411908,0.0,N
1714074,1414097332,758010303,2025-11-08,Gabès 4,0.0,463.72151976999413,T
1514196,1401727732,758010306,2025-10-26,Sousse 2,246.85596809595944,0.0,N
1017528,1400777120,758010308,2025-10-22,La Marsa,200.9459919003308,0.0,N
1332092,1401795812,758010309,2025-11-05,Menzel Bourguiba,55.6465823723993,0.0,N
1341740,1401120170,758010310,2025-11-08,Moknine,98.89634278294741,0.0,N
1155978,1400997512,758010311,2025-11-08,El Jem,24.767675518595233,0.0,N
1591552,1401780730,758010312,2025-11-07,Ghardimaou,83.46987355859895,0.0,N
754134,1401606696,758010313,2025-11-07,Zarzis 1,88.96497356787337,0.0,N
1353494,1401553494,758010314,2025-11-05,Bizerte,55.6465823723993,0.0,N
1479328,1401595510,758010319,2025-11-08,Zarzis 1,344.506136581445,0.0,N
1532138,1401948918,758010325,2025-10-16,Jendouba,60061.86292391876,604.4523448851517,N
1729918,1414137214,758010331,2025-11-07,Ghardimaou,100.69279995053638,0.0,N
1358730,1401469998,758010333,2025-11-07,Ghardimaou,63.6736018796179,0.0,N
871738,1401953274,758010334,2025-11-01,Lac II,337.09463010480107,0.0,N
1495520,1401612758,758010336,2025-10-29,Gabès 1,231.86075988499707,0.0,N
1567920,1401754774,758010341,2025-11-06,Zarzis 1,108.51083562617863,0.0,N
1534932,1414117810,758010342,2025-11-07,Ariana,79.8336785482425,0.0,N
1354808,1414129128,758010344,2025-11-08,Ariana,111.2931647447986,0.0,N
1769578,1414112732,758010350,2025-11-09,Ettadhamen,84.09620675796829,0.0,N
1753394,1401921394,758010353,2025-10-18,Beni Khalled,154.57383992333138,0.0,N
1600956,1401799012,758010357,2025-10-14,Jendouba,221.82087983429685,0.0,N
1355588,1401418006,758010361,2025-11-08,Menzel Bourguiba,46.78764645871333,0.0,N
1487528,1414153734,758010364,2025-11-01,Medjez El Bab,92.74430395399882,0.0,N
1817348,1415400006,758010365,2025-10-20,Ain Zaghouan,179.30565431106442,0.0,N
975950,1400727152,758010367,2025-10-27,La Marsa,282.38662008841624,0.0,N
1547200,1401769336,758010371,2025-11-09,Sfax 4,92.74430395399882,0.0,N
1574908,1401755560,758010377,2025-11-04,Ghardimaou,262.48400160756796,0.0,N
1814100,1414175660,758010382,2025-11-08,Ghardimaou,54.08847806597212,0.0,N
1133534,1400813350,758010384,2025-11-09,Bizerte,0.0,99.32914953473275,N
1735486,1415414012,758010393,2025-11-05,Grombalia,1221.133335394318,5564.65823723993,N
1571566,1401746888,758010397,2025-11-08,Sousse 2,111.2931647447986,0.0,N
969514,1400718158,758010400,2025-11-07,Gabès 3,80.8155315794355,0.0,N
989732,1400755750,758010402,2025-11-07,Boussalem,32.92175472223081,0.0,N
1737912,1401915412,758010404,2025-11-08,Grombalia,50.08192413515937,0.0,N
1309752,1401293272,758010408,2025-11-07,Zarzis 1,83.4695644109191,0.0,N
1211872,1414132168,758010410,2025-11-08,Mahdia,84.59671685164004,0.0,N
1119088,1400931260,758010413,2025-11-08,Ariana,166.01786873589515,0.0,N
887888,1415413526,758010414,2025-11-09,Grombalia,278.2329118619965,0.0,N
1479746,1400079746,758010427,2025-11-07,Bizerte,13.911645593099825,0.0,N
1789752,1415411574,758010441,2025-11-05,Chebba,748.4063437103905,0.0,N
1751270,1401933534,758010446,2025-09-03,Bizerte,8352.467616780537,0.0,N
1332734,1401176752,758010447,2025-10-26,Djerba 2,110.36572170525861,0.0,N
1534954,1414127274,758010453,2025-11-09,Soliman,80.82666089590998,0.0,N
1353194,1415413148,758010455,2025-11-09,Boussalem,109.30070794818685,0.0,N
1593386,1401761132,758010458,2025-11-05,La Marsa,55.6465823723993,0.0,N
1327910,1401527910,758010462,2025-10-25,Jendouba,57.501468451479276,0.0,N
995552,1401756898,758010464,2025-11-09,El Jem,37.18551952267598,0.0,N
1547112,1401706738,758010469,2025-11-09,Sousse 3,111.2931647447986,0.0,N
1319554,1414197528,758010471,2025-11-08,Bizerte,200.9459919003308,0.0,T
873536,1414195298,758010472,2025-11-09,Zarzis 1,102.945559093579,0.0,N
1311340,1401287580,758010473,2025-11-08,Sousse 2,105.95109283704826,0.0,N
1573548,1400173548,758010482,2025-11-09,Ain Zaghouan,45.90843045722942,0.0,N
769292,1401291790,758010487,2025-11-08,Ain Zaghouan,61.829535969332554,0.0,N
1581554,1401775754,758010491,2025-11-10,Ennasr,5564.65823723993,0.0,N
1271372,1400671370,758010493,2025-11-10,Gabès 4,33.31158994651745,0.0,N
934156,1400933398,758010494,2025-11-09,Béja,86.34803845797138,0.0,N
1599320,1400199320,758010499,2025-11-10,Mahdia,535.5918632330664,0.0,N
1275532,1401359134,758010501,2025-11-10,Bizerte,54.811883636813306,0.0,N
1286992,1401321614,758010502,2025-11-09,Djerba 2,172.63826629981142,0.0,N
1733312,1414011292,758010504,2025-11-09,Gabès 4,74.20502674127431,0.0,N
1558914,1401727336,758010510,2025-11-10,Djerba 2,119.57028472501314,0.0,N
1758766,1414094194,758010514,2025-11-07,Moknine,187.13296441710207,0.0,N
1557390,1401550774,758010517,2025-11-10,Ennasr,111.2931647447986,0.0,N
1130758,1401132892,758010519,2025-11-10,Soukra,65.26478498778867,0.0,N
1813534,1414195500,758010520,2025-11-08,Zarzis 1,260.8328438495069,0.0,N
1811354,1414189352,758010521,2025-11-09,Bizerte,77.90521532135902,0.0,N
912156,1401369460,758010522,2025-11-09,Sfax 5,94.59919003307881,0.0,N
927596,1400668752,758010527,2025-11-07,Soukra,273.4874949763502,0.0,N
1273578,1414139108,758010529,2025-11-10,Zarzis 1,0.0,1545.7383992333139,N
1301896,1401015818,758010538,2025-10-13,Ariana,5982.038828948589,513.1539246297957,N
1411888,1401955412,758010541,2025-11-08,Bizerte,60.933007697777235,0.0,N
1692994,1401969348,758010543,2025-11-10,Korba,365.4941725662349,0.0,N
1473516,1401557528,758010546,2025-11-08,Chebba,50.08192413515937,0.0,N
1807140,1414193510,758010549,2025-11-07,Djerba 2,97.37502705042199,0.0,N
1777346,1414199560,758010550,2025-11-09,Kelibia,108.34420502674128,0.0,N
1214970,1414195328,758010554,2025-11-06,Bizerte,61.829535969332554,0.0,N
1493760,1401593970,758010557,2025-11-10,Ghardimaou,107.3147432528519,0.0,N
1674072,1401934752,758010559,2025-11-10,Bardo,309.14767984666275,0.0,N
1753616,1414155292,758010563,2025-11-02,Sfax 1,315.330633443596,0.0,N
1729760,1401887218,758010565,2025-11-07,Mahdia,748.766191609732,0.0,N
1069528,1414191178,758010567,2025-11-03,Teboulba,1495.750146845148,0.0,N
1807136,1414193556,758010570,2025-11-09,Gabès 1,83.46987355859895,0.0,N
1557520,1400712860,758010578,2025-11-09,Gabès 3,321.94979441679294,0.0,N
1333478,1414157398,758010584,2025-11-09,M'saken,111.2931647447986,0.0,N
1077126,1400860946,758010588,2025-11-05,Zarzis 1,71.10396636473244,0.0,N
1153592,1414155510,758010594,2025-11-10,Soukra,120.92404241506168,0.0,N
1326886,1414120106,758010598,2025-10-31,Ariana,279.8596469533496,0.0,N
979752,1400875168,758010608,2025-11-11,Sousse 2,182.08798342968436,0.0,N
1595160,1401769330,758010609,2025-11-10,Mahdia,55.6465823723993,0.0,N
1741538,1414110814,758010616,2025-11-10,La Goulette,106.98302779237642,0.0,N
1807136,1414193556,758010621,2025-11-08,Gabès 1,48.845333415772714,0.0,N
14013752,1415410972,758010625,2025-11-08,Ghardimaou,113.5808575756639,0.0,N
1478892,1401581732,758010626,2025-11-04,Gabès 2,0.0,463.72151976999413,N
1798194,1415413138,758010627,2025-11-11,El Jem,90.7598849970631,0.0,N
1777538,1414131414,758010630,2025-11-11,Chebba,84.46872971218352,0.0,N
1615610,1401953000,758010633,2025-11-11,Bizerte,111.2931647447986,0.0,N
1680134,1401993460,758010635,2025-11-11,Gabès 1,69.55822796549913,0.0,N
949530,1414092614,758010637,2025-11-08,Medjez El Bab,138.17571954122485,0.0,N
1287296,1401487296,758010644,2025-11-08,La Marsa,50.91167650786781,0.0,N
1071530,1400931496,758010645,2025-11-11,Jendouba,92.74615884007791,0.0,N
1374938,1401378814,758010659,2025-11-09,Sfax 2,74.20440844591462,0.0,N
797094,1401321334,758010663,2025-10-17,Chebba,108.20168794633197,0.0,N
995488,1414152118,758010665,2025-11-10,El Jem,139.11645593099826,0.0,N
1573076,1400173076,758010667,2025-11-11,Mahdia,55.6465823723993,0.0,N
1553812,1414156612,758010670,2025-11-07,Kairouan 2,0.0,463.72151976999413,T
1329330,1401321556,758010672,2025-11-09,Chebba,94.40164466565679,0.0,N
1317214,1401153354,758010678,2025-11-11,Mahdia,43.59909728877485,0.0,N
1612900,1401941346,758010679,2025-11-08,Bizerte,77.28691996166569,0.0,N
1747500,1414071198,758010681,2025-11-11,Jendouba,111.2931647447986,0.0,N
1153580,1401074108,758010683,2025-11-06,Bizerte,31.134262837357408,0.0,N
1326698,1401316948,758010686,2025-11-11,Lac II,102.94617738893871,0.0,N
1555572,1401611692,758010688,2025-11-05,Sfax 4,129.84202553559837,0.0,N
1513516,1401751512,758010690,2025-11-10,Menzel Bourguiba,151.92939066992304,0.0,N
737340,1400989356,758010692,2025-10-17,Lac II,702.4407209323895,0.0,T
1750114,1414077872,758010695,2025-11-09,Bardo,251.80078523510682,0.0,N
1752146,1415412808,758010696,2025-11-10,Boussalem,60.96114013664328,0.0,N
1197510,1401955152,758010699,2025-11-11,Grombalia,64.36547438711473,0.0,N
1139336,1401761134,758010701,2025-11-09,Grombalia,139.11645593099826,0.0,N
1812880,1414193320,758010702,2025-11-12,Sahloul,35.55198318236622,0.0,N
1733196,1401893140,758010705,2025-11-10,Ariana,98.90345317958389,0.0,N
1493572,1414076800,758010706,2025-11-10,Ariana,139.11645593099826,0.0,N
1300610,1401500610,758010707,2025-11-12,Djerba 1,55.994682659906644,0.0,N
1375960,1401381378,758010708,2025-11-12,Gabès 2,111.2931647447986,0.0,N
1159886,1401899536,758010715,2025-11-07,Nabeul 2,140.6458095031997,0.0,N
1339510,1401896948,758010722,2025-11-11,Chebba,83.46987355859895,0.0,N
1557952,1401895572,758010725,2025-11-08,Sfax 5,333.8476520233716,0.0,N
1331800,1401175114,758010735,2025-11-13,Ghardimaou,55.396172751723505,0.0,N
1378726,1414135372,758010736,2025-11-14,Djerba 1,139.11645593099826,0.0,N
1356874,1401069934,758010741,2025-11-11,Medjez El Bab,616.2345812594676,0.0,N
1369550,1400756896,758010742,2025-11-13,Mutuelleville,55.6465823723993,0.0,N
1771348,1414118740,758010743,2025-11-13,Zarzis 1,77.90521532135902,0.0,N
1178694,1401121108,758010752,2025-11-13,La Goulette,54.729959501653944,0.0,N
1175314,1414115072,758010756,2025-11-08,Menzel Bourguiba,612.1124060963923,0.0,N
1796806,1414167546,758010760,2025-09-07,Chebba,118.84904318793087,267.5855566203976,T
1210150,1401532954,758010761,2025-10-27,Chebba,61.829535969332554,0.0,N
1540926,1400693610,758010762,2025-11-14,El Jem,67.5830834389588,0.0,N
1375126,1414181546,758010764,2025-11-12,Sousse 3,163.04634123720902,0.0,N
1593086,1414101754,758010768,2025-11-13,Ain Zaghouan,64.2718026401212,0.0,N
1794166,1414161674,758010770,2025-11-08,Ariana,111.2931647447986,0.0,N
1707148,1401995588,758010773,2025-11-02,Mutuelleville,528.6978699724859,0.0,N
1320750,1401520750,758010778,2025-11-12,Ghardimaou,51.02822518317,0.0,N
1710926,1414015128,758010779,2025-10-30,Chebba,27.82329118619965,0.0,N
1333208,1400773354,758010780,2025-11-09,Ariana,922.1677435310849,0.0,T
1293340,1401811554,758010786,2025-11-13,Bizerte,402.8679630259375,0.0,N
1329338,1401169010,758010790,2025-11-13,Gabès 2,111.29285559711874,0.0,N
1418920,1401952134,758010792,2025-11-12,Gabès 4,123.65907193866511,0.0,N
1151698,1401897334,758010794,2025-11-01,Béja,61.829535969332554,0.0,N
1549508,1401487340,758010803,2025-11-12,Zarzis 1,0.0,463.72151976999413,N
1557766,1400940792,758010806,2025-11-11,Jendouba,275.9143042631465,0.0,N
1715956,1414012934,758010808,2025-11-13,Bardo,69.53040467431292,0.0,N
1357296,1414129474,758010823,2025-11-13,Monastir 2,82.02244412155687,0.0,N
1192074,1401335414,758010829,2025-11-02,Mahdia,248.3748106470461,0.0,N
1713212,1401993534,758010831,2025-11-02,Bizerte,853.2769654063746,0.0,N
1793120,1414153112,758010842,2025-10-01,Hammamet 2,243.40618913655055,0.0,T
1350910,1414146930,758010845,2025-11-14,Jendouba,109.51154666584227,0.0,N
1007558,1400775614,758010846,2025-11-10,El Menzah,98.04371348193033,0.0,N
771214,1401915538,758010849,2025-11-01,Medjez El Bab,64.48758772065416,0.0,N
1279288,1401479288,758010855,2025-11-01,Bizerte,446.6442019352645,0.0,N
889186,1400755996,758010860,2025-11-13,Béja II,278.2329118619965,0.0,N
1729298,1401892074,758010861,2025-11-02,Raoued,92.74430395399882,0.0,T
1807136,1414193556,758010866,2025-10-31,Gabès 1,342.5071876835565,0.0,N
1753118,1415400694,758010867,2025-11-01,Medjez El Bab,419.9870157974465,0.0,N
1532094,1401666194,758010877,2025-11-12,Lac II,39.11954740779671,0.0,N
1587996,1401321554,758010882,2025-11-11,El Jem,298.8048350697128,0.0,N
1559506,1414133466,758010883,2025-11-12,Ariana,0.0,463.72151976999413,N
1809872,1414187354,758010885,2025-11-14,Hammamet 2,105.72850650755866,0.0,N
1579468,1401693354,758010888,2025-11-12,La Marsa,145.2994095279315,0.0,N
1358806,1401555296,758010896,2025-11-15,El Jem,111.2931647447986,0.0,N
1339294,1401338146,758010897,2025-11-11,Ezzahrouni,58.738059170865924,0.0,N
1768720,1414135554,758010898,2025-10-31,Raoued,225.67780628806383,0.0,N
1769578,1414112732,758010900,2025-11-15,Ettadhamen,139.11645593099826,0.0,N
1209416,1401409416,758010905,2025-11-14,El Menzah,55.6465823723993,0.0,N
1070674,1414178738,758010912,2025-08-05,Ariana,168.04649581104894,0.0,N
1372708,1401594814,758010920,2025-11-14,Medjez El Bab,54.33919683432776,0.0,N
1515554,1401906714,758010922,2025-10-20,Sfax 4,43.28067517853279,0.0,T
1753552,1401920188,758010933,2025-10-20,Bizerte,61.829535969332554,0.0,N
1135570,1401949140,758010934,2025-10-30,Medjez El Bab,352.5674714811266,0.0,N
1461726,1401551498,758010936,2025-11-13,Sfax 2,830.7336074442762,0.0,N
1556870,1401515532,758010948,2025-11-12,Sousse 2,1227.2526045692027,0.0,N
777574,1414135354,758010951,2025-11-11,Hammamet 1,77.7506414814357,0.0,N
1068178,1400926934,758010953,2025-11-12,Sfax 5,927.4430395399883,173.77500231860762,N
1673908,1401935528,758010955,2025-11-15,Bizerte,111.2931647447986,0.0,N
1126688,1400946600,758010959,2025-11-03,Jendouba,548.7686647911707,0.0,N
1813932,1414195156,758010961,2025-11-15,Chebba,101.62457105759422,0.0,N
1311166,1414015158,758010964,2025-11-09,Monastir 2,5297.653569109964,0.0,N
1529540,1414173396,758010968,2025-11-10,Ariana,819.2413515936563,0.0,N
1381552,1401907320,758010970,2025-11-15,Bizerte,83.46987355859895,0.0,N
1376140,1401576140,758010972,2025-11-15,Bizerte,32.01780690635917,0.0,N
1533134,1401694730,758010973,2025-11-14,Bizerte,51.2647231582527,0.0,N
1313570,1401513570,758010978,2025-11-12,Gabès 4,254.16700157665318,0.0,N
1200198,1401893520,758010979,2025-11-13,Grombalia,157.97230036788574,0.0,N
1467550,1400067550,758010982,2025-11-12,Mahdia,13.911645593099825,0.0,N
1077326,1400861558,758010994,2025-09-09,Ariana,683.3224101153121,0.0,N
1769578,1414112732,758010998,2025-10-18,Ettadhamen,60.754629486505706,0.0,N
1074092,1401137530,758011000,2025-11-15,El Jem,107.11967106686865,0.0,N
1807136,1414193556,758011002,2025-11-11,Gabès 1,365.86824125884937,0.0,N
1599290,1401797556,758011010,2025-11-14,Ghardimaou,48.77422944940798,0.0,N
1141312,1401113574,758011019,2025-08-27,Bizerte,60.28379757009924,0.0,N
1560732,1401731352,758011020,2025-11-14,Zarzis 1,1259.7767953751509,0.0,N
1697292,1401975952,758011021,2025-11-15,Sfax 5,667.592667017034,0.0,N
1520972,1401495494,758011022,2025-09-10,Bizerte,930.9586669552045,0.0,N
871738,1401953274,758011027,2025-11-15,Lac II,55.08795251491638,0.0,N
1157532,1401375534,758011029,2025-10-18,Lac II,144.46316505394628,0.0,N
1758140,1401872910,758011030,2025-09-27,Zarzis 1,102.03295514267165,0.0,N
1591118,1414154012,758011031,2025-10-22,Hammamet 2,65.68955389989799,0.0,N
921558,1414093530,758011033,2025-11-04,Sfax 4,69.89829041333046,0.0,N
1571494,1401753514,758011042,2025-11-13,La Marsa,111.2931647447986,0.0,N
1353414,1401553414,758011046,2025-11-12,Menzel Bourguiba,55.6465823723993,0.0,N
1526090,1401771776,758011048,2025-10-15,Grombalia,404.6743129192816,0.0,N
1093590,1414017270,758011049,2025-11-15,Ain Zaghouan,3253.455343617646,132.933502334065,N
1137552,1400949386,758011051,2025-11-16,Bizerte,83.46987355859895,0.0,N
1532758,1401517740,758011052,2025-11-16,Djerba 1,623.5100627569791,0.0,N
1120136,1414158176,758011056,2025-11-15,M'saken,62.908461371997404,0.0,N
1737128,1401900732,758011058,2025-11-13,Mahdia,66.7947568553498,0.0,N
1389748,1401539314,758011064,2025-10-07,Bizerte,618.6280025968406,0.0,N
1591930,1400191930,758011067,2025-11-15,Ain Zaghouan,546.0858812254614,0.0,N
1339334,1414015546,758011070,2025-11-14,Sousse 2,104.00377160169414,0.0,N
1726686,1401880734,758011074,2025-11-15,Boussalem,325.53868983213283,0.0,N
1609132,1401814120,758011077,2025-11-13,Gabès 4,1507.758061025752,0.0,N
937018,1401773532,758011078,2025-11-10,Sfax 5,270.5042198658299,0.0,N
1567276,1401773112,758011089,2025-11-14,Nabeul 2,1080.6408631403222,0.0,N
1807136,1414193556,758011092,2025-10-28,Gabès 1,185.48860790799765,0.0,N
1215532,1401415532,758011095,2025-10-16,La Goulette,322.90196927072066,0.0,N
1577958,1414190114,758011099,2025-10-16,Kairouan 1,2486.8701888892324,0.0,N
1780734,1414137332,758011101,2025-11-15,Sousse 3,76.52270689708475,0.0,N
1535554,1401953374,758011102,2025-10-22,Bizerte,155.09568120691256,0.0,N
1661334,1401908754,758011104,2025-09-12,Sfax 4,185.48860790799765,0.0,N
1335286,1401308872,758011107,2025-11-15,Ain Zaghouan,278.2329118619965,0.0,N
1729958,1414135508,758011108,2025-09-24,Ennasr,11270.379015055492,3091.4767984666278,N
1761570,1414096992,758011116,2025-10-15,Ariana,1998.290413330448,0.0,N
1300014,1414070752,758011128,2025-11-15,Bizerte,111.2931647447986,0.0,N
14007370,1415414110,758011129,2025-11-04,Menzel Temim,399.2122917117507,0.0,N
1760676,1414167340,758011138,2025-11-15,Nabeul 2,194.76303830339754,0.0,N
1807136,1414193556,758011146,2025-11-15,Gabès 1,182.08798342968436,0.0,N
1398740,1414132928,758011149,2025-11-16,Bizerte,0.0,463.72151976999413,N
1335508,1401599398,758011151,2025-11-15,Lac II,87.79794107645223,0.0,T
1355014,1401949500,758011152,2025-10-21,Djerba 2,475.1939901691038,0.0,N
1815568,1414179354,758011154,2025-11-16,Beni Khalled,93.90329860574397,0.0,N
1559472,1414169134,758011157,2025-11-15,Sousse 2,37.40965159056481,0.0,N
1393274,1401767334,758011159,2025-11-16,Sousse 3,59.96784864129595,0.0,N
1072868,1400921352,758011161,2025-10-19,Ariana,40.1808513927103,0.0,N
1269474,1414193670,758011164,2025-11-14,Sfax 4,111.2931647447986,0.0,N
1751898,1401933472,758011170,2025-11-16,Menzel Temim,96.83587349676941,0.0,N
1615286,1401951370,758011179,2025-11-16,Grombalia,1483.673911027298,0.0,N
1361394,1401376150,758011182,2025-11-14,Sfax 3,111.2931647447986,0.0,N
1373494,1401573494,758011184,2025-11-15,Zarzis 1,63.993569728259196,0.0,N
1569160,1414194014,758011187,2025-11-15,Bizerte,33.38794942343958,0.0,N
1368060,1401520134,758011192,2025-11-16,Testour,278.2329118619965,0.0,N
1373910,1401549332,758011197,2025-11-17,Chebba,23.649797508269703,0.0,N
1812932,1414180766,758011198,2025-11-16,Gabès 2,96.25467585865769,0.0,N
1113814,1414193332,758011201,2025-11-15,Djerba 2,55.6465823723993,0.0,N
969894,1400720114,758011205,2025-11-14,Mahdia,52.86425325377933,0.0,N
1733206,1414133328,758011208,2025-11-15,Bab Benat,64.92101276779918,0.0,N
1388900,1401538996,758011211,2025-11-16,Sfax 5,92.74430395399882,0.0,T
1740998,1414061510,758011212,2025-11-16,Testour,1135.849074102699,0.0,N
1760676,1414127200,758011214,2025-11-17,Nabeul 2,700.7673045413794,0.0,N
1733076,1401892866,758011217,2025-10-26,Gabès 1,1092.5269731350668,0.0,N
1316906,1401516906,758011219,2025-11-16,Bizerte,49.74186168732804,0.0,N
1586112,1401773540,758011220,2025-10-18,Sfax 2,363.36321760905184,0.0,N
1671866,1401931494,758011221,2025-10-14,Beni Khalled,46.66862460197237,0.0,T
951726,1414127154,758011222,2025-10-11,Jendouba,129.84202553559837,0.0,N
1332966,1400867572,758011223,2025-10-21,Gabès 3,207.29835842582003,0.0,N
1475330,1414127972,758011224,2025-11-15,Chebba,139.11645593099826,0.0,N
1147510,1400979472,758011229,2025-11-17,Mutuelleville,65.96438618728166,0.0,N
1701572,1401995192,758011233,2025-11-05,M'saken,139.11645593099826,0.0,T
1591358,1401795574,758011234,2025-11-05,Sfax 3,1392.0610875815378,0.0,N
1372600,1414191816,758011241,2025-08-27,Soliman,855.7164497480447,0.0,N
1353692,1401791356,758011244,2025-08-28,Zarzis 1,2409.1727208087304,0.0,N
1574818,1401911332,758011246,2025-08-31,Lac II,177.1610968559681,0.0,N
1535332,1401537492,758011249,2025-11-14,Sfax 5,200.9459919003308,0.0,N
915958,1400735320,758011259,2025-11-17,Lac II,55.6465823723993,0.0,N
970192,1400721266,758011260,2025-10-06,Sousse 2,78.74609701054194,0.0,N
1775330,1414132976,758011262,2025-11-14,Sfax 5,102.01873434939871,0.0,N
1767554,1414109214,758011265,2025-11-15,Menzel Bourguiba,84.13794169474758,0.0,N
959540,1414177086,758011266,2025-11-17,Djerba 2,272.54706773425664,0.0,N
933418,1414007356,758011267,2025-11-17,Ghardimaou,27.82329118619965,0.0,N
1595532,1401769068,758011281,2025-11-17,Ain Zaghouan,83.46987355859895,0.0,N
1341348,1401555572,758011284,2025-11-16,Gabès 4,147.15429560701148,0.0,N
891734,1400746812,758011285,2025-11-18,Soukra,51.358704052926086,0.0,N
1401718,1401534734,758011286,2025-08-06,Jendouba,661.4560855720778,0.0,N
1493200,1401591540,758011287,2025-11-16,Sousse 3,30.605620304819613,0.0,N
1175560,1414198690,758011289,2025-11-12,Hammamet 1,108.20168794633197,0.0,N
1080734,1401588806,758011291,2025-11-17,Sfax 4,30.605620304819613,0.0,N
1758794,1414095546,758011293,2025-11-08,Mahdia,1321.1763069218166,0.0,T
747794,1414193932,758011294,2025-11-17,Gabès 4,1185.9884997063098,0.0,N
1333558,1414177140,758011295,2025-11-17,Zarzis 1,166.9397471171979,0.0,N
1278920,1401555526,758011297,2025-11-06,Ain Zaghouan,321.6217887284756,0.0,T
1814112,1414175672,758011304,2025-11-17,Sousse 3,194.76303830339754,0.0,N
1313338,1401673474,758011313,2025-11-07,Boussalem,318.4221102420627,0.0,T
1773350,1414107592,758011315,2025-11-17,Gabès 2,90.75926670170341,0.0,N
1135938,1414141296,758011316,2025-10-20,Sfax 5,159.7409342442885,0.0,N
1337354,1401537354,758011319,2025-11-16,Lac II,401.8919838006616,0.0,N
953730,1401933354,758011324,2025-11-08,Ariana,317.93427520326463,0.0,N
939940,1414134068,758011328,2025-11-04,Sfax 2,219.8036912232974,0.0,N
1295072,1401935280,758011333,2025-11-18,Jendouba,111.2931647447986,0.0,N
1738756,1401915578,758011337,2025-11-14,Djerba 2,1253.7304850527098,0.0,N
1495516,1414109320,758011339,2025-11-18,Lac II,81.52224317556497,0.0,N
1738128,1414137418,758011344,2025-11-17,Raoued,642.0824187714471,0.0,N
955138,1401335194,758011345,2025-11-08,Lac II,60.608711781618084,0.0,N
1339660,1401597700,758011348,2025-11-12,Zarzis 1,124.94265310538844,0.0,N
1773212,1414120936,758011349,2025-10-30,Sfax 1,61.829535969332554,0.0,N
1812938,1414193374,758011350,2025-11-08,Kairouan 2,744.520357374718,0.0,N
917358,1400735952,758011357,2025-11-10,Bizerte,261.86508795251495,0.0,N
1740072,1414139866,758011358,2025-11-08,Lac II,66.4667511670325,0.0,N
950772,1401359734,758011360,2025-10-18,Gabès 4,219.62778619346463,0.0,N
1787414,1414147260,758011363,2025-11-18,Mutuelleville,55.6465823723993,0.0,N
1367354,1401393948,758011366,2025-11-18,Lac II,61.211240609639226,0.0,N
1777156,1414129732,758011369,2025-10-29,Grombalia,4098.556280335117,0.0,N
1295572,1401881334,758011370,2025-11-16,Medjez El Bab,105.72850650755866,0.0,N
999526,1400755678,758011373,2025-11-08,Sfax 2,861.2854360528024,0.0,N
993494,1414195194,758011376,2025-11-17,Sahloul,33.38794942343958,0.0,N
1540172,1401473772,758011383,2025-11-18,Ariana,69.55822796549913,0.0,N
1699694,1414115200,758011384,2025-08-18,Gabès 2,3394.339815129688,0.0,N
1501294,1401893346,758011387,2025-11-15,Grombalia,56.1143228120073,0.0,N
1334732,1401313346,758011391,2025-11-18,Sousse 3,55.6465823723993,0.0,N
1296988,1401288890,758011396,2025-10-13,Djerba 2,100.4729959501654,0.0,N
1395550,1401732912,758011397,2025-10-13,Sousse 3,1734.1407240238664,0.0,N
1533980,1401546106,758011400,2025-11-17,Bizerte,336.9709710328624,0.0,N
1530136,1414101736,758011403,2025-10-11,El Ouerdia,93.83621355921724,0.0,T
1399872,1414115014,758011405,2025-11-18,Bizerte,22.656506012922375,0.0,N
1157348,1401999554,758011406,2025-11-15,Testour,0.0,29.369029585432962,N
879574,1401713530,758011407,2025-11-16,Ariana,30.438680557702416,0.0,N
1261748,1401193010,758011411,2025-11-15,Zarzis 1,216.40337589266395,0.0,N
1493172,1401869720,758011412,2025-11-15,Béja,60.902092929792566,0.0,T
995374,1414155516,758011414,2025-11-17,Chebba,83.46987355859895,0.0,N
1769578,1414112732,758011415,2025-11-15,Ettadhamen,55.6465823723993,0.0,N
1292130,1414091290,758011416,2025-11-17,Ghardimaou,61.829535969332554,0.0,N
1807136,1414193556,758011418,2025-11-04,Gabès 1,108.20168794633197,0.0,N
1733508,1401893698,758011420,2025-11-18,Ariana,45.90843045722942,0.0,N
1807136,1414193556,758011429,2025-10-28,Gabès 1,82.17145330324297,0.0,N
1299260,1414141728,758011432,2025-11-18,Soukra,5008.192413515937,0.0,N
1317806,1401301532,758011443,2025-11-10,Sfax 2,154.57383992333138,0.0,N
1267096,1401672946,758011446,2025-11-19,Bizerte,139.11645593099826,0.0,N
1787972,1414151348,758011447,2025-11-20,Soliman,121.88518255170496,0.0,N
1151392,1401717554,758011450,2025-11-21,Lac II,111.2931647447986,0.0,N
1553134,1401495406,758011458,2025-11-12,Jendouba,2190.864376912851,0.0,N
1321276,1401154708,758011459,2025-11-20,Bizerte,80.16415741799858,0.0,N
1713988,1414009148,758011460,2025-11-20,Ghardimaou,111.2931647447986,0.0,N
1395772,1401411996,758011461,2025-11-18,Zarzis 1,83.46987355859895,0.0,N
1473338,1401570198,758011466,2025-11-09,La Goulette,347.574736451603,0.0,N
1413500,1401529334,758011467,2025-11-18,Zarzis 1,0.0,5255.510557393267,T
1739272,1414136950,758011473,2025-11-05,Testour,816.014158963737,0.0,N
1154732,1415417346,758011475,2025-11-20,Jean Jaurès,105.72850650755866,0.0,N
1351348,1401136734,758011476,2025-11-21,Mutuelleville,111.2931647447986,0.0,N
1195492,1414191206,758011479,2025-11-21,Gabès 1,111.2931647447986,0.0,N
1460920,1401993334,758011480,2025-11-18,Sousse 1,767.2114879277832,0.0,N
1575336,1414175148,758011482,2025-09-19,Zarzis 1,101.09129130985872,0.0,T
1771132,1414119490,758011488,2025-11-19,Teboulba,22.25863294895972,0.0,N
1772120,1414121558,758011489,2025-11-21,Boussalem,812.7155532197731,0.0,N
1775496,1414132674,758011491,2025-11-10,Hammamet 2,863.3363217609052,0.0,N
1532112,1401739194,758011492,2025-08-26,Ghardimaou,2727.897486629363,0.0,N
1341310,1401541310,758011493,2025-11-21,Djerba 1,55.6465823723993,0.0,N
1493532,1415400940,758011494,2025-11-19,Ariana,93.07756515287353,0.0,N
1287910,1401977212,758011495,2025-11-12,Ariana,222.5863294895972,0.0,T
1350014,1401327150,758011499,2025-10-25,Ezzahrouni,5255.510557393267,0.0,N
1215016,1401958954,758011500,2025-11-21,Ain Zaghouan,38.57699322966582,0.0,N
1134152,1400956896,758011514,2025-10-30,Sousse 2,160.92558815346092,0.0,N
1393966,1400680912,758011515,2025-11-20,Lac II,56.520542863325815,0.0,N
1687550,1401957552,758011517,2025-11-17,Nabeul 2,1621.4542306859987,0.0,N
1498140,1401617586,758011522,2025-11-21,Zarzis 1,97.37997341329954,0.0,N
1555346,1401697736,758011525,2025-11-19,Zarzis 1,111.2931647447986,0.0,N
1753580,1414093316,758011528,2025-11-20,Teboulba,229.87850496182028,0.0,N
1341134,1401541134,758011530,2025-11-21,Zarzis 1,48.690759575849384,0.0,N
1293350,1401493350,758011531,2025-11-21,Zarzis 1,194.76303830339754,0.0,N
1333968,1401332194,758011536,2025-11-21,Medjez El Bab,69.55791881781927,0.0,N
937674,1401893194,758011537,2025-11-21,Mutuelleville,111.2931647447986,0.0,N
1598806,1414135332,758011539,2025-11-12,Lafayette,2733.0293381148176,0.0,N
1098674,1414133312,758011540,2025-11-20,Bizerte,278.2329118619965,0.0,N
1095212,1401412940,758011542,2025-11-13,M'saken,604.665347636566,0.0,N
1735540,1415415272,758011546,2025-11-21,Sousse Erriadh,56.98735585989427,0.0,N
14013334,1415411476,758011554,2025-11-19,Béja,61.211240609639226,0.0,N
1137394,1401538994,758011555,2025-10-26,Djerba 1,812.0845828052061,0.0,N
1352972,1414187358,758011557,2025-10-10,Enfidha,166.63059943735124,0.0,N
801374,1414169530,758011559,2025-10-11,Lafayette,61.829535969332554,0.0,N
1460774,1401815348,758011560,2025-11-13,Mahdia,77.28691996166569,0.0,N
1593736,1401587338,758011561,2025-11-02,Ezzahrouni,61.829535969332554,0.0,T
1414014,1401979352,758011562,2025-11-20,Lafayette,106.8497851423625,0.0,N
1731532,1414151692,758011564,2025-10-10,Mahdia,259.68405107119673,0.0,N
1572072,1401749690,758011565,2025-10-25,Kairouan 1,302.1609422821282,0.0,N
1795472,1414154112,758011570,2025-11-20,Soliman,101.55501282962872,0.0,N
1554720,1401699126,758011580,2025-11-15,Grombalia,92.74430395399882,0.0,N
1461398,1401549714,758011582,2025-11-21,Medjez El Bab,1270.949701672489,0.0,N
1700752,1401995974,758011584,2025-11-06,Ennasr,536.7796086190374,0.0,T
14001190,1415415136,758011585,2025-11-12,Nabeul 2,456.69490215475935,0.0,N
1397086,1401609134,758011596,2025-11-22,Bizerte,248.32287383683186,0.0,N
1317554,1414174712,758011598,2025-11-07,Ghardimaou,649.8210034933688,0.0,N
1209506,1401095374,758011599,2025-11-08,Zarzis 1,386.43459980832847,0.0,N
921332,1401371754,758011600,2025-11-20,La Goulette,76.85318576684082,0.0,N
1375270,1414127416,758011601,2025-11-17,Chebba,60.37654187405324,0.0,N
1491694,1401673334,758011607,2025-11-21,Lac II,72.34055708411908,0.0,N
1148706,1400995888,758011609,2025-11-04,La Marsa,92.74430395399882,0.0,N
1755354,1401939792,758011611,2025-11-22,Bizerte,61.211240609639226,0.0,N
1337548,1401537548,758011612,2025-11-22,Béja,97.90088725384116,0.0,N
897558,1400753558,758011616,2025-11-22,Bizerte,111.2931647447986,0.0,N
1756136,1414089014,758011620,2025-11-21,Bizerte,111.2931647447986,0.0,N
753118,1401935140,758011625,2025-11-21,Soliman,92.74615884007791,0.0,N
1729260,1414159358,758011633,2025-11-12,Sousse 3,197.96271678981051,0.0,N
1553286,1401932128,758011635,2025-11-21,Djerba 1,89.65282715553221,0.0,N
1796968,1414166752,758011639,2025-11-22,Gabès 2,40.49680032151359,0.0,N
1534930,1401532618,758011641,2025-11-08,Djerba 2,342.33344668748265,0.0,N
1357214,1401369286,758011645,2025-11-12,Bizerte,438.56462732247195,0.0,N
918972,1401896726,758011648,2025-11-18,Menzel Bourguiba,90.7598849970631,0.0,N
1772872,1414121872,758011652,2025-11-18,Sousse 3,1452.994095279315,0.0,N
977576,1400727952,758011654,2025-11-21,Moknine,111.2931647447986,0.0,N
887880,1401747590,758011663,2025-11-06,La Marsa,4477.935202646305,0.0,N
1566808,1401740934,758011667,2025-11-09,Gabès 2,121.95875969950846,0.0,N
1513326,1414147510,758011670,2025-11-20,Raoued,1376.016322997496,0.0,N
1354888,1401353214,758011675,2025-10-28,Djerba 2,554.8125019321731,0.0,N
911216,1414186986,758011680,2025-11-19,Sfax 3,205.46418524128978,0.0,N
1372776,1401395512,758011684,2025-11-16,Djerba 2,1454.5760039570903,0.0,N
1157534,1400815214,758011685,2025-11-18,Testour,73.6219742170835,0.0,N
1713954,1414008730,758011687,2025-11-13,Testour,229.62067579682815,0.0,N
1551360,1401912754,758011689,2025-10-13,Gabès 3,105.51241227934585,0.0,N
1479148,1401581934,758011690,2025-11-22,Bizerte,55.6465823723993,0.0,N
1079118,1401579132,758011691,2025-11-22,Gabès 2,100.16384827031874,0.0,N
1751952,1414080868,758011694,2025-11-20,Zarzis 1,89.03453179583887,0.0,N
1756074,1401876136,758011697,2025-11-16,Béja II,344.70522768726624,0.0,N
1761512,1414099214,758011700,2025-10-29,La Marsa,216.40337589266395,0.0,N
1548934,1401709736,758011701,2025-11-17,Djerba 2,179.30565431106442,0.0,N
781110,1400615572,758011702,2025-10-15,Bizerte,1786.3112498840696,0.0,T
1615870,1401953554,758011705,2025-10-28,Djerba 2,219.49485269113057,0.0,N
1739206,1401912668,758011707,2025-11-05,Bizerte,129.68745169567504,0.0,N
1751328,1414079340,758011710,2025-10-20,Bizerte,79.61974835378861,0.0,N
1586014,1401773332,758011715,2025-08-26,Sfax 3,296.57340711657963,0.0,N
1468900,1400068900,758011723,2025-11-22,Sousse 3,91.81686091445884,0.0,N
1761496,1414099156,758011728,2025-11-10,M'saken,135.71583145268497,0.0,N
1535738,1400135738,758011729,2025-11-01,Bizerte,176.2141775125978,0.0,T
1069272,1400927296,758011732,2025-08-08,Mutuelleville,8287.801341700932,0.0,N
1688108,1414131352,758011741,2025-11-21,Gabès 2,96.18357189229296,0.0,N
1290158,1401327538,758011744,2025-11-21,Gabès 1,57.19232077163261,0.0,N
1219334,1401419334,758011750,2025-11-16,Djerba 2,661.4267165424924,0.0,N
1781732,1414139570,758011751,2025-11-14,Ghardimaou,594.3364145052092,0.0,N
1187488,1414173314,758011753,2025-11-22,Sousse 2,53.03304788697561,0.0,N
1555730,1401499894,758011757,2025-11-12,Lac II,89.65282715553221,0.0,N
1533552,1401667328,758011760,2025-11-21,Béja II,123.84425139889326,0.0,N
1739734,1401907292,758011765,2025-11-22,Gabès 1,337.19912202058924,0.0,N
870138,1400601752,758011767,2025-11-14,Ghardimaou,203.16907286610814,0.0,N
1292886,1401332692,758011768,2025-11-22,Sousse 3,69.55822796549913,0.0,N
1479338,1400079338,758011769,2025-11-07,La Goulette,110.36572170525861,0.0,N
14001196,1415415072,758011771,2025-11-15,Djerba 2,3854.9587287847407,0.0,N
1375316,1401575316,758011772,2025-11-19,Zarzis 1,1295.506538473429,0.0,N
1709334,1401999414,758011773,2025-11-22,Chebba,111.2931647447986,0.0,N
1335394,1401159328,758011776,2025-11-21,Gabès 1,335.6042291402603,0.0,N
1715356,1414132130,758011777,2025-11-18,Béja II,111.2931647447986,0.0,N
1753712,1401934738,758011781,2025-11-22,Gabès 3,80.16415741799858,0.0,N
1553758,1415415318,758011782,2025-11-22,Sfax 1,34.779113982749564,0.0,N
1806700,1414195732,758011784,2025-11-01,Sidi Hessine,411.00782143630016,0.0,T
1751060,1414079538,758011789,2025-11-23,Bizerte,115.74489133459053,0.0,N
1413152,1414154078,758011795,2025-11-05,Gabès 3,137.36482517698707,0.0,N
1475376,1400075376,758011796,2025-11-21,Zarzis 1,239.11460104491917,0.0,N
1407930,1401532714,758011797,2025-10-12,Djerba 2,360.5280242371781,0.0,N
1547292,1401707134,758011802,2025-11-23,Ain Zaghouan,98.30896219123876,0.0,N
1754692,1401957354,758011803,2025-11-06,Bizerte,89.27597613379912,0.0,N
1721314,1414141748,758011805,2025-11-23,Sousse 3,111.2931647447986,0.0,N
1389336,1414169554,758011806,2025-10-28,Sousse 3,463.72151976999413,0.0,N
1715152,1414011134,758011807,2025-10-29,Zarzis 1,473.39413237703656,0.0,N
1553334,1415411200,758011808,2025-10-31,Ghardimaou,28.90499891798312,0.0,N
933460,1401781286,758011809,2025-11-12,Gabès 3,282.5294463165054,0.0,N
997976,1400753778,758011812,2025-11-22,Ain Zaghouan,78.17757442730392,0.0,N
1321490,1401017272,758011815,2025-11-21,Menzel Bourguiba,70.89405509011655,0.0,N
1511534,1401734954,758011818,2025-11-16,Gabès 1,373.0794200389526,0.0,N
1272158,1401472158,758011820,2025-11-22,Djerba 1,69.55822796549913,0.0,N
934934,1401697314,758011824,2025-11-22,Sousse 2,94.73305097845241,0.0,N
814112,1401149336,758011826,2025-11-23,Lac II,111.2931647447986,0.0,N
1307380,1401507380,758011828,2025-08-06,Bizerte,308.9863047577828,0.0,N
1414960,1401473534,758011829,2025-11-20,Zarzis 1,111.2931647447986,0.0,N
1334812,1401534812,758011830,2025-11-22,Bizerte,76.38884595171113,0.0,N
739200,1401975292,758011832,2025-11-16,Kairouan 2,171.0300800692491,0.0,T
1513532,1414113946,758011835,2025-10-09,El Jem,5711.2916190064,154.57383992333138,N
1534740,1401536690,758011840,2025-11-13,Djerba 2,2082.9449407982192,0.0,N
1355672,1401371356,758011842,2025-11-20,Sousse 2,0.0,463.72151976999413,T
1793310,1414160106,758011844,2025-10-26,Mutuelleville,104.53210498655208,0.0,N
1593550,1401771348,758011846,2025-11-22,Ghardimaou,55.6465823723993,0.0,N
1378978,1414179670,758011848,2025-11-21,Djerba 1,108.51083562617863,0.0,N
1549086,1400755520,758011850,2025-11-23,Béja,88.6477880483507,0.0,N
1115710,1414007954,758011853,2025-08-09,Jemmal,2012.9900763594771,0.0,T
1553286,1401549800,758011855,2025-11-22,Gabès 2,103.00986181098712,0.0,N
1479530,1401580600,758011856,2025-11-23,El Menzah,89.439515256438,0.0,N
1507350,1400107350,758011858,2025-11-18,Ariana,70.89343679475687,0.0,N
1771596,1414116730,758011860,2025-11-23,Ain Zaghouan,70.89374594243671,0.0,N
14009320,1415417548,758011872,2025-11-16,Lafayette,384.8486722107151,0.0,N
953572,1400701374,758011882,2025-11-14,Zarzis 1,136.11772343648562,0.0,N
1216932,1401178070,758011890,2025-11-06,Ezzahrouni,123.65907193866511,0.0,N
1301610,1401513500,758011899,2025-11-22,Zarzis 1,111.2931647447986,0.0,N
1470918,1400070918,758011901,2025-11-23,Ariana,105.72850650755866,0.0,N
1692994,1401969348,758011903,2025-11-23,Korba,3129.646953349615,0.0,N
1755348,1401959560,758011904,2025-11-19,Sousse 2,188.22889294215847,0.0,N
1299320,1401499320,758011905,2025-11-23,Bizerte,651.4050762049031,0.0,N
1740806,1415415536,758011927,2025-11-24,Djerba 2,345.4261600766686,0.0,N
1413408,1401529546,758011929,2025-11-23,Sousse 1,166.9397471171979,0.0,N
1135530,1400810068,758011940,2025-11-24,Mutuelleville,55.6465823723993,0.0,N
1493554,1401939466,758011942,2025-10-17,Boussalem,1145.163384548799,0.0,N
1175334,1414137714,758011943,2025-11-24,Djerba 1,119.56502921445575,0.0,N
1175334,1414137714,758011943,2025-11-24,Djerba 1,284.8474356199957,0.0,N
1212134,1401412134,758011946,2025-11-21,La Marsa,119.33100442081182,0.0,N
1591172,1400191172,758011952,2025-11-24,La Marsa,68.12872909388815,0.0,N
1506066,1414156950,758011954,2025-11-24,Jendouba,64.9343061180326,0.0,N
1689386,1401974996,758011957,2025-11-23,Ariana,222.5863294895972,0.0,N
1577746,1401759334,758011960,2025-11-22,Djerba 2,119.58759699508455,0.0,N
1733998,1414128154,758011965,2025-08-22,Mutuelleville,61.829535969332554,0.0,N
1213980,1414135198,758011967,2025-11-18,Gabès 1,32.46050638389959,0.0,N
1709768,1414000952,758011980,2025-11-23,Grombalia,92.74615884007791,0.0,N
1175318,1401776772,758011981,2025-10-14,Zarzis 1,5772.850650755867,295.67007759606764,N
1393274,1401593274,758011986,2025-11-23,Ezzahrouni,60.96114013664328,0.0,N
1473160,1414115354,758011988,2025-11-22,Béja,558.6685009429004,0.0,T
1775352,1414133870,758011999,2025-10-14,Grombalia,404.21059139951154,0.0,N
949572,1400919340,758012000,2025-11-24,Chebba,63.993569728259196,0.0,N
1807136,1414193556,758012010,2025-11-01,Gabès 1,598.8400779052154,0.0,T
871492,1400601900,758012013,2025-11-24,Medjez El Bab,54.338887686647915,0.0,N
1291480,1400955616,758012014,2025-11-20,Ariana,238.762172689894,0.0,N
1713786,1414008732,758012022,2025-11-10,Hammamet 2,98.24713265526943,0.0,N
1679288,1414153932,758012029,2025-11-23,Ennasr,83.46987355859895,0.0,N
1087726,1401341060,758012030,2025-11-24,Sousse 2,111.2931647447986,0.0,N
1391912,1401553754,758012031,2025-08-15,Lac II,967.6888119454665,0.0,N
1756728,1401875260,758012034,2025-11-24,Soliman,85.55569295452437,0.0,N
1553208,1401717148,758012044,2025-11-23,Monastir 2,110.29399944353418,0.0,N
1797134,1414197872,758012047,2025-11-23,Gabès 1,197.73858472192168,0.0,N
1735508,1401897494,758012048,2025-11-24,Soliman,111.2931647447986,0.0,N
1270888,1401212732,758012049,2025-11-24,Bizerte,166.9397471171979,0.0,N
1407550,1414075074,758012056,2025-11-24,Medjez El Bab,231.86075988499707,0.0,N
1361178,1414075758,758012058,2025-11-22,Zarzis 1,91.81686091445884,0.0,N
14015554,1415407154,758012062,2025-11-20,La Marsa,109.84697189847591,0.0,N
1481352,1401593392,758012064,2025-11-24,Gabès 1,109.26206448820602,0.0,N
1535916,1414196916,758012065,2025-11-24,Zarzis 1,1307.2767180882308,0.0,N
1416120,1401467470,758012067,2025-11-24,El Jem,53.003369709710334,0.0,N
1513148,1401733736,758012069,2025-11-24,Gabès 4,111.2931647447986,0.0,N
1175814,1401817378,758012073,2025-11-24,Zarzis 1,239.68899743407428,0.0,N
1734916,1414130150,758012077,2025-11-24,Gabès 3,1227.867190156738,0.0,N
1141598,1401877886,758012079,2025-11-24,Gabès 2,247.31814387733021,0.0,N
1767340,1414111352,758012083,2025-11-24,Soliman,106.32114260982472,0.0,N
814160,1401667916,758012084,2025-11-24,Zarzis 1,83.80653538195196,0.0,N
1155950,1414155476,758012091,2025-09-04,Zarzis 1,3769.4759946826603,17.58308343895879,N
777808,1401172812,758012102,2025-11-17,Sousse 1,400.1187127090611,0.0,N
933546,1414012706,758012103,2025-11-21,La Marsa,884.7475809194052,0.0,T
1733934,1401895554,758012109,2025-11-25,Kairouan 2,101.15713976566606,0.0,N
1575214,1414137572,758012113,2025-11-04,Ghardimaou,1218.5117630692182,0.0,N
1755528,1401958734,758012115,2025-11-25,Jendouba,80.27483228738369,0.0,N
1400974,1401954918,758012128,2025-11-18,Djerba 2,510.2751414350636,0.0,N
957574,1400715972,758012129,2025-11-15,Béja II,1232.368998670665,0.0,N
1538070,1401691398,758012130,2025-11-18,Djerba 2,667.7589884687916,0.0,N
1753346,1414095474,758012132,2025-11-24,Ariana,891.7337001885801,0.0,N
1553356,1400153356,758012137,2025-11-24,Gabès 4,2234.3419791634465,0.0,N
949358,1401081718,758012138,2025-11-25,Gabès 2,83.41237209014747,0.0,N
1273406,1401933572,758012140,2025-11-21,Grombalia,111.2931647447986,0.0,N
809414,1401333372,758012144,2025-11-21,Djerba 1,846.4058490741028,0.0,N
1686118,1401957130,758012145,2025-11-26,Béja II,72.42309951463815,0.0,N
1716750,1414015514,758012146,2025-11-22,Kairouan 1,827.5197081645903,0.0,N
1533794,1401920794,758012148,2025-11-25,Gabès 2,44.826413577766104,0.0,N
1570932,1401795352,758012149,2025-11-26,Djerba 2,225.5980461866634,0.0,N
1376866,1401576866,758012151,2025-11-25,Sousse 3,97.38151915169877,0.0,N
1395154,1401595154,758012153,2025-11-26,Chebba,95.06383899588835,0.0,N
1781378,1414137730,758012154,2025-11-25,Zarzis 1,91.81686091445884,0.0,N
909572,1414171934,758012158,2025-11-26,Chebba,83.46987355859895,0.0,N
1706008,1401993732,758012163,2025-11-27,Ain Zaghouan,111.2931647447986,0.0,N
1416950,1401529260,758012168,2025-11-24,Sousse 3,589.9802145484898,0.0,N
1471308,1401493308,758012169,2025-11-25,Sousse 3,278.2329118619965,0.0,N
1381074,1400706138,758012171,2025-11-11,Zarzis 1,200.9459919003308,0.0,N
935486,1401775772,758012179,2025-11-28,Jendouba,647.7469317092775,0.0,N
1559090,1401727694,758017580,2025-11-24,Ghardimaou,148.39088632639812,0.0,N
1789388,1414152974,758017582,2025-11-27,Ezzouhour,84.7608742696386,0.0,N
1547532,1400147532,758017584,2025-11-27,Sousse 3,47.299595016539406,0.0,N
1219376,1401114776,758017585,2025-11-25,Mahdia,64.9343061180326,0.0,N
1595692,1401893396,758017587,2025-11-27,Boussalem,495.24252635483975,0.0,N
1730932,1415419332,758017588,2025-11-27,El Kram,55.6465823723993,0.0,N
1526988,1401671810,758012190,2025-11-27,Ezzahrouni,71.61962469471668,0.0,N
1469260,1401573528,758012193,2025-11-27,Sfax 4,85.79311837264662,0.0,N
1415572,1401475380,758012196,2025-11-27,Boussalem,27.82329118619965,0.0,N
1598152,1415417948,758012199,2025-11-18,Kairouan 2,440.3805607938913,0.0,N
666078,1400931508,758012201,2025-11-26,El Menzah,72.88465700064921,0.0,N
1331092,1401531092,758012204,2025-11-26,Gabès 4,514.7308869446935,0.0,N
1777574,1414131532,758012206,2025-11-28,Les Berges du Lac,68.16706340618914,0.0,N
1288086,1401870074,758012211,2025-11-25,Testour,156.86307849259592,0.0,N
1331514,1414171528,758012223,2025-11-27,Gabès 1,111.2931647447986,0.0,N
1551948,1401539078,758012224,2025-11-27,El Jem,111.2931647447986,0.0,N
1711974,1414013154,758012226,2025-11-26,Ain Zaghouan,49.37243020991128,0.0,N
1693548,1401954066,758012235,2025-11-27,Moknine,111.2931647447986,0.0,N
1777930,1414191574,758012238,2025-11-26,Kairouan 2,86.56135035706558,0.0,N
1551546,1401714152,758012246,2025-11-24,Gabès 2,456.56815160602224,0.0,N
1551546,1401714152,758012246,2025-11-24,Gabès 2,432.36528889850683,0.0,N
871590,1401926780,758012247,2025-11-28,Lac II,89.03453179583887,0.0,N
1767354,1414109152,758012250,2025-11-26,Zarzis 1,252.26388845951712,0.0,N
1739546,1401915132,758012255,2025-11-28,Sousse 2,47.299595016539406,0.0,N
1478174,1401699408,758012260,2025-11-19,Bizerte,491.26039509073485,0.0,N
1546920,1414149532,758012266,2025-11-27,Mahdia,48.690759575849384,0.0,N
1472192,1401554974,758012268,2025-11-26,Béja,241.1141682381674,0.0,N
920138,1401375206,758012273,2025-11-24,Raoued,128.15067857915727,0.0,N
1269690,1401350914,758012274,2025-11-28,Ezzahrouni,90.42816953658763,0.0,N
1333072,1401895148,758012290,2025-11-28,Gabès 2,111.2931647447986,0.0,N
952698,1400699460,758012294,2025-08-19,Mutuelleville,240.44424521593967,0.0,N
1799338,1414170812,758012296,2025-11-26,Bizerte,49.37273935759112,0.0,N
1614908,1401955872,758012297,2025-11-25,Bizerte,9274.430395399882,0.0,N
1290018,1401615340,758012298,2025-11-28,Mahdia,111.2931647447986,0.0,N
1381720,1401581720,758012299,2025-11-28,Ezzahrouni,80.82697004358982,0.0,N
1293574,1401935672,758012302,2025-11-28,Lac II,194.76303830339754,0.0,N
1734600,1414153730,758012304,2025-11-27,Djerba 1,44.40597273317464,0.0,N
887368,1401533260,758012312,2025-11-28,Béja,16.69397471171979,0.0,N
1786012,1414146894,758012313,2025-11-28,Nabeul 2,111.2931647447986,0.0,N
1756738,1414181472,758012314,2025-11-28,Sfax 5,139.11645593099826,0.0,N
1668806,1401935972,758012317,2025-11-20,Zarzis 2,228.95477169443845,0.0,N
1569972,1401747556,758012324,2025-11-29,El Jem,59.96784864129595,0.0,N
1109720,1414159334,758012326,2025-10-15,Medjez El Bab,71.4131140445791,0.0,N
1335354,1401535354,758012328,2025-11-29,El Menzah,73.9883142177018,0.0,N
1733536,1401893754,758012329,2025-11-19,Sfax 2,139.11645593099826,0.0,N
1681134,1401949526,758012332,2025-11-21,La Marsa,154.57383992333138,0.0,N
1175334,1414137714,758012334,2025-11-28,Djerba 1,1110.2417534856402,0.0,N
1287096,1401487096,758012336,2025-11-28,Ain Zaghouan,71.4131140445791,0.0,N
1472612,1401555898,758012337,2025-11-27,La Marsa,290.31162086128546,0.0,N
1572754,1400172754,758012338,2025-11-25,Gabès 4,596.2991931245556,0.0,N
1572754,1400172754,758012340,2025-11-30,Gabès 4,72.34055708411908,0.0,N
1555732,1401700868,758012343,2025-11-28,Gabès 3,77.90521532135902,0.0,N
14013554,1415410800,758012344,2025-11-21,Ghardimaou,114.38464154326522,0.0,N
937416,1401575218,758012347,2025-11-29,Kairouan 1,55.6465823723993,0.0,N
1360878,1401757720,758012349,2025-11-29,El Menzah,26.234272111787803,0.0,N
1727770,1401894728,758012351,2025-11-17,Lafayette,1027.733947506724,0.0,N
767514,1401289916,758012355,2025-11-20,Medjez El Bab,60.28379757009924,0.0,N
1358988,1401558988,758012356,2025-11-29,El Jem,78.04433177729001,0.0,N
926680,1400921928,758012367,2025-11-27,La Goulette,0.0,463.72151976999413,N
14014166,1415412674,758012368,2025-11-18,Mutuelleville,293.72801187127095,0.0,N
1387566,1401417216,758012369,2025-11-28,Lac II,114.38464154326522,0.0,N
1575340,1401873554,758012372,2025-11-29,Béja,99.32914953473275,0.0,N
1749514,1401929330,758012375,2025-11-22,Sousse 3,884.1623643614555,0.0,N
1472086,1401935508,758012378,2025-11-29,Djerba 2,111.2931647447986,0.0,N
767354,1401289960,758012380,2025-11-27,Gabès 3,152.5739635824033,0.0,N
1330730,1414007316,758012385,2025-11-30,M'saken,111.2931647447986,0.0,N
1333412,1401533412,758012386,2025-11-21,Ain Zaghouan,353.2138992796859,0.0,N
1301912,1414087066,758012394,2025-09-08,Chebba,1921.0093671746995,92.74430395399882,N
1786132,1414158806,758012395,2025-11-29,Enfidha,140.28565245617833,0.0,N
1491592,1400091592,758012396,2025-11-25,Lac II,271.7408105852166,0.0,N
914990,1400734134,758012399,2025-11-30,Boussalem,63.80715367731165,0.0,N
1747154,1414073334,758012400,2025-08-22,Chebba,6561.447429437042,1855.3535103719048,N
1314740,1401387116,758012401,2025-11-28,Raoued,69.55822796549913,0.0,N
1314132,1401352932,758012405,2025-08-13,Béja,3578.1890128914583,0.0,N
1318806,1414175538,758012407,2025-11-30,Sousse 3,124.53705134942963,0.0,N
1752614,1414069400,758012409,2025-11-30,Kairouan 2,85.79342752032646,0.0,N
1556194,1401995558,758012410,2025-11-28,Lac II,93.33663090858504,0.0,N
1350698,1401588714,758012413,2025-11-30,Ennasr,166.9397471171979,0.0,N
1815214,1414177732,758012421,2025-11-30,Sousse 2,158.75939036077534,0.0,N
1553536,1400153536,758012422,2025-11-28,Zarzis 1,91.64744798590287,0.0,N
1319894,1401312196,758012423,2025-11-25,Boussalem,252.14084768293816,0.0,N
1334166,1401156934,758012430,2025-11-29,El Menzah,114.67524036232109,0.0,N
1174772,1401011472,758012432,2025-11-30,Lac II,225.44223575602066,0.0,N
1786952,1414149292,758012435,2025-11-29,Sfax 2,1412.3229356663678,0.0,N
1487300,1400087300,758012440,2025-11-28,Mahdia,432.37394503354255,0.0,N
1817148,1415400954,758012441,2025-11-28,Bizerte,91.81686091445884,0.0,N
739536,1400729180,758012446,2025-11-27,Zarzis 1,71.4131140445791,0.0,N
1133734,1401947526,758012450,2025-11-10,Lac II,224.5030451046465,0.0,N
999756,1400755932,758012455,2025-11-30,Testour,66.26858750425079,0.0,N
1595208,1400799538,758012457,2025-11-29,Gabès 4,109.10130769468576,0.0,N
1374880,1414155520,758012459,2025-11-09,Djerba 1,284.4158654589298,0.0,N
1561158,1401731308,758012470,2025-11-29,Sfax 5,129.4976350202492,0.0,N
1541594,1400920714,758012474,2025-10-04,Lac II,123.65907193866511,0.0,T
1546060,1401461554,758012479,2025-11-03,Gabès 2,406.8881194546635,0.0,N
1737380,1401899572,758012485,2025-11-11,Gabès 1,1376.6160694963985,0.0,N
1532734,1401795952,758012498,2025-11-29,Menzel Bourguiba,55.6465823723993,0.0,N
1353218,1401812952,758012499,2025-11-22,Sfax 4,166.25962222153524,0.0,N
1579528,1401760112,758012500,2025-08-14,Gabès 2,4066.425634525613,77.28073700806875,T
1541548,1401476128,758012501,2025-11-30,Sousse 3,75.12288620273905,0.0,N
1737514,1401901476,758012503,2025-11-28,Menzel Temim,83.46987355859895,0.0,N
996710,1414178772,758012510,2025-11-30,Soukra,51.358704052926086,0.0,N
1517774,1401734072,758012513,2025-11-09,Nabeul 1,1056.983955235416,0.0,N
792738,1401306066,758012515,2025-11-19,Menzel Bourguiba,510.09367174699355,0.0,N
1357374,1401148006,758012516,2025-11-30,Ennasr,95.72572417844005,0.0,N
1195492,1414195952,758012522,2025-11-28,Gabès 1,80.68754443997898,0.0,N
1349288,1401549288,758012523,2025-11-29,Mahdia,253.3183911954741,0.0,N
1379128,1401740016,758012525,2025-11-30,Mutuelleville,101.02389711565215,0.0,N
666108,1400861328,758012527,2025-11-28,Bizerte,64.2718026401212,0.0,N
1389414,1415407334,758012529,2025-11-29,Gabès 1,63.993569728259196,0.0,N
1395118,1401551132,758012532,2025-11-27,Grombalia,194.76303830339754,0.0,N
1755350,1414073920,758012534,2025-11-28,Grombalia,55.6465823723993,0.0,N
1559554,1400159554,758012535,2025-11-26,Gabès 4,117.47611834173185,0.0,N
1181276,1401133574,758012538,2025-11-30,Sousse 3,25.791881781927227,0.0,N
1351114,1414155514,758012543,2025-11-30,Raoued,79.17086592265126,0.0,N
1115540,1400932740,758012546,2025-11-30,Sousse 3,606.0413639595636,0.0,N
1287508,1401487508,758012548,2025-11-30,La Marsa,145.2994095279315,0.0,N
1514870,1401975152,758012550,2025-11-30,Gabès 4,133.80251646211397,0.0,N
1666692,1401973738,758012554,2025-11-30,Bardo,123.65907193866511,0.0,N
1351476,1401993586,758012555,2025-11-19,Boussalem,293.195659566575,0.0,N
1407550,1401751930,758012556,2025-09-29,Djerba 1,802.975855566204,0.0,N
1327156,1401574994,758012557,2025-11-28,Sfax 5,292.044393606826,0.0,N
1498752,1401618736,758012562,2025-11-28,Djerba 2,127.10946919343371,0.0,N
1355934,1401555934,758012563,2025-11-30,Zarzis 1,83.4695644109191,0.0,N
1729488,1414159754,758012568,2025-11-29,Mahdia,4085.6184499335336,0.0,N
1753118,1415400694,758012575,2025-12-01,Medjez El Bab,139.11645593099826,0.0,N
1355588,1401418006,758012576,2025-11-30,Menzel Bourguiba,630.5274059418184,0.0,N
1339350,1401539350,758012580,2025-12-01,Bizerte,83.85939963520575,0.0,N
1530958,1401215154,758012581,2025-11-28,Ain Zaghouan,278.2329118619965,0.0,N
1195332,1401069580,758012582,2025-11-26,Bizerte,589.0682288929422,0.0,N
1614186,1401801474,758012584,2025-11-30,Sfax 4,48.690759575849384,0.0,N
1709914,1414117552,758012589,2025-10-31,Gabès 1,77.28691996166569,0.0,N
1169660,1401418714,758012590,2025-11-21,Sousse 1,420.2049649117384,0.0,N
1757548,1414078770,758012592,2025-11-19,Medjez El Bab,546.2889912511207,0.0,N
815218,1401927116,758012593,2025-11-21,Bizerte,74.19544316319906,0.0,N
1751552,1401931370,758012597,2025-11-28,Mutuelleville,72.34055708411908,0.0,N
937914,1400793494,758012600,2025-09-04,Soukra,28448.2697004359,703.3109716511578,N
1817218,1414199732,758012604,2025-11-30,Menzel Bourguiba,1070.298327511052,0.0,N
1414974,1401533334,758012607,2025-11-30,Sfax 2,327.18644696571556,0.0,N
1356086,1401721072,758012608,2025-12-01,Mutuelleville,54.35125359384178,0.0,N
1609100,1401814134,758012609,2025-12-01,Medjez El Bab,23.9419420657248,0.0,N
959976,1414179534,758012610,2025-11-29,Menzel Bourguiba,77.51599839243207,0.0,N
897006,1414157318,758012611,2025-11-30,Gabès 4,199.36748384703375,0.0,N
1550094,1415417816,758012612,2025-12-01,Sfax 4,6533.366618233531,315.330633443596,N
973592,1414121554,758012617,2025-11-30,Hammamet 1,96.01817788357499,0.0,N
1815592,1414176156,758012619,2025-11-30,Lafayette,139.11645593099826,0.0,N
1807136,1414193556,758012621,2025-11-28,Gabès 1,1029.8213126410487,0.0,T
1509306,1401757110,758012628,2025-11-30,Ain Zaghouan,76.12978019599963,0.0,N
1600732,1401798954,758012631,2025-11-30,Zarzis 1,82.4181531517606,0.0,N
1693326,1414111528,758012636,2025-11-28,Enfidha,113.56818252079019,0.0,N
1747338,1414073074,758012640,2025-11-30,Béja,139.11645593099826,0.0,N
1708152,1401997414,758012641,2025-10-15,Sousse 3,105.56187590812131,0.0,N
1169474,1401774134,758012642,2025-11-30,Ariana,139.11645593099826,0.0,N
1069198,1401153592,758012645,2025-12-01,Bizerte,171.57696231489783,0.0,N
781370,1401313534,758012646,2025-11-10,Djerba 1,723.2819117692522,0.0,N
1774134,1414133554,758012648,2025-12-01,Djerba 2,556.8522583238013,0.0,N
1588728,1401953486,758012651,2025-12-01,Béja,111.02606114941108,0.0,N
1497292,1414119216,758012660,2025-12-01,Bizerte,139.11645593099826,0.0,N
1539906,1401695352,758012663,2025-11-28,Sousse 3,203.99727950041736,0.0,N
1499496,1400099496,758012680,2025-12-01,Ezzahrouni,30.605620304819613,0.0,N
1799360,1414170812,758012683,2025-11-30,Bardo,403.2707824527777,0.0,N
1260794,1414151730,758012692,2025-12-01,Sahloul,0.0,284.7435619995672,N
1493170,1401609414,758012696,2025-12-02,Gabès 2,1244.6081553157944,0.0,N
1578800,1401537550,758012699,2025-11-30,La Goulette,661.7970754629487,0.0,N
1354726,1401352932,758012702,2025-12-01,Djerba 2,92.74430395399882,0.0,N
1515354,1401753756,758012707,2025-11-28,Bizerte,511.568615327542,0.0,N
1552860,1415400148,758012710,2025-12-02,Lac II,62.60240516894921,0.0,N
767370,1414173146,758012712,2025-11-25,Bizerte,139.11645593099826,0.0,N
1199748,1401078906,758012720,2025-12-01,Zarzis 1,79.10996382972147,0.0,N
1335354,1415412948,758012725,2025-12-02,Mahdia,0.0,130.71444028812564,N
1273968,1401735218,758012726,2025-12-02,Jendouba,288.74362382910317,0.0,N
1273968,1401735218,758012726,2025-12-02,Jendouba,216.40337589266395,0.0,N
1796876,1414167286,758012728,2025-12-02,Beni Khalled,111.2931647447986,0.0,N
1551306,1401713330,758012729,2025-11-01,Sousse 3,72.54954091569543,0.0,N
1678180,1401954680,758012730,2025-12-01,Sousse 2,69.23795096917799,0.0,N
691870,1401549974,758012733,2025-12-01,El Menzah,80.76544965530034,0.0,N
1807136,1414193556,758012734,2025-12-01,Gabès 1,136.52394348780413,0.0,N
1496772,1414194932,758012735,2025-12-01,Teboulba,1513.6872043775313,0.0,N
1793460,1414188932,758012747,2025-12-02,Sfax 4,99.32914953473275,0.0,N
1737500,1401901472,758012748,2025-08-27,Ain Zaghouan,3827.7008687049806,222.13373728630168,N
1746616,1414071732,758012753,2025-12-01,Testour,83.46987355859895,0.0,N
1510928,1401721572,758012760,2025-12-02,Chebba,20.867468389649737,0.0,N
869406,1401337350,758012764,2025-12-02,Mahdia,111.2931647447986,0.0,N
1413206,1401461528,758012766,2025-12-02,Zarzis 1,23.2794385878134,0.0,N
1531510,1414121134,758012772,2025-12-01,Jendouba,173.03675765913377,0.0,N
1292706,1415555526,758012774,2025-12-02,Lac II,278.2329118619965,0.0,N
1807534,1414194934,758012779,2025-12-02,Nabeul 2,231.86075988499707,0.0,N
1372140,1414153398,758012782,2025-11-30,Mutuelleville,63.993569728259196,0.0,N
1375878,1401575878,758012784,2025-11-21,Ghardimaou,0.0,463.72151976999413,N
955700,1414197998,758012785,2025-12-01,Mutuelleville,89.28154079203637,0.0,N
801386,1401530010,758012787,2025-12-04,Menzel Bourguiba,64.27211178780104,0.0,N
907380,1400873934,758012799,2025-12-02,Mahdia,125.35845673478221,0.0,N
1767492,1414111150,758012810,2025-12-02,Mahdia,838.0709184777569,0.0,N
1493794,1400093794,758012818,2025-10-14,Bizerte,309.1479889943426,0.0,N
1339992,1401341260,758012820,2025-12-03,Lac II,123.65907193866511,0.0,N
971388,1414188732,758012822,2025-11-15,Ariana,262.77552786966334,0.0,N
1395958,1401751700,758012824,2025-12-04,El Menzah,81.35530342844777,0.0,N
1079414,1400874918,758012825,2025-12-04,El Jem,111.2931647447986,0.0,N
1738948,1414009352,758012826,2025-11-27,Gabès 1,4573.200605929453,0.0,N
1135488,1401990154,758012827,2025-11-20,Jendouba,424.5129378304016,0.0,N
1387132,1401417738,758012829,2025-12-02,Jendouba,139.11645593099826,0.0,N
1592932,1401771286,758012832,2025-12-03,Zarzis 1,83.30262466380191,0.0,N
1167510,1401017400,758012840,2025-11-07,Bizerte,211.45701301511733,0.0,N
1535928,1400135928,758012854,2025-11-13,Ghardimaou,55.170494945435436,0.0,N
1756970,1414100174,758012855,2025-09-15,Béja,244.22635793118374,0.0,N
1510880,1401721752,758012856,2025-11-29,Sfax 2,123.65907193866511,0.0,N
1811594,1414190932,758012857,2025-12-02,Bizerte,69.55822796549913,0.0,N
1487790,1401369920,758012859,2025-12-04,Djerba 2,114.38464154326522,0.0,N
1133754,1414132920,758012862,2025-08-05,Djerba 1,0.0,463.72151976999413,N
1774080,1414133490,758012863,2025-12-04,Sfax 2,84.1373233993879,0.0,N
1333700,1401533700,758012864,2025-12-04,Raoued,582.8979503508826,0.0,N
1333354,1401318608,758012870,2025-12-02,La Marsa,710.2667944477078,0.0,N
1713870,1401993532,758012871,2025-12-02,La Goulette,1743.1273379293289,0.0,N
1772152,1414121214,758012873,2025-12-04,Sousse 1,111.2931647447986,0.0,N
1367928,1401567928,758012886,2025-11-14,Sousse 3,474.3861872816645,0.0,N
1673132,1401916174,758012889,2025-12-04,El Jem,41.09531022969673,0.0,N
947140,1414069332,758012891,2025-11-30,Ghardimaou,489.64509846353604,0.0,N
1372708,1401594814,758012895,2025-12-05,Medjez El Bab,17.319689615729434,0.0,N
935940,1401718774,758012898,2025-12-03,Monastir 2,14.618975484588988,0.0,N
1141478,1414076946,758012901,2025-12-05,Les Berges du Lac,235.689553899898,0.0,N
1515734,1414196938,758012904,2025-12-01,Mahdia,29.172720808730332,0.0,N
1317492,1401099740,758012905,2025-08-25,Béja,2118.2817571954124,618.2953596933255,N
947512,1401272910,758012906,2025-12-03,Ain Zaghouan,112.07067115961296,0.0,N
1281414,1401351354,758012910,2025-12-03,Chebba,54.255417813089316,0.0,N
1355974,1400914938,758012913,2025-12-04,Mahdia,111.2931647447986,0.0,N
1807136,1414193556,758012915,2025-08-06,Gabès 1,61.674962129409224,0.0,N
1607060,1401811334,758012916,2025-11-29,Bardo,1678.8920147154297,0.0,N
1539992,1414151314,758012917,2025-11-26,Jendouba,61.08603579930133,0.0,T
1772074,1414121534,758012919,2025-12-05,Chebba,62.60240516894921,0.0,N
1527750,1414079874,758012924,2025-12-04,Ariana,72.34055708411908,0.0,N
1735926,1401898146,758012925,2025-11-18,Ain Zaghouan,3505.5776424397936,0.0,N
1169114,1401936116,758012928,2025-11-30,Boussalem,207.12894549726406,0.0,N
1753554,1414067472,758012929,2025-11-29,Bizerte,87.79794107645223,0.0,N
1151920,1415414810,758012930,2025-11-17,Bizerte,58.662008841623646,0.0,N
1313878,1401513878,758012931,2025-12-04,Gabès 4,111.2931647447986,0.0,N
1313912,1401614740,758012934,2025-11-28,M'saken,516.7310724333014,0.0,N
1732946,1414151500,758012935,2025-08-13,Nabeul 2,2501.8177883574986,0.0,N
1338148,1401692146,758012936,2025-11-17,Bizerte,101.90836862769345,0.0,N
951750,1414133532,758012937,2025-12-04,Lafayette,232.56221597056916,0.0,N
1559090,1401727694,758012941,2025-08-06,Ghardimaou,1563.0639626549603,0.0,N
1559090,1401727694,758012942,2025-12-02,Ghardimaou,107.11967106686865,0.0,N
931330,1401381274,758012944,2025-12-05,El Menzah,111.2931647447986,0.0,N
1474146,1401551080,758012949,2025-12-04,Soliman,70.23155161220515,0.0,N
1219760,1401117128,758012956,2025-12-02,Sfax 2,89.10378087612453,0.0,N
1557358,1400157358,758012960,2025-11-24,Djerba 2,880.7617398831422,0.0,N
1133734,1401938814,758012964,2025-11-10,Lac II,256.8794633196278,0.0,N
14013550,1415411378,758012966,2025-11-30,Raoued,92.74430395399882,0.0,N
1121818,1400809398,758012973,2025-10-02,Boussalem,1003.2599622839831,0.0,N
1761192,1414098600,758012978,2025-11-25,Gabès 1,1994.4872785729744,0.0,N
1107666,1414101550,758012980,2025-11-21,Ghardimaou,83.8822765635144,0.0,N
1772150,1414121214,758012981,2025-12-04,Testour,60.28379757009924,0.0,N
1135546,1401611486,758012984,2025-12-01,Moknine,114.23006770334189,0.0,N
1732158,1414133376,758012988,2025-12-05,Gabès 2,409.93013262435466,0.0,N
1529530,1401526794,758012992,2025-12-01,Djerba 1,2045.246236126998,154.57383992333138,N
1538168,1401555534,758012998,2025-12-06,Djerba 1,38.95260766067951,0.0,N
1337590,1401335588,758012999,2025-12-04,Menzel Bourguiba,64.27211178780104,0.0,N
1540712,1414176120,758013006,2025-12-05,Mutuelleville,55.6465823723993,0.0,N
933914,1400756770,758013007,2025-12-04,Djerba 1,72.41567997032183,0.0,N
1141126,1401533554,758013009,2025-11-23,Lac II,1169.5056728599252,0.0,N
1547080,1401706674,758013011,2025-12-01,Kelibia,692.4908028565246,0.0,N
1761512,1414099214,758013014,2025-11-25,La Marsa,361.51729681268745,0.0,N
1707570,1401997352,758013017,2025-12-06,Mutuelleville,70.5611030389217,0.0,N
779318,1401207390,758013024,2025-12-05,Boussalem,990.6683772838286,0.0,N
14007572,1415415270,758013027,2025-12-04,Djerba 2,111.2931647447986,0.0,N
1395592,1414110612,758013028,2025-11-18,Zarzis 1,315.7912634865676,0.0,N
1347168,1401547168,758013029,2025-12-05,Zarzis 1,86.56135035706558,0.0,N
1552810,1400152810,758013038,2025-12-06,Ariana,74.20502674127431,0.0,N
1279320,1401461592,758013039,2025-11-12,Boussalem,137.84276749002998,0.0,N
1771338,1414117152,758013040,2025-12-05,Djerba 1,505.1012458651498,0.0,N
1487920,1414135472,758013042,2025-12-05,Bizerte,0.0,47.299595016539406,N
1680976,1401947948,758013048,2025-12-04,Bizerte,4916.989829041333,0.0,N
771528,1401292866,758013056,2025-12-05,Ain Zaghouan,2140.366649148298,102.63702970909203,N
1553520,1400153520,758013062,2025-12-05,Ariana,84.13794169474758,0.0,N
1520974,1401309306,758013070,2025-11-19,Bizerte,382.1065322904752,0.0,N
1135352,1414112126,758013073,2025-12-06,Chebba,65.38473428756917,0.0,N
1512752,1401733338,758013077,2025-11-23,Béja,272.78356570933937,0.0,N
1272096,1401197552,758013078,2025-12-04,Ain Zaghouan,377.16016941292855,0.0,N
1474736,1401552146,758013080,2025-12-04,Sfax 2,1020.1873434939871,0.0,N
1527530,1401907552,758013082,2025-12-05,Grombalia,61.158376356385446,0.0,N
1815752,1414178754,758013083,2025-11-24,Nabeul 2,520.4482641357777,0.0,N
1527528,1401721706,758013086,2025-12-06,Ariana,111.2931647447986,0.0,N
1749598,1414075158,758013087,2025-11-16,Testour,106.68686431508333,0.0,N
1094892,1400888068,758013088,2025-12-05,Sousse 3,89.03453179583887,0.0,N
1807136,1414193556,758013089,2025-12-01,Gabès 1,50.08192413515937,0.0,N
1181506,1414095934,758013090,2025-12-02,Sfax 5,213.37372863016665,0.0,N
1601334,1401799726,758013097,2025-12-05,Bizerte,2215.0335425232633,0.0,N
1337338,1401335298,758013100,2025-11-23,Sousse 1,124.58496923980586,0.0,N
1514968,1401786736,758013102,2025-12-04,Gabès 4,111.2931647447986,0.0,N
1718100,1414087598,758013106,2025-11-22,El Jem,470.707639039169,0.0,N
957140,1401493536,758013110,2025-12-05,Djerba 1,86.37617089683742,0.0,N
1132794,1400955872,758013124,2025-12-05,Bizerte,78.71425479951773,0.0,N
14013414,1415409272,758013128,2025-12-05,Gabès 2,62.01780690635917,0.0,N
1134738,1401973306,758013129,2025-12-01,Gabès 4,289.70012675054875,0.0,N
1731300,1401887892,758013135,2025-12-06,Zarzis 1,613.909481559341,0.0,N
1553610,1401712136,758013137,2025-12-03,Sfax 1,105.55723869292362,0.0,N
1591000,1401781780,758013139,2025-12-05,Monastir 2,250.65013757071753,0.0,N
1694118,1414133294,758013146,2025-11-19,Chebba,4819.102853433085,0.0,N
1349772,1414121414,758013148,2025-12-06,La Goulette,111.2931647447986,0.0,N
1774918,1414133814,758013149,2025-11-19,Ghardimaou,615.598973629703,0.0,T
1813914,1414195134,758013152,2025-11-29,Kairouan 2,1386.8364917921292,0.0,N
1315326,1401515326,758013153,2025-12-06,Lac II,64.2718026401212,0.0,N
1401338,1415401474,758013154,2025-11-27,Gabès 1,290.4195134015519,0.0,N
1537380,1414157956,758013155,2025-11-22,Djerba 2,202.42402695767768,0.0,N
1408068,1414135532,758013159,2025-12-07,L'Aouina,66.77589884687916,0.0,N
898114,1414135532,758013163,2025-12-07,Medjez El Bab,64.27211178780104,0.0,N
1811350,1414191352,758013166,2025-11-29,Testour,2156.994157108851,0.0,N
1121354,1400808816,758013173,2025-12-06,Chebba,38.17912016570316,0.0,N
1813134,1414193740,758013175,2025-12-07,Lac II,61.211240609639226,0.0,N
1381934,1401581934,758013176,2025-12-05,Bizerte,52.30778743005534,0.0,N
1553294,1401495568,758013182,2025-12-04,Testour,93.40804402262961,0.0,N
1275954,1414135534,758013183,2025-11-27,Gabès 3,2822.694222029864,160.58088849043187,N
1501588,1414175920,758013194,2025-09-28,La Marsa,58.738059170865924,0.0,T
1527488,1401671326,758013200,2025-12-06,Ennasr,109.63211426098248,0.0,N
951734,1414173414,758013202,2025-12-03,Béja II,69.55822796549913,0.0,N
1493116,1401592920,758013210,2025-10-17,Gabès 4,312.7028781648994,0.0,N
1719718,1414140074,758013211,2025-12-06,Bizerte,562.3727084428232,0.0,N
1793474,1414153876,758013223,2025-12-07,El Jem,66.58917364825177,0.0,N
1799312,1414169388,758013227,2025-12-06,Ain Zaghouan,53.34528704362074,0.0,N
1499288,1415414754,758013230,2025-12-05,Ghardimaou,373.2429591615915,0.0,N
1296972,1414153566,758013234,2025-12-02,Teboulba,2765.8274337651096,0.0,N
1417014,1401467938,758013236,2025-11-05,Ezzahrouni,5498.224255726961,0.0,N
1217512,1401417512,758013241,2025-12-06,Bizerte,129.53318700343155,0.0,N
1311776,1401957160,758013244,2025-12-07,Zarzis 1,111.2931647447986,0.0,N
1213910,1401707576,758013245,2025-12-07,El Jem,610.5051473088695,0.0,N
1213790,1401413790,758013247,2025-12-06,Gabès 4,802.3615791263487,0.0,N
727472,1414155208,758013248,2025-12-06,Boussalem,199.55482734102083,0.0,N
1750934,1414077418,758013250,2025-11-25,Teboulba,1408.9727022598697,0.0,T
1558970,1401727532,758013253,2025-11-30,Sfax 4,325.5621850558012,0.0,T
1531754,1401571752,758013265,2025-12-07,Lac II,83.50758957554024,0.0,N
1561528,1401731930,758013269,2025-12-08,Chebba,657.9324203171856,0.0,T
1714994,1414010992,758013272,2025-12-07,Ain Zaghouan,363.48038457971376,0.0,N
959414,1401369474,758013277,2025-12-08,Mutuelleville,55.6465823723993,0.0,N
1141898,1414007908,758013282,2025-12-08,Jendouba,99.69889015982936,0.0,N
1319526,1401519526,758013285,2025-12-06,Lac II,97.38151915169877,0.0,N
1506668,1414089674,758013286,2025-12-07,Bizerte,289.45435434507067,0.0,N
733212,1400775316,758013288,2025-12-06,Ain Zaghouan,63.609299162209794,0.0,N
1509594,1401493514,758013289,2025-12-07,Ain Zaghouan,49.37243020991128,0.0,N
1540712,1401889546,758013291,2025-12-08,Ain Zaghouan,104.00346245401428,0.0,N
1509154,1401759566,758013292,2025-12-08,Zarzis 1,77.90521532135902,0.0,N
1769552,1414114792,758013293,2025-11-21,Beni Khalled,252.44319411382818,0.0,N
1513998,1401727356,758013295,2025-12-07,Gabès 4,51.44124648344514,0.0,N
917370,1400735994,758013296,2025-12-05,Mahdia,609.8800507002195,0.0,N
1337094,1401335572,758013297,2025-12-01,Zarzis 1,62.60240516894921,0.0,N
1589950,1401779948,758013299,2025-11-20,Bizerte,172.25708721056048,0.0,N
1071360,1414155528,758013301,2025-12-07,Menzel Bourguiba,74.20502674127431,0.0,N
1341152,1401961578,758013302,2025-08-12,El Jem,1283.9926422852197,0.0,N
1571558,1401929398,758013303,2025-11-12,Djerba 2,3008.1380035242837,69.8516091136736,N
1494752,1401588672,758013306,2025-09-15,Ghardimaou,227.48601106748694,0.0,N
1509116,1401400932,758013311,2025-11-29,La Marsa,58.738059170865924,0.0,N
968734,1401987310,758013320,2025-12-04,Gabès 1,37.28970229078431,0.0,N
1389594,1414013006,758013322,2025-12-07,Béja,65.5961913005843,0.0,N
1475938,1401577532,758013326,2025-12-05,Bizerte,69.90014529940953,0.0,N
1297290,1401497290,758013329,2025-11-04,Bizerte,108.20168794633197,0.0,N
1471934,1401819154,758013330,2025-12-02,Sfax 2,467.7398213126411,0.0,N
1752192,1401933986,758013336,2025-12-07,El Jem,58.59585123813646,0.0,N
1775766,1414115572,758013337,2025-11-29,Teboulba,1564.1326861841903,0.0,N
1206694,1401372198,758013340,2025-10-19,Gabès 1,486.0345627106069,0.0,N
1680754,1414135918,758013343,2025-11-24,Djerba 2,210.6618851825517,0.0,N
1797156,1414166752,758013344,2025-09-18,Mahdia,1501.112931647448,0.0,N
1667520,1401919326,758013350,2025-11-15,Soliman,171.64806628126257,0.0,N
921068,1401012140,758013352,2025-12-07,El Jem,217.60441462886823,0.0,N
1396072,1401552732,758013356,2025-12-08,Gabès 4,61.02451541101184,0.0,N
1393548,1400872734,758013357,2025-11-15,Ariana,211.03719046588557,0.0,N
1807136,1414193556,758013358,2025-12-03,Gabès 1,365.2518007852351,0.0,N
1813468,1414179614,758013359,2025-12-07,Mahdia,1916.7156150493092,0.0,N
1015532,1400775376,758013361,2025-11-05,Djerba 1,388.73960490926515,0.0,T
1213368,1401932988,758013364,2025-12-08,Sousse 3,491.2375181624262,65.22830556156677,N
1577006,1414199356,758013365,2025-12-08,Gabès 2,97.38121000401893,0.0,N
1529896,1401527514,758013366,2025-12-06,Sousse 2,93.00800692490803,0.0,N
1359518,1401179878,758013372,2025-12-08,Sfax 2,67.5824651435991,0.0,N
14011948,1415554192,758013373,2025-12-01,Mutuelleville,287.3218536494884,0.0,N
1708994,1414134692,758013375,2025-12-09,Ain Zaghouan,33.38794942343958,0.0,N
1549570,1400929520,758013376,2025-12-03,Mutuelleville,142.98080192908154,0.0,T
1470932,1414198086,758013382,2025-12-06,Sousse 2,2052.0295545181934,0.0,N
1181398,1401133398,758013383,2025-12-05,Bizerte,0.0,111.2931647447986,N
1681196,1414173554,758013391,2025-11-19,Béja II,91.97143475438217,0.0,N
1771094,1414119558,758013392,2025-12-08,Ghardimaou,111.2931647447986,0.0,N
14010168,1415419320,758013395,2025-12-06,Mahdia,159.21105512103134,0.0,N
1328890,1401353674,758013399,2025-11-24,La Marsa,175.7504559928278,0.0,N
1313356,1414175490,758013402,2025-11-22,Béja,798.7383683185458,0.0,N
1326998,1415555514,758013404,2025-12-08,Ennasr,100.1496274770458,0.0,N
1333532,1401612812,758013405,2025-12-02,El Jem,857.4455127214271,0.0,T
1736710,1414133508,758013406,2025-12-06,Ain Zaghouan,55.6465823723993,0.0,N
1789158,1414153512,758013411,2025-11-19,Djerba 2,347.5314557764244,0.0,N
1495494,1401611210,758013415,2025-08-06,Gabès 2,5221.71546047547,0.0,N
1007132,1414069326,758013416,2025-10-28,Zarzis 1,257.1521315732526,0.0,N
1493326,1401593090,758013417,2025-12-08,Sousse 1,652.6614523758,0.0,N
931968,1401773134,758013419,2025-10-20,Zarzis 1,209.13098587195105,0.0,N
1409786,1401954674,758013420,2025-11-21,Djerba 2,61.829535969332554,0.0,N
1709188,1401999598,758013425,2025-11-24,Nabeul 2,479.1789037623273,0.0,N
1770956,1414117674,758013426,2025-12-08,Bab Benat,80.4955637307942,0.0,N
1576736,1414126872,758013427,2025-12-05,Bizerte,177.51259776795376,0.0,N
1086158,1400875716,758013437,2025-11-24,Zarzis 1,55.6465823723993,0.0,N
1409940,1401540932,758013442,2025-11-05,Ain Zaghouan,196.61792438247753,0.0,N
1807136,1414193556,758013443,2025-08-12,Gabès 1,854.2393421337373,42.28892942158469,N
1733992,1414152932,758013445,2025-12-01,La Marsa,238.86851949176122,0.0,N
1199566,1414161872,758013449,2025-12-05,Grombalia,153.02810152409808,0.0,N
1780150,1414135480,758013459,2025-12-08,Monastir 2,75.19831823662165,0.0,N
1554010,1401986986,758013466,2025-12-08,Sfax 4,80.82666089590998,0.0,N
1681880,1415414930,758013471,2025-12-09,Gabès 1,33.77191084180913,0.0,N
1572926,1401750930,758013475,2025-12-09,Sfax 4,19.476303830339756,0.0,N
1112666,1400913306,758013478,2025-12-09,Zarzis 1,80.37839676013232,0.0,N
914892,1401617538,758013486,2025-12-09,Ezzahrouni,78.71425479951773,0.0,N
1714748,1414139932,758013491,2025-12-09,Lafayette,92.74430395399882,0.0,N
1714748,1414139932,758013491,2025-12-09,Lafayette,356.73601879617894,0.0,N
1677128,1414107552,758013497,2025-12-09,Monastir 2,50.073886295483355,0.0,N
14006980,1415413336,758013498,2025-12-09,Grombalia,51.30924042415062,0.0,N
1813892,1414195094,758013499,2025-12-07,Gabès 1,139.11645593099826,0.0,N
813572,1401536906,758013507,2025-12-11,El Jem,70.231860759885,0.0,N
1593948,1401359296,758013511,2025-12-06,Medjez El Bab,685.9377994868149,0.0,N
1747726,1414073758,758013513,2025-11-17,Mutuelleville,170.03122391566453,0.0,N
1149668,1401411312,758013516,2025-12-10,Testour,139.11645593099826,0.0,N
1591472,1414195556,758013517,2025-12-09,Ain Zaghouan,0.0,463.72151976999413,N
1557952,1401733538,758013519,2025-12-03,Bab Benat,1179.7594831050794,0.0,N
1555530,1401499512,758013520,2025-12-11,Ghardimaou,52.08520110056574,0.0,N
1333392,1400953076,758013521,2025-12-11,Ain Zaghouan,60.96083098896343,0.0,N
1807136,1414193556,758013523,2025-12-09,Gabès 1,98.92725755093208,0.0,N
1317468,1414155540,758013527,2025-12-10,Bizerte,48.02547376881937,0.0,N
1752920,1414126954,758013528,2025-12-11,Sfax 5,125.13525210993292,0.0,N
1375106,1401379126,758013529,2025-12-12,Lac II,123.65907193866511,0.0,N
1195800,1415554156,758013530,2025-12-10,Grombalia,417.3493677929947,0.0,N
1401554,1401520156,758013531,2025-12-12,Lac II,33.38794942343958,0.0,N
1735952,1414132138,758013536,2025-12-11,Ain Zaghouan,46.06145855875352,0.0,N
14007292,1415413574,758013539,2025-11-13,Bab Benat,479.1789037623273,0.0,N
1541334,1414115994,758013541,2025-12-09,Lafayette,113.92957615853094,0.0,N
1387794,1401957008,758013545,2025-12-03,Ain Zaghouan,1483.9088632639812,0.0,N
1552728,1401721260,758013549,2025-12-09,Sousse 2,74.20502674127431,0.0,N
1693874,1401970928,758013554,2025-12-03,Jendouba,936.1919188796488,0.0,N
1213326,1401341674,758013556,2025-12-10,Chebba,106.63647324326831,0.0,N
1732912,1414126160,758013559,2025-12-10,Sousse 2,41.734936779299474,0.0,N
1281172,1414089792,758013563,2025-12-11,Gabès 3,393.31529971867565,0.0,N
1296130,1401339312,758013567,2025-12-12,Gabès 4,55.6465823723993,0.0,N
959578,1414169986,758013577,2025-12-11,La Goulette,34.37011160231243,0.0,N
1735338,1401897132,758013580,2025-12-09,Hammamet 2,503.9107181500603,0.0,N
1329980,1400747548,758013586,2025-12-09,Jendouba,63.85630815840727,0.0,N
941520,1401734098,758013590,2025-12-11,Zarzis 1,55.6465823723993,0.0,N
1010118,1400767812,758013591,2025-12-11,La Goulette,80.68754443997898,0.0,N
1379814,1401413334,758013593,2025-12-12,Zarzis 1,100.16384827031874,0.0,N
1328736,1401999092,758013594,2025-12-11,Zarzis 1,80.69310909821623,0.0,N
1207140,1401093556,758013595,2025-12-10,Ariana,61.829535969332554,0.0,N
1776748,1414128930,758013596,2025-12-11,Zarzis 1,22.425572696076916,0.0,N
1311470,1401511470,758013597,2025-12-12,La Marsa,111.2931647447986,0.0,N
610672,1414133120,758013598,2025-12-07,Béja,139.11645593099826,0.0,T
1011610,1401912074,758013600,2025-12-10,Sousse 3,1340.5113302624663,0.0,N
1555474,1400155474,758013602,2025-12-07,La Marsa,59.69394379695181,0.0,N
1268698,1414194074,758013604,2025-12-11,Lac II,111.2931647447986,0.0,N
1167976,1414158796,758013609,2025-12-12,Sfax 5,0.0,139.11645593099826,N
1747566,1414071334,758013610,2025-12-09,Nabeul 2,40.37901505549201,0.0,N
1399112,1401558132,758013612,2025-12-07,Zarzis 1,10002.094784678642,6.123906390082543,N
1737538,1414131538,758013614,2025-12-10,Sfax 4,79.46331962778619,0.0,N
1775098,1414114186,758013616,2025-12-11,Gabès 1,97.38151915169877,0.0,N
1352746,1401739492,758013618,2025-12-11,Bizerte,117.77970136334127,0.0,N
1589200,1401936732,758013619,2025-12-08,Bizerte,841.7163879185088,0.0,T
1810928,1414189460,758013622,2025-12-12,Sfax 3,206.338764027576,0.0,N
1813938,1414195186,758013629,2025-12-12,Gabès 2,105.72850650755866,0.0,N
1273794,1401773372,758013632,2025-12-04,Jendouba,2547.8542059541846,0.0,N
1615406,1401952672,758013638,2025-12-12,Djerba 1,89.03453179583887,0.0,N
1674178,1414153298,758013639,2025-12-12,Teboulba,151.48236312486475,0.0,N
955412,1415553356,758013649,2025-12-12,Lac II,96.71932482146723,0.0,N
1495920,1414192186,758013655,2025-12-12,Djerba 1,2544.346925526324,0.0,N
1333138,1401327158,758013657,2025-12-13,Soukra,70.70145608557208,0.0,N
698976,1401341550,758013659,2025-12-13,Menzel Bourguiba,61.829535969332554,0.0,N
1551392,1400151392,758013660,2025-12-12,Bizerte,49.37212106223143,0.0,N
1269614,1401209492,758013666,2025-12-13,Djerba 2,39.83429684360219,0.0,N
1680900,1401947814,758013668,2025-12-12,Djerba 2,949.171484218011,0.0,N
1793796,1414147294,758013669,2025-12-12,Enfidha,139.11645593099826,0.0,N
1352754,1401361508,758013672,2025-12-11,Menzel Bourguiba,84.13794169474758,0.0,N
1154126,1401533614,758013675,2025-12-12,Chebba,65.38473428756917,0.0,N
1701214,1401995330,758013678,2025-12-05,Beni Khalled,222.5863294895972,0.0,N
1296134,1401339318,758013679,2025-12-11,Raoued,55.6465823723993,0.0,N
1661352,1401909394,758013692,2025-12-10,Sfax 5,69.37737657278882,0.0,N
1509474,1401377332,758013693,2025-12-11,Bizerte,86.2766253439268,0.0,N
1533572,1401213532,758013697,2025-12-02,Zarzis 1,8751.416205521378,92.74430395399882,T
1801920,1414175334,758013698,2025-12-08,Boussalem,108.20168794633197,0.0,N
1572092,1401749750,758013708,2025-12-11,Sousse 3,195.14328994960894,0.0,N
1534612,1401952134,758013710,2025-12-02,Sousse 3,231.86075988499707,0.0,N
1359934,1414171488,758013711,2025-12-12,Djerba 1,139.11645593099826,0.0,N
1799716,1414171546,758013717,2025-12-12,Grombalia,111.2931647447986,0.0,N
949152,1400879694,758013719,2025-12-13,Djerba 1,154.66782081800477,0.0,N
1371478,1401571478,758013720,2025-12-13,Jendouba,84.33517791448976,0.0,N
726756,1401298752,758013725,2025-12-12,Bizerte,67.5830834389588,0.0,N
1607294,1415415334,758013729,2025-12-11,M'saken,459.48712399913444,66.06393174019229,N
1131488,1401615546,758013730,2025-12-06,Jendouba,216.40337589266395,0.0,N
778986,1401315592,758013736,2025-12-11,Medjez El Bab,69.23856926453767,0.0,N
875514,1400981334,758013737,2025-12-06,Sousse 1,714.5917704887626,0.0,N
1686720,1401959554,758013742,2025-12-13,Bizerte,1035.9514019847281,0.0,N
1790180,1414155336,758013754,2025-12-05,Soliman,77.28691996166569,0.0,N
1517286,1401733212,758013755,2025-11-29,Sfax 5,304.22512134046434,0.0,N
1752708,1414095332,758013758,2025-12-01,Chebba,200.08501561195786,0.0,N
1753394,1414095412,758013764,2025-11-28,Raoued,925.9461464741707,0.0,N
1778066,1414131352,758013767,2025-12-12,Nabeul 2,1093.5347945713668,0.0,N
1778066,1414131352,758013767,2025-12-12,Nabeul 2,1617.6974680805022,0.0,N
1617114,1414073574,758013768,2025-12-13,Enfidha,155.65462021207532,0.0,N
1581674,1401773920,758013769,2025-12-12,Chebba,92.41506167496213,0.0,N
1668006,1401935494,758013770,2025-12-13,Bizerte,84.1373233993879,0.0,N
1015380,1400773314,758013776,2025-12-10,Medjez El Bab,111.2931647447986,0.0,N
1361492,1401819546,758013778,2025-12-11,Lac II,200.9459919003308,0.0,N
1754190,1401937708,758013782,2025-12-13,Ghardimaou,111.2931647447986,0.0,N
1416074,1415417752,758013786,2025-12-08,Medjez El Bab,139.11645593099826,0.0,N
975796,1401488668,758013790,2025-12-11,Bizerte,139.11645593099826,0.0,N
1741486,1414061520,758013795,2025-12-13,Lac II,77.90459702599932,0.0,N
14000116,1415401146,758013798,2025-12-11,Grombalia,63.85228923856927,0.0,N
1359526,1401373176,758013803,2025-12-14,Gabès 1,83.46987355859895,0.0,N
1515734,1401731332,758013805,2025-12-14,Djerba 1,98.92725755093208,0.0,N
1535386,1401759926,758013807,2025-12-14,Raoued,111.2931647447986,0.0,N
1017288,1400776938,758013820,2025-12-14,Ariana,51.358704052926086,0.0,N
1119558,1400929754,758013821,2025-11-30,Place Barcelone,2426.496738491978,250.7221689801218,N
1001894,1400759346,758013824,2025-12-11,Sousse 3,80.63375274368566,0.0,N
866876,1401135592,758013828,2025-12-13,Bizerte,55.6465823723993,0.0,N
1312948,1401815066,758013834,2025-12-13,Ariana,89.03453179583887,0.0,N
1400926,1401615934,758013835,2025-12-08,Sousse 1,396.8012489566266,0.0,N
1333128,1401533128,758013837,2025-12-13,Lac II,267.10359538751663,0.0,N
1067592,1401674188,758013838,2025-12-13,El Menzah,81.90713203697406,0.0,N
971352,1401949556,758013846,2025-12-10,Nabeul 2,123.65907193866511,0.0,N
1371892,1414154934,758013849,2025-11-25,Chebba,434.66009212600864,0.0,N
1012932,1400761900,758013854,2025-12-01,Ezzahrouni,568.8227656351439,0.0,N
1811312,1414191550,758013855,2025-11-27,Sousse 2,370.9772158159953,0.0,N
1292992,1401357534,758013858,2025-12-13,Raoued,41.820879834296846,0.0,N
1555272,1401701414,758013863,2025-09-21,Testour,4065.88709926732,246.72303459362539,N
1721354,1414155406,758013881,2025-12-14,Enfidha,108.51083562617863,0.0,N
1108992,1401967590,758013885,2025-11-28,Béja II,121.06223142795314,0.0,T
1768920,1414113812,758013888,2025-12-02,Bardo,380.67919745262316,0.0,N
1807278,1414195292,758013891,2025-11-21,Sousse 2,61.829535969332554,0.0,N
1590960,1414095532,758013893,2025-12-13,Zarzis 1,118.02887439329768,0.0,N
1152800,1401371536,758013897,2025-12-13,Zarzis 1,171.98256407085665,0.0,N
1567948,1400167948,758013909,2025-12-03,La Goulette,51.936810214239344,0.0,N
1347596,1401547596,758013911,2025-09-10,La Marsa,1165.229851299966,0.0,T
1352734,1401552734,758013921,2025-12-14,Bizerte,102.8766191609732,0.0,N
1275770,1401475770,758013924,2025-12-14,Ain Zaghouan,237.7626982409497,0.0,N
934720,1401540912,758013927,2025-12-13,Ariana,69.55822796549913,0.0,N
953120,1401375540,758013928,2025-12-13,La Marsa,60.28379757009924,0.0,T
1797928,1414169212,758013929,2025-12-14,Ennasr,93.28253006461188,0.0,N
1533186,1400133186,758013930,2025-12-12,Gabès 4,72.50749683123628,0.0,N
1729260,1414159358,758013931,2025-12-13,Sousse 3,111.2931647447986,0.0,N
1695348,1414012748,758013940,2025-12-15,Soliman,98.15438835131543,0.0,T
1275718,1401521338,758013943,2025-11-24,Gabès 4,351.05481188363683,0.0,N
1298754,1401727934,758013945,2025-12-14,Ezzahrouni,247.31814387733021,0.0,N
14008676,1415417372,758013946,2025-12-04,Lac II,241.11200420440846,0.0,N
1673534,1401915350,758013947,2025-12-12,Ain Zaghouan,383.5298482084892,0.0,N
1271372,1401531314,758013949,2025-12-05,Djerba 2,84.00315330633444,0.0,N
1786896,1414149396,758013950,2025-12-03,Béja II,3454.0053173400934,0.0,N
896134,1401949558,758013955,2025-09-25,Medjez El Bab,165.54858255788793,0.0,N
1534134,1401341572,758013961,2025-11-18,Mahdia,61.829535969332554,0.0,T
1273332,1401535300,758013963,2025-11-28,Zarzis 1,167.24889479704456,0.0,N
1341554,1401341094,758013965,2025-12-13,Bizerte,66.77589884687916,0.0,N
1213794,1414171494,758013967,2025-11-28,Zarzis 1,1469.566574952855,0.0,N
958668,1401368818,758013968,2025-12-14,Mutuelleville,108.41438155006647,0.0,N
1537552,1401661736,758013973,2025-11-24,Sfax 2,276.8099050916623,0.0,N
1580910,1415401332,758013991,2025-12-14,Grombalia,111.2931647447986,0.0,N
1530792,1401529112,758014001,2025-11-21,El Jem,280.0877979410765,0.0,N
1377466,1401577466,758014004,2025-12-05,Boussalem,333.89835224286645,0.0,T
975552,1400710890,758014006,2025-12-14,Lac II,97.38151915169877,0.0,N
1469476,1401933308,758014008,2025-09-04,El Jem,1310.1422079327294,0.0,N
1601134,1401799392,758014009,2025-11-23,Soliman,174.76025597427892,0.0,N
1319414,1401315332,758014010,2025-11-21,Lac II,4246.253748415618,26.580517513216066,N
1701310,1414147812,758014011,2025-11-19,Jendouba,16.100720314094044,0.0,N
1012726,1414089734,758014016,2025-12-15,Djerba 1,61.02451541101184,0.0,N
1355316,1401731552,758014018,2025-12-15,Zarzis 1,0.0,463.72151976999413,N
1507610,1414149756,758014024,2025-12-13,Kairouan 1,234.9522366834637,0.0,N
933172,1400673730,758014027,2025-11-26,Lac II,166.44511082944322,0.0,N
1533570,1401012132,758014029,2025-11-22,Béja,76.48159025566514,0.0,N
1693208,1401969574,758014030,2025-11-30,El Jem,321.669397471172,0.0,N
1410678,1401537368,758014033,2025-11-30,Kairouan 2,1176.3566945930072,0.0,N
1137350,1401752926,758014037,2025-11-08,Ain Zaghouan,255.41039354499645,0.0,N
1337934,1401336936,758014038,2025-11-28,Zarzis 1,123.65907193866511,0.0,N
1369888,1401353932,758014039,2025-12-05,Djerba 2,28.441586545892974,0.0,N
1608772,1401813416,758014041,2025-11-25,Ennasr,95.99004544470894,0.0,N
1475992,1401693468,758014045,2025-12-15,Zarzis 1,111.2931647447986,0.0,N
1533608,1401519192,758014047,2025-12-09,Gabès 2,2209.7891612823446,0.0,N
1616010,1401953726,758014054,2025-12-08,Béja II,803.7839676013232,0.0,N
1751592,1414079526,758014057,2025-12-15,Djerba 1,111.2931647447986,0.0,N
1775132,1414127406,758014060,2025-09-23,Sousse 3,43.28067517853279,0.0,T
1486130,1401595314,758014066,2025-10-29,Zarzis 1,385.5071567687885,0.0,N
14008920,1415416950,758014068,2025-11-25,Moknine,423.53324883296756,0.0,N
1566608,1400166608,758014070,2025-11-03,Ezzahrouni,183.94286950876435,0.0,N
1155398,1401951674,758014073,2025-12-16,Zarzis 1,30.91445883698643,0.0,N
1357312,1401307954,758014074,2025-12-05,Bizerte,123.65907193866511,0.0,N
1394160,1414152692,758014076,2025-12-08,Lac II,2039.0255665131235,0.0,N
769498,1414133556,758014078,2025-11-30,Medjez El Bab,77.28691996166569,0.0,N
1789586,1414153360,758014084,2025-12-11,Mahdia,219.58759699508457,0.0,N
1311372,1415418720,758014088,2025-12-15,Lafayette,61.211240609639226,0.0,N
1350108,1401215130,758014094,2025-10-25,Bizerte,247.25353201224226,0.0,N
1536960,1414088734,758014106,2025-12-15,Soukra,111.2931647447986,0.0,N
1581310,1414167554,758014109,2025-12-07,Zarzis 1,1075.5083933595079,0.0,N
1156758,1401096954,758014110,2025-11-30,Gabès 2,1095.5015921105512,521.340773487495,N
1752732,1414079926,758014111,2025-09-19,Ghardimaou,5045.343926793829,23.7100813058398,N
1521548,1401897292,758014112,2025-11-19,Sfax 2,18.548860790799765,0.0,T
1561272,1401730132,758014114,2025-12-08,Raoued,468.73434939870776,0.0,N
1728752,1415411472,758014123,2025-12-07,Lac II,574.8585649364702,0.0,N
730694,1401810148,758014124,2025-12-06,Testour,190.1258231056976,0.0,N
1772720,1414113354,758014125,2025-12-15,Sfax 1,278.2329118619965,0.0,N
1347152,1401901336,758014126,2025-12-14,Chebba,112.96565369276904,0.0,N
14012720,1415409328,758014129,2025-12-13,Chebba,56.98766500757412,0.0,N
1115554,1401695340,758014134,2025-12-09,Sousse 1,1172.9872940303583,0.0,N
1666140,1401918154,758014136,2025-12-14,Sousse Erriadh,960.3586113086221,0.0,N
1815334,1414177492,758014140,2025-12-10,Gabès 3,1169.9693943796954,0.0,N
1759272,1414195134,758014141,2025-12-12,Djerba 1,301.23380839026805,0.0,N
1619128,1414009756,758014147,2025-12-13,Grombalia,3134.177821745448,0.0,N
1069572,1400920868,758014151,2025-12-16,Ain Zaghouan,70.7413361362723,0.0,N
1540148,1401694730,758014153,2025-12-16,Zarzis 1,77.90521532135902,0.0,N
1373372,1414155736,758014157,2025-12-16,Ariana,111.2931647447986,0.0,N
1547616,1401707592,758014162,2025-12-15,Jendouba,77.90521532135902,0.0,N
1375314,1401398128,758014165,2025-12-16,Zarzis 1,457.04578477138534,0.0,N
1597092,1401792154,758014166,2025-12-16,Bizerte,43.807462824991504,0.0,N
990668,1400752866,758014169,2025-12-13,Mahdia,137.07546294865057,0.0,N
1109554,1414179134,758014176,2025-12-16,Ariana,320.5815067857916,0.0,N
1109554,1414179134,758014176,2025-12-16,Ariana,647.2723900207129,0.0,N
1528798,1401892812,758014178,2025-12-16,Sfax 1,125.85402046557641,0.0,N
713072,1400701538,758014180,2025-12-17,Chebba,62.28521964942654,0.0,N
1753516,1414136714,758014196,2025-12-13,Raoued,117.47611834173185,0.0,N
948738,1401727006,758014204,2025-12-17,Lac II,215.6305066930473,0.0,N
989954,1414170160,758014206,2025-12-17,Medjez El Bab,87.11719788542987,0.0,N
1320720,1401352992,758014211,2025-12-19,Kairouan 2,52.78789377685721,0.0,N
1807136,1414193556,758014213,2025-11-27,Gabès 1,46.37215197699941,0.0,N
1807136,1414193556,758014214,2025-11-23,Gabès 1,97.38151915169877,0.0,N
733336,1401615288,758014215,2025-11-03,Béja,3092.1408476829383,0.0,N
1408128,1400715756,758014221,2025-10-11,Lac II,392.45865149782054,0.0,N
1172730,1401149278,758014222,2025-11-30,Ariana,386.8735895137107,0.0,N
1715708,1401989332,758014223,2025-12-19,Bizerte,104.05354437814945,0.0,N
1575528,1401753354,758014225,2025-11-06,Bizerte,1045.1723498315146,0.0,N
1413088,1414192154,758014227,2025-10-14,Sousse 3,77.28691996166569,0.0,N
1761892,1414157006,758014228,2025-12-17,Nabeul 2,99.60738244659474,0.0,N
1729686,1401887480,758014229,2025-12-18,Sfax 5,99.69889015982936,0.0,N
1339496,1401539496,758014236,2025-12-08,Bizerte,183.94286950876435,0.0,N
1211014,1401411014,758014237,2025-12-18,Bizerte,86.25220267721892,0.0,N
1069294,1400928792,758014240,2025-12-03,Sousse 2,78.52351068105234,0.0,N
1796196,1414173310,758014242,2025-12-19,Ain Zaghouan,386.8466936655641,0.0,T
1413390,1414121732,758014247,2025-10-05,Zarzis 1,253.50109747426347,0.0,N
1591574,1401974936,758014248,2025-12-18,Lac II,93.24450489999073,0.0,N
14011586,1415419734,758014255,2025-12-18,Djerba 2,55.76282190002164,0.0,N
1493496,1401591376,758014256,2025-12-18,Ghardimaou,80.82635174823014,0.0,N
1512158,1401749376,758014257,2025-10-12,Mutuelleville,209.63273255634218,0.0,N
1753074,1414107672,758014259,2025-12-12,Monastir 2,165.11021114786536,0.0,N
1530792,1401678772,758014260,2025-12-18,Sousse 3,177.7753732958234,0.0,N
1281734,1414133576,758014262,2025-12-15,Gabès 3,185.48860790799765,0.0,N
14009534,1415417914,758014263,2025-11-26,Ariana,335.3853525829289,0.0,N
1546906,1415552812,758014264,2025-12-17,Testour,250.40962067579684,0.0,N
1352116,1401552116,758014273,2025-11-29,La Goulette,2546.561041209386,0.0,N
1694916,1414013174,758014278,2025-12-18,Sfax 2,109.26206448820602,0.0,N
1153340,1401532100,758014279,2025-12-02,Sfax 4,101.44866602776146,0.0,N
1477356,1414155460,758014281,2025-12-01,Djerba 2,432.79253099205494,0.0,N
1353290,1401957136,758014285,2025-12-07,La Marsa,166.01230407765792,0.0,T
875772,1401394098,758014288,2025-12-18,Menzel Bourguiba,39.5693572819736,0.0,N
1613734,1401941934,758014293,2025-12-18,Djerba 2,145.23757999196218,0.0,N
1480148,1401592096,758014294,2025-12-19,Zarzis 1,89.42714934924413,0.0,N
1355352,1401555352,758014295,2025-12-18,Bizerte,81.48854607846168,0.0,N
1333478,1414157398,758014296,2025-11-17,M'saken,487.9877577518781,0.0,N
1739876,1414139554,758014298,2025-12-17,Ghardimaou,111.2931647447986,0.0,N
939090,1400694738,758014299,2025-12-01,Soukra,463.3786749930442,0.0,N
1570186,1401746734,758014302,2025-12-18,Ghardimaou,111.2931647447986,0.0,N
933612,1401993572,758014303,2025-12-02,Bizerte,684.3592914335178,0.0,T
1797672,1414167954,758014304,2025-12-17,Gabès 2,76.79259282159087,0.0,N
1557138,1400935506,758014308,2025-12-04,Ain Zaghouan,132.43886604631032,0.0,N
1140894,1414152794,758014312,2025-12-09,Sfax 5,421.98658299069467,0.0,N
1380872,1401406932,758014313,2025-12-12,Zarzis 1,702.5096608649952,0.0,N
1741132,1414155118,758014315,2025-12-09,Bardo,528.5497882338393,0.0,N
1012734,1401521460,758014319,2025-12-19,Gabès 4,69.55822796549913,0.0,N
1753534,1401934190,758014320,2025-12-02,Sousse 3,299.8732494512629,0.0,N
1101280,1401671292,758014322,2025-12-19,Sousse 2,15.457383992333138,0.0,N
1513336,1401726088,758014325,2025-12-09,Ariana,1375.998083284385,0.0,N
1714718,1414011274,758014327,2025-12-19,Kelibia,184.38340495254585,0.0,N
1016616,1400776078,758014328,2025-12-08,Chebba,202.49173029956413,0.0,N
1329474,1401529474,758014331,2025-12-17,Ain Zaghouan,621.6177698086376,0.0,N
1395378,1401417732,758014334,2025-12-19,Bizerte,0.0,13.911645593099825,N
1811874,1414191546,758014336,2025-12-19,L'Aouina,102.77923764182151,0.0,N
909320,1400727732,758014341,2025-12-19,Bizerte,33.22100967632238,0.0,N
1378760,1401578760,758014342,2025-12-19,Djerba 1,931.6564132686185,0.0,N
1311934,1401511934,758014347,2025-12-15,La Marsa,139.11645593099826,0.0,N
1093550,1401867468,758014350,2025-12-13,Sousse 2,98.92725755093208,0.0,N
1731932,1401891314,758014351,2025-12-19,Bizerte,111.2931647447986,0.0,N
1739332,1401915406,758014352,2025-12-18,Boussalem,111.2931647447986,0.0,N
1714874,1401987958,758014358,2025-12-19,Djerba 2,97.38182829937863,0.0,N
1779900,1414134992,758014366,2025-12-13,Mutuelleville,56.88317309178595,0.0,N
1352614,1401139328,758014367,2025-12-07,Djerba 2,240.2343339413238,0.0,T
1733406,1414127132,758014370,2025-11-01,Jendouba,154.57383992333138,0.0,N
1012978,1401997534,758014371,2025-11-28,Grombalia,217.94911429189725,0.0,N
1521180,1415406794,758014380,2025-12-09,Testour,58.738059170865924,0.0,N
1295510,1401335406,758014384,2025-12-07,Sfax 2,58.738059170865924,0.0,N
1519536,1401737414,758014385,2025-12-06,Sfax 4,1435.6988283302935,0.0,N
1791550,1414154930,758014387,2025-11-30,Djerba 2,190.89869230531426,0.0,N
1807358,1414192706,758014398,2025-12-13,Menzel Bourguiba,135.5915540853866,0.0,N
1509394,1401916172,758014399,2025-10-17,Gabès 3,154.57383992333138,0.0,N
1126116,1401292788,758014401,2025-09-25,Djerba 1,351.5633598169846,0.0,N
1807136,1414193556,758014403,2025-12-01,Gabès 1,1454.3391968343278,0.0,N
1375132,1414171550,758014404,2025-12-09,Kairouan 2,1138.0474232540885,0.0,N
1215146,1414115558,758014407,2025-11-29,Bizerte,60.28379757009924,0.0,N
947392,1401354986,758014416,2025-12-19,El Menzah,71.4131140445791,0.0,N
936088,1401935552,758014420,2025-10-31,Testour,1020.5335888954154,0.0,N
893352,1414008900,758014424,2025-09-17,Boussalem,1600.542863325811,0.0,N
1692712,1414195472,758014427,2025-12-13,Djerba 2,46.37215197699941,0.0,N
1752996,1401895572,758014432,2025-12-20,La Marsa,98.63573128883668,0.0,N
1333416,1401893500,758014438,2025-11-14,Zarzis 1,345.0561103038922,0.0,N
1541874,1400141874,758014440,2025-12-20,El Jem,84.07673045413794,0.0,N
1810172,1414187892,758014442,2025-11-05,Sfax 4,54.100843973165986,0.0,N
898770,1400755278,758014444,2025-12-17,Ezzahrouni,38.67251986273843,0.0,N
1395514,1401479276,758014450,2025-12-20,Sousse 2,0.0,463.72151976999413,N
1733534,1414133132,758014453,2025-11-28,Kairouan 2,114.38464154326522,0.0,N
1730614,1415407340,758014455,2025-11-25,Ariana,351.0371904658856,0.0,N
1697140,1401977308,758014456,2025-12-19,Grombalia,194.76303830339754,0.0,N
1547366,1401935272,758014458,2025-12-19,Bizerte,111.2931647447986,0.0,N
1595372,1401767490,758014460,2025-11-22,Gabès 2,346.39224657618945,0.0,N
1173800,1401151460,758014464,2025-11-02,La Marsa,5405.538689832133,170.03122391566453,N
1335912,1401195332,758014465,2025-12-12,Ain Zaghouan,132.933502334065,0.0,N
975392,1400711326,758014468,2025-12-18,Bizerte,111.2931647447986,0.0,N
1715868,1414012694,758014475,2025-12-19,Enfidha,72.58787522799642,0.0,N
1713118,1414007274,758014484,2025-12-18,Boussalem,119.768139240115,0.0,N
1714780,1401987618,758014487,2025-12-16,Djerba 1,0.0,463.72151976999413,N
1400926,1401615934,758014491,2025-12-20,Sousse 1,517.6254366710978,0.0,N
1320872,1401501272,758014500,2025-12-19,Djerba 1,37.27053513463382,0.0,N
969518,1401533558,758014501,2025-12-20,Jendouba,64.3586731381581,0.0,N
1812140,1414179540,758014503,2025-12-17,Jendouba,1312.2357560206513,0.0,T
1575512,1400955692,758014505,2025-12-13,La Marsa,50.68476211086036,0.0,N
1138752,1400952074,758014511,2025-12-16,Djerba 1,188.57977555878443,0.0,N
1318732,1414133958,758014512,2025-12-20,Zarzis 1,139.11645593099826,0.0,N
954096,1400701194,758014520,2025-12-20,El Menzah,100.16384827031874,0.0,N
1707814,1401997008,758014524,2025-11-28,Gabès 4,334.60660957739515,0.0,N
1767950,1414111958,758014526,2025-12-20,Ain Zaghouan,48.24558691687019,0.0,N
1335366,1414175612,758014531,2025-12-18,Ghardimaou,141.03533557980649,0.0,N
1719372,1414019336,758014532,2025-12-19,Gabès 2,54.86753021918571,0.0,N
1496188,1400096188,758014535,2025-12-20,Zarzis 1,91.81686091445884,0.0,N
1533576,1401689794,758014540,2025-12-21,Teboulba,251.36488700652302,0.0,N
938714,1401389552,758014542,2025-12-21,Ain Zaghouan,86.25220267721892,0.0,N
1193500,1401873698,758014546,2025-12-18,Sfax 5,509.5523541595821,0.0,N
1677734,1414121212,758014549,2025-12-20,Ghardimaou,104.00315330633444,0.0,N
1379330,1414113814,758014550,2025-12-19,Mahdia,91.27307014560856,0.0,N
1710988,1414015350,758014555,2025-12-21,Hammamet 2,75.86020341917335,0.0,N
1346808,1401675558,758014557,2025-12-20,Jendouba,182.1034408136767,0.0,N
1593200,1401935132,758014560,2025-12-21,Kelibia,107.2207623581785,0.0,N
955148,1401469590,758014563,2025-12-21,Mutuelleville,90.47948805144217,0.0,N
1275214,1401475214,758014567,2025-12-14,Lac II,52.55510557393267,0.0,N
1501754,1401753476,758014571,2025-12-20,El Menzah,43.41546356694593,0.0,N
1353292,1401553292,758014576,2025-12-13,Bizerte,61.829535969332554,0.0,N
1349298,1401533352,758014581,2025-12-13,Béja,174.8230129532878,0.0,N
1213176,1414141358,758014583,2025-12-07,L'Aouina,509.59934460691875,0.0,N
1159510,1401015288,758014590,2025-12-19,Zarzis 1,58.428911491019264,0.0,N
1377168,1401401014,758014595,2025-12-21,Mahdia,111.2931647447986,0.0,N
1130746,1414138106,758014601,2025-12-21,Grombalia,97.38151915169877,0.0,N
14000800,1415415566,758014602,2025-12-08,Ain Zaghouan,512.0712894549727,0.0,T
1349528,1401353770,758014604,2025-12-06,Zarzis 1,3990.5481188363683,50.012056759514024,N
1533330,1401792928,758014607,2025-08-24,Zarzis 1,8108.748261044301,9.577704269329459,N
1575312,1400175312,758014611,2025-12-21,Bizerte,84.46842056450367,0.0,N
1573346,1401973336,758014615,2025-12-20,Zarzis 1,201.4461928463227,0.0,N
1510880,1401721752,758014616,2025-12-09,Sfax 2,240.13076946857515,0.0,N
989390,1400755556,758014618,2025-12-22,Raoued,38.95260766067951,0.0,N
1274688,1414151760,758014619,2025-11-16,La Goulette,92.74430395399882,0.0,N
1758900,1414095358,758014620,2025-12-22,M'saken,80.06121124060964,0.0,N
1008132,1400773538,758014622,2025-09-09,Ghardimaou,55.6465823723993,0.0,N
1499214,1400099214,758014627,2025-12-21,Medjez El Bab,879.3022536865861,0.0,N
1795172,1414175486,758014629,2025-11-15,Gabès 3,253.21544501808515,0.0,N
1348146,1401548146,758014633,2025-10-29,Ariana,493.70884471512045,0.0,N
1109936,1414133586,758014634,2025-12-22,Djerba 2,5255.510557393267,0.0,N
1152992,1400977076,758014644,2025-12-21,El Jem,71.09129130985872,0.0,N
1775330,1414132976,758014646,2025-12-21,Sfax 5,534.3370328005689,0.0,N
1748980,1401987354,758014647,2025-12-03,Les Berges du Lac,257.7413670510403,0.0,N
1215512,1401095558,758014653,2025-12-21,Raoued,65.38473428756917,0.0,N
1351368,1400675414,758014655,2025-12-20,Sousse 2,111.2931647447986,0.0,N
14012928,1415553412,758014657,2025-12-21,Ghardimaou,358.24775095062915,0.0,T
1367366,1401593510,758014660,2025-12-22,Béja,105.95109283704826,0.0,N
1807136,1414193556,758014664,2025-12-21,Gabès 1,69.55822796549913,0.0,N
1376912,1401328792,758014666,2025-12-21,Sousse 3,106.59102853433086,0.0,N
1315414,1401769810,758014669,2025-11-05,Djerba 2,2157.4247998268775,0.0,N
1355492,1401372738,758014671,2025-12-21,El Menzah,46.37184282931957,0.0,N
1353494,1401553494,758014676,2025-12-21,Bizerte,61.211240609639226,0.0,N
1770006,1414115974,758014684,2025-12-22,Boussalem,29.798744860419824,0.0,N
1600610,1401798734,758014686,2025-12-21,Sousse 3,89.03453179583887,0.0,N
1699892,1414130958,758014690,2025-12-21,Ghardimaou,94.07085664822085,0.0,N
1495288,1401589592,758014694,2025-12-20,Grombalia,83.46987355859895,0.0,N
1689480,1414136926,758014698,2025-12-20,Chebba,48.77422944940798,0.0,N
1749974,1401930114,758014706,2025-12-19,Djerba 1,43.26459949918076,0.0,N
1748176,1414071310,758014710,2025-12-23,Ezzahrouni,104.94265310538844,0.0,N
1467170,1400067170,758014712,2025-12-16,Bizerte,405.06723962036665,0.0,N
1332894,1401532894,758014716,2025-12-22,Bizerte,102.94648653661855,0.0,N
1801934,1414175550,758014719,2025-10-07,Hammamet 2,77.28691996166569,0.0,N
1148860,1401559908,758014726,2025-09-27,Zarzis 1,9128.589049989181,366.91965251800787,N
1372710,1401391796,758014729,2025-12-14,Bizerte,850.7280427860389,0.0,N
927108,1401378070,758014731,2025-12-20,Ain Zaghouan,41.09500108201688,0.0,N
1149354,1400995754,758014737,2025-12-20,Zarzis 1,278.2329118619965,0.0,N
1609998,1415414726,758014740,2025-12-22,El Jem,86.25220267721892,0.0,N
1375266,1401947548,758014741,2025-09-10,Jendouba,1149.0271122515226,0.0,N
931376,1401735594,758014746,2025-09-20,Djerba 2,331.09716511577585,0.0,N
1201126,1414157788,758014751,2025-11-22,Hammamet 1,86.56135035706558,0.0,N
1273306,1414139980,758014752,2025-12-17,Sousse 3,189.62933193186387,0.0,N
1271892,1400967128,758014754,2025-10-31,Chebba,620.1743592914336,0.0,N
1559472,1414169134,758014756,2025-12-22,Sousse 2,35.73376201811605,0.0,N
1673198,1401917528,758014759,2025-12-10,Djerba 2,254.15710885089808,0.0,N
1669114,1414187972,758014764,2025-12-16,Ghardimaou,144.39515256438,0.0,N
1536872,1401540894,758014765,2025-12-22,Béja,262.77552786966334,0.0,T
1753012,1401921398,758014768,2025-12-22,Ghardimaou,33.874857019198075,0.0,N
1674930,1401937554,758014769,2025-12-22,Sfax 4,33.38825857111942,0.0,N
1329958,1401529958,758014770,2025-12-22,Soukra,110.01483908863264,0.0,N
1719960,1414140618,758014773,2025-12-14,Sousse 3,1181.3420100782143,0.0,N
1551298,1400151298,758014777,2025-12-23,El Jem,34.34105172040684,0.0,N
734126,1414159792,758014780,2025-12-23,Djerba 1,161.37508887995796,0.0,N
1417134,1401468126,758014786,2025-12-22,Nabeul 1,63.924011500293695,0.0,N
1732892,1401893352,758014787,2025-12-21,Hammamet 2,0.0,1545.7383992333139,N
1769068,1414114080,758014790,2025-09-26,El Menzah,3858.818746715306,0.0,N
1332792,1401895552,758014796,2025-12-22,Sousse 2,139.11645593099826,0.0,N
897152,1414159510,758014798,2025-08-15,L'Aouina,4470.616749621295,214.85763749343062,N
1515556,1401730120,758014799,2025-12-23,Djerba 2,41.56830617986212,0.0,N
1736718,1401899954,758014801,2025-12-21,Sousse 3,96.26858750425079,0.0,N
1339552,1401186792,758014807,2025-12-23,Boussalem,41.38714563947198,0.0,N
1391386,1401591386,758014808,2025-08-07,Mahdia,2278.988468791542,101.22886202739049,N
1311790,1401511790,758014809,2025-12-22,Lac II,210.22042229573069,0.0,N
1394152,1414191928,758014811,2025-12-23,El Jem,111.2931647447986,0.0,N
1078186,1415413958,758014814,2025-12-23,Gabès 2,79.199616656877,0.0,N
1330938,1401331670,758014817,2025-12-23,Béja,100.16384827031874,0.0,N
980196,1400733572,758014833,2025-12-22,Raoued,85.79280922496677,0.0,N
1717212,1414015208,758014835,2025-12-23,Djerba 1,66.77589884687916,0.0,N
1775352,1414133870,758014836,2025-12-20,Grombalia,2066.5817541039355,0.0,N
1141540,1400795546,758014840,2025-12-24,Bizerte,91.81686091445884,0.0,N
1156792,1400999146,758014841,2025-12-23,Soukra,94.07085664822085,0.0,N
1260732,1400999792,758014844,2025-12-23,Djerba 2,352.12168052678766,0.0,N
1073352,1400921286,758014845,2025-12-24,Ariana,107.2538411599221,0.0,N
1737260,1401900994,758014846,2025-12-22,Mahdia,111.2931647447986,0.0,N
1155950,1414155476,758014851,2025-12-23,Zarzis 1,111.2931647447986,0.0,N
1532960,1414098198,758014852,2025-12-07,Medjez El Bab,197.85451510186417,0.0,N
1549710,1400149710,758014859,2025-12-21,Zarzis 1,843.1740192289857,0.0,N
1337532,1401537532,758014860,2025-12-24,El Menzah,27.82329118619965,0.0,N
1267878,1414193596,758014862,2025-12-22,Sousse 3,3491.397656660587,0.0,N
1617920,1401948928,758014867,2025-12-19,Enfidha,1947.6303830339755,0.0,N
1594136,1415547316,758014871,2025-12-24,Djerba 1,309.8602652487093,0.0,N
1539614,1401546152,758014873,2025-12-13,Monastir 2,441.3052215043126,0.0,N
932098,1414015552,758014874,2025-08-08,Jendouba,185.48860790799765,0.0,N
1813560,1414193516,758014880,2025-12-21,Chebba,556.7245803320246,0.0,N
1191352,1401399294,758014885,2025-12-26,Bizerte,91.81686091445884,0.0,N
1815554,1414179592,758014886,2025-12-26,Gabès 2,111.2931647447986,0.0,N
1781980,1414139000,758014888,2025-12-25,Sousse 3,92.41537082264198,0.0,N
1773532,1414120614,758014890,2025-12-25,Gabès 4,50.42971527498686,0.0,N
1353740,1401553740,758014891,2025-12-26,Djerba 1,111.2931647447986,0.0,N
1590928,1400190928,758014893,2025-11-11,La Marsa,123.65907193866511,0.0,N
1711548,1414013490,758014894,2025-12-25,Ezzouhour,111.2931647447986,0.0,N
1607408,1401811152,758014895,2025-12-25,Zarzis 1,110.0411166414196,0.0,N
1597980,1400197980,758014898,2025-12-25,Bizerte,84.46842056450367,0.0,N
1151374,1401814148,758014899,2025-12-17,Ariana,318.4221102420627,0.0,N
1718672,1414018012,758014902,2025-12-21,Monastir 1,52.683401861069036,0.0,N
1775218,1414127514,758014905,2025-12-25,Sousse 3,55.99406436454695,0.0,N
1190746,1401526152,758014908,2025-12-25,Soliman,82.15104955637308,0.0,N
1013394,1401941594,758014909,2025-12-26,Djerba 2,117.57813707608125,0.0,N
1797274,1414173792,758014912,2025-12-23,Ariana,89.03453179583887,0.0,N
1727800,1414109738,758014913,2025-12-24,Béja,61.211240609639226,0.0,N
795460,1401306172,758014914,2025-12-26,Mutuelleville,83.46987355859895,0.0,N
1173532,1414092152,758014915,2025-12-15,Teboulba,368.3720283179275,0.0,T
1019126,1414174132,758014924,2025-12-26,Lac II,41.734936779299474,0.0,N
813732,1401339954,758014926,2025-12-25,Jendouba,111.2931647447986,0.0,N
1695476,1401971672,758014927,2025-12-24,Bardo,278.2329118619965,0.0,N
1314780,1401475526,758014930,2025-12-24,Béja,105.11021114786534,0.0,N
916752,1401529474,758014935,2025-12-23,Sfax 2,71.4223884749745,0.0,N
1392794,1401413800,758014941,2025-12-20,Sfax 4,306.93943796951805,0.0,N
1773740,1414107154,758014944,2025-12-24,Lac II,69.55822796549913,0.0,N
1097410,1401928976,758014947,2025-12-07,Testour,401.7064951927536,0.0,T
1338094,1401113790,758014948,2025-12-26,Sousse 2,105.65925742727302,0.0,N
1799350,1414170756,758014949,2025-12-06,Djerba 1,159.90230933316846,0.0,N
1747174,1414193866,758014955,2025-12-13,Sfax 2,198.41221751630755,0.0,N
1295338,1401752806,758014959,2025-12-23,Djerba 2,154.57383992333138,0.0,N
1271076,1401210896,758014960,2025-12-16,Medjez El Bab,44.45667295266949,0.0,N
1670754,1401928146,758014969,2025-12-26,El Menzah,89.76628435403593,0.0,N
898670,1401334138,758014970,2025-12-25,Raoued,77.1842829319566,0.0,N
768776,1401715736,758014972,2025-12-25,Raoued,73.87331128079884,0.0,N
1774952,1414133710,758014975,2025-12-25,Menzel Bourguiba,77.51599839243207,0.0,N
1529278,1401948718,758014980,2025-12-10,Medjez El Bab,340.06244783132905,0.0,N
1131566,1400953338,758014985,2025-12-26,Sousse 2,29.172720808730332,0.0,N
1159388,1400807506,758014987,2025-12-21,Bizerte,495.7974464401645,0.0,N
1473128,1400726934,758014995,2025-12-13,Bizerte,77.1842829319566,0.0,N
1669688,1401933752,758014999,2025-12-26,Chebba,105.72850650755866,0.0,N
1606134,1414092934,758015000,2025-12-26,Zarzis 1,69.44229758555663,0.0,N
1692758,1401968798,758015002,2025-12-06,Sousse 3,621.4712338083903,0.0,N
1735994,1414149326,758015003,2025-11-02,Mahdia,5422.108387176555,117.47611834173185,N
1399214,1401556950,758015004,2025-12-26,Sfax 2,74.20440844591462,0.0,N
981352,1401553492,758015006,2025-12-01,Bizerte,116.5131233190095,0.0,N
1730154,1401887014,758015007,2025-12-26,Gabès 2,38.25702538102452,0.0,N
1521712,1401511876,758015008,2025-09-22,Sfax 2,2591.080471141064,120.56759514019848,N
1539218,1401613180,758015010,2025-12-02,Djerba 1,151.5528487958698,0.0,T
1807136,1414193556,758015012,2025-12-19,Gabès 1,383.3431230098618,0.0,N
1579306,1401761366,758015013,2025-12-26,Ghardimaou,68.64005935635454,0.0,N
1133074,1400953494,758015014,2025-12-25,Bizerte,87.11719788542987,0.0,N
1697738,1401979554,758015015,2025-08-22,Sfax 2,1447.312579219093,72.64970476396574,N
1559612,1401729352,758015018,2025-12-26,Beni Khalled,110.45815686153276,0.0,N
1512612,1401351812,758015019,2025-12-06,Sousse 2,3667.069279995054,0.0,N
1774674,1414133388,758015021,2025-12-12,Ghardimaou,407.610906730145,0.0,N
1475370,1401881668,758015022,2025-12-26,Djerba 1,38.95260766067951,0.0,N
14013336,1415555536,758015024,2025-12-12,Bardo,328.65397100194764,0.0,N
1576756,1401935512,758015028,2025-12-23,Sousse 2,1801.1256067023219,0.0,N
1576756,1401935512,758015028,2025-12-23,Sousse 2,2136.0296163477296,0.0,N
1518954,1414197614,758015031,2025-12-11,Gabès 2,199.9381704640307,0.0,N
1670014,1401927330,758015037,2025-12-25,Gabès 2,590.6359167774447,0.0,N
1267488,1415415534,758015039,2025-12-20,Sousse 3,60.28379757009924,0.0,T
1759572,1414093540,758015047,2025-12-25,Bizerte,52.86425325377933,0.0,N
1768100,1414112114,758015055,2025-12-26,Lac II,111.2931647447986,0.0,N
1295520,1401734910,758015056,2025-12-26,Djerba 2,111.2931647447986,0.0,N
1347334,1401547334,758015057,2025-12-03,La Goulette,1001.6387918508672,0.0,N
948972,1414171932,758015059,2025-12-03,Zarzis 1,10344.267165424924,197.66871734627634,N
1369872,1401933334,758015060,2025-12-13,Sousse 2,157.18335548891707,0.0,N
1079336,1414175352,758015065,2025-12-26,Sousse 3,89.03453179583887,0.0,N
1519352,1414137138,758015067,2025-11-25,Sfax 5,136.32268834822395,0.0,N
1217332,1401417332,758015069,2025-12-26,Lac II,61.211240609639226,0.0,N
879872,1401956756,758015071,2025-12-26,Béja,69.55822796549913,0.0,N
1069312,1400928814,758015072,2025-11-04,Ain Zaghouan,203.48842241938976,0.0,T
1497360,1400606798,758015075,2025-12-02,Ariana,117.62790985253656,0.0,N
14001394,1415401956,758015079,2025-12-19,Beni Khalled,124.3453797879247,0.0,T
1755074,1414073928,758015080,2025-12-12,Zarzis 1,498.84069620057505,26.25467585865768,N
973332,1401609178,758015084,2025-12-27,Gabès 1,108.20168794633197,0.0,N
1373714,1414131326,758015085,2025-12-20,L'Aouina,49.26577426036418,0.0,N
1487174,1414195536,758015088,2025-09-28,Teboulba,2782.329118619965,0.0,N
1355550,1401599490,758015090,2025-12-23,Chebba,116.79599344606919,0.0,N
1294134,1401335150,758015093,2025-12-16,La Marsa,370.9772158159953,0.0,T
1520798,1400120798,758015095,2025-12-10,Lac II,108.20168794633197,0.0,N
1807136,1414193556,758015100,2025-12-26,Gabès 1,80.52060469286178,0.0,N
1268934,1401907330,758015101,2025-12-25,Lac II,61.829535969332554,0.0,N
1674134,1401934728,758015103,2025-12-08,Zarzis 1,452.9625622159706,0.0,N
1219340,1401931518,758015105,2025-12-27,Soukra,100.30296472624974,0.0,N
1556770,1401613492,758015107,2025-11-14,Lac II,151.95535907503015,0.0,N
1781576,1414139546,758015109,2025-12-23,Boussalem,2940.292762852815,0.0,N
1592136,1400192136,758015114,2025-12-27,La Goulette,103.67205614121866,0.0,N
1351592,1414092734,758015116,2025-12-15,Djerba 2,966.2506569388197,0.0,N
1531772,1401530894,758015121,2025-12-26,Ariana,111.2931647447986,0.0,N
1726110,1414153118,758015126,2025-12-28,El Jem,111.2931647447986,0.0,N
1296074,1401495490,758015131,2025-11-03,Bizerte,176.90326769097598,0.0,N
1733156,1401877952,758015132,2025-12-28,Sousse 3,27.25260456920271,0.0,N
1419212,1401470740,758015136,2025-12-27,Medjez El Bab,125.03787059078122,0.0,N
1411466,1415415770,758015138,2025-12-28,Sousse 1,36.17027854205954,0.0,N
1754940,1415553400,758015141,2025-12-13,Bizerte,581.5769623148979,0.0,N
1692752,1401968790,758015144,2025-12-25,Hammamet 1,887.6177079791016,0.0,N
1155920,1400793478,758015146,2025-12-25,Lac II,561.2202058923548,0.0,N
960974,1400709352,758015148,2025-12-20,La Goulette,61.829535969332554,0.0,N
1337540,1401537540,758015151,2025-12-27,Lac II,85.82032336847313,0.0,N
1787486,1414149688,758015152,2025-12-27,Zarzis 1,79.46331962778619,0.0,N
1412988,1400012988,758015158,2025-12-27,Lac II,72.34055708411908,0.0,N
1530900,1401995486,758015161,2025-12-16,Djerba 1,324.60506383899593,0.0,N
1315468,1401515468,758015166,2025-12-25,La Marsa,1105.883080347482,0.0,T
1750094,1414077934,758015167,2025-09-20,Chebba,6279.143351779146,0.0,N
769688,1401293412,758015170,2025-10-23,Ghardimaou,0.0,2296.3678239094816,N
1737956,1414135860,758015171,2025-12-27,Ariana,33.40773487494977,0.0,N
1535534,1401731692,758015181,2025-12-23,Gabès 4,58.70714440288126,0.0,N
1133214,1415555594,758015187,2025-12-28,Chebba,139.11645593099826,0.0,N
1397714,1401713986,758015194,2025-12-27,Ghardimaou,94.59919003307881,0.0,N
1555694,1401479794,758015197,2025-12-27,Hammamet 2,95.72572417844005,0.0,N
1711352,1414069548,758015199,2025-12-27,Lac II,120.6723962036665,0.0,N
1792092,1414158000,758015206,2025-12-28,Sidi Hessine,94.59888088539896,0.0,N
1531880,1400131880,758015212,2025-12-26,Lac II,166.9397471171979,0.0,N
1689508,1401975332,758015214,2025-12-20,Grombalia,530.2905988190558,0.0,N
1413172,1401461478,758015216,2025-12-28,El Menzah,64.2718026401212,0.0,N
1517206,1401811152,758015227,2025-12-25,Bizerte,153.04046743129194,0.0,N
1339530,1401186750,758015234,2025-12-28,Zarzis 1,117.01208767428201,0.0,N
1575516,1414094146,758015237,2025-12-27,Medjez El Bab,111.2931647447986,0.0,N
1173954,1401158734,758015240,2025-12-22,Zarzis 1,359.3223482857761,0.0,N
1546754,1401728892,758015243,2025-12-25,Grombalia,105.11021114786534,0.0,N
1546754,1401728892,758015244,2025-12-29,Grombalia,67.82700095835781,0.0,N
1295780,1401499792,758015245,2025-12-13,Djerba 1,2521.0477014870003,0.0,N
1735412,1414175534,758015250,2025-12-17,Ghardimaou,362.2932574891026,0.0,T
978752,1414149208,758015259,2025-12-19,Hammamet 1,340.06244783132905,0.0,N
939912,1414155994,758015265,2025-12-28,Djerba 2,22.09169320184252,0.0,N
1807136,1414193556,758015271,2025-12-28,Gabès 1,108.20168794633197,0.0,N
1612014,1401812712,758015272,2025-12-29,Gabès 2,90.7598849970631,0.0,N
1307932,1414155292,758015274,2025-12-17,La Marsa,186.65996846693668,0.0,N
1668878,1414195412,758015277,2025-10-22,El Kram,103.02346430890037,0.0,N
1147614,1414093730,758015283,2025-12-28,Sahloul,111.2931647447986,0.0,N
1373394,1401996806,758015284,2025-12-27,Ghardimaou,72.54954091569543,0.0,N
1613532,1401819576,758015285,2025-08-29,Sfax 2,4575.963149596562,216.40337589266395,N
1555332,1401721320,758015287,2025-12-28,Les Berges du Lac,171.2276254366711,0.0,N
1552754,1401934932,758015288,2025-12-28,Mahdia,2926.911305530652,0.0,N
880698,1400614098,758015290,2025-12-28,Djerba 1,108.97022907843078,0.0,N
1093386,1401359332,758015292,2025-12-27,Gabès 3,0.0,92.74430395399882,T
1292792,1414115372,758015294,2025-12-27,Sousse 1,255.48644387423874,0.0,N
14012748,1415409352,758015295,2025-12-28,Grombalia,97.38151915169877,0.0,N
1480946,1414127588,758015306,2025-12-18,Jendouba,574.4405972733175,0.0,N
1679116,1401953332,758015307,2025-12-23,Bardo,60.734225739635825,0.0,N
1409786,1401954674,758015322,2025-12-04,Djerba 2,72.25090425696355,0.0,N
1327770,1401953406,758015323,2025-12-30,Mutuelleville,64.27149349244134,0.0,N
1319766,1401873314,758015325,2025-12-16,El Jem,34.00779052153214,0.0,T
1501874,1414072730,758015326,2025-12-01,Zarzis 1,231.1314805082388,0.0,N
1617798,1401948808,758015329,2025-12-30,Sousse 2,27.99177667171608,0.0,N
1789158,1414153512,758015333,2025-12-10,Djerba 2,311.31171360558943,0.0,N
1594970,1401874788,758015334,2025-12-28,Grombalia,272.3591059449099,0.0,N
1618812,1401955556,758015335,2025-12-12,Mahdia,92.89238569264538,0.0,N
1471194,1414155374,758015344,2025-12-26,Gabès 4,48.77422944940798,0.0,N
1493516,1400955494,758015345,2025-12-28,Jendouba,851.0325532506879,0.0,N
1781892,1414138808,758015347,2025-12-27,Mutuelleville,63.993569728259196,0.0,N
1359532,1401769414,758015350,2025-12-21,Sfax 5,294.98871610968564,0.0,N
1315180,1401071092,758015352,2025-12-29,Lac II,99.9965993755217,0.0,N
1720812,1414155494,758015353,2025-12-29,Medjez El Bab,133.47080100163848,0.0,N
1219986,1401735754,758015354,2025-12-07,Gabès 4,421.7392648468173,0.0,N
1361572,1414192758,758015362,2025-12-29,Sfax 4,60.96083098896343,0.0,N
1809296,1414193356,758015366,2025-12-29,Sfax 3,111.2931647447986,0.0,N
1541520,1401573788,758015375,2025-08-25,La Marsa,64.77756824435033,1700.3122391566453,N
1748732,1414167596,758015386,2025-08-23,Zarzis 1,5573.664018301543,0.0,N
1132928,1400952080,758015396,2025-12-29,Menzel Bourguiba,94.07085664822085,0.0,N
1555470,1400155470,758015397,2025-11-06,La Marsa,559.7464989025258,0.0,N
1812908,1414180734,758015398,2025-12-09,Bardo,340.06244783132905,0.0,N
1532872,1401712734,758015401,2025-12-29,Jendouba,82.49605836708196,0.0,N
980180,1400733552,758015403,2025-12-27,Boussalem,59.81234735833308,0.0,N
1213368,1401932988,758015404,2025-12-28,Sousse 3,98.92725755093208,0.0,N
1556936,1401735754,758015405,2025-12-30,Jendouba,54.338578538968065,0.0,N
1710756,1414015356,758015406,2025-12-13,Ghardimaou,61.829535969332554,0.0,N
1348608,1401333692,758015407,2025-12-11,Djerba 1,154.913284075803,0.0,N
1412136,1401539746,758015408,2025-12-29,Lac II,80.10140043898971,0.0,N
1361354,1401140732,758015409,2025-12-29,Zarzis 1,139.11645593099826,0.0,N
1753532,1414069698,758015411,2025-12-29,El Jem,111.2931647447986,0.0,N
1693986,1401956952,758015412,2025-12-21,Gabès 3,230.31502148576376,0.0,N
1729214,1414157550,758015413,2025-09-21,Djerba 2,127.7175626796921,0.0,N
1573314,1401751358,758015414,2025-12-29,Djerba 2,42.430209911274616,0.0,N
1777574,1414129558,758015416,2025-12-25,Soukra,517.0099236405231,0.0,T
792740,1415415532,758015417,2025-12-29,Ariana,66.77589884687916,0.0,N
1415874,1401473938,758015418,2025-12-29,Bizerte,1289.1458249605837,782.1436300120569,N
1415874,1401473938,758015418,2025-12-29,Bizerte,0.0,2708.1559340897147,N
1551776,1400151776,758015420,2025-12-20,Chebba,77.34874949763503,0.0,N
1733330,1414073310,758015426,2025-12-17,Sfax 2,324.60506383899593,0.0,T
1367906,1401955128,758015433,2025-12-29,Mahdia,381.2433919683433,0.0,T
1338154,1415546138,758015434,2025-12-30,Béja,83.46987355859895,0.0,N
767758,1401290158,758015444,2025-11-17,Bizerte,183.22657433455964,0.0,N
1389738,1401554094,758015447,2025-12-20,Djerba 2,170.03122391566453,0.0,N
1136192,1400949588,758015451,2025-12-29,Ariana,72.54954091569543,0.0,N
1534786,1400921806,758015455,2025-12-28,Sousse 3,86.12452468544224,0.0,N
1477272,1400077272,758015459,2025-12-30,Gabès 4,29.172720808730332,0.0,N
1535354,1401547210,758015466,2025-12-31,Bizerte,56.6052493276038,0.0,N
1726952,1414154758,758015470,2025-12-30,Grombalia,67.4102698859245,0.0,N
1551474,1400151474,758015477,2025-12-30,La Marsa,47.91789037623273,0.0,T
1107066,1415415734,758015480,2025-12-30,Ezzahrouni,92.94370420749993,0.0,N
953608,1414129526,758015484,2025-12-31,Béja II,106.65193062726065,0.0,N
1392614,1401592614,758015490,2025-12-21,Bizerte,51.768015581043066,0.0,N
1515352,1401729408,758015494,2025-12-30,Ariana,101.15064766438928,0.0,N
1072918,1400879396,758015497,2025-12-31,Lac II,111.2931647447986,0.0,N
1295288,1414149540,758015499,2025-12-29,Ennasr,7918.651806968189,2206.602776146165,N
1807354,1414195408,758015500,2026-01-01,Soliman,98.04371348193033,0.0,N
1395792,1414147510,758015501,2025-12-19,Gabès 1,81.92413515936563,0.0,N
1293512,1401908930,758015502,2025-12-27,Mahdia,60.38612545212848,0.0,N
1486886,1400086886,758015506,2026-01-01,Sousse 3,20.630970414567038,0.0,N
1813388,1414195400,758015508,2026-01-01,Béja II,271.6780536062077,0.0,N
1495932,1401947970,758015509,2026-01-01,El Menzah,123.65907193866511,0.0,N
953094,1401939394,758015510,2025-12-25,Ennasr,61.829535969332554,0.0,N
1535860,1400135860,758015511,2025-10-28,La Marsa,540.7391721025134,0.0,N
1773518,1414120748,758015515,2026-01-01,Bardo,114.23996042909698,0.0,N
1350080,1401873418,758015516,2026-01-01,Chebba,109.63211426098248,0.0,N
1807092,1414193346,758015519,2025-12-12,Sousse 2,143.80468049587287,0.0,N
809596,1401867480,758015520,2026-01-02,Soukra,50.211766160694964,0.0,N
1337158,1401150910,758015522,2025-12-29,Sousse 1,111.2931647447986,0.0,N
1550128,1415400932,758015524,2025-12-31,Sousse 2,194.76303830339754,0.0,N
1619354,1401951418,758015525,2026-01-02,Bizerte,65.79280922496677,0.0,N
1314096,1401897146,758015529,2026-01-01,Lac II,16.693665564039943,0.0,N
1555672,1401760732,758015532,2025-12-23,Bizerte,452.5770550592018,0.0,N
1335986,1414172776,758015534,2025-11-03,Sfax 2,61.829535969332554,0.0,N
1729916,1401953560,758015535,2025-12-30,Menzel Temim,69.53040467431292,0.0,N
1132932,1400813534,758015536,2026-01-01,El Menzah,20.630970414567038,0.0,N
931460,1414075798,758015545,2025-12-18,Grombalia,105.11021114786534,0.0,N
1710988,1414015350,758015547,2025-12-31,Hammamet 2,246.4911738337404,0.0,N
1332140,1401532140,758015552,2026-01-01,Djerba 2,38.95260766067951,0.0,N
916768,1414097114,758015558,2026-01-01,Gabès 2,32.219371193619196,0.0,N
1475292,1401555008,758015559,2025-12-30,Jendouba,61.829535969332554,0.0,N
1531888,1401680730,758015562,2026-01-01,Sousse 2,105.56187590812131,0.0,N
1374130,1401767738,758015564,2026-01-01,Lac II,89.03453179583887,0.0,N
1795890,1414172794,758015568,2026-01-02,Gabès 1,108.51083562617863,0.0,N
1535894,1400135894,758015570,2026-01-01,Bizerte,136.61545120103875,0.0,N
1736986,1401901536,758015572,2026-01-01,Sfax 1,26.259622221535228,0.0,N
1293300,1401493300,758015573,2025-12-23,El Jem,148.39088632639812,0.0,N
1373366,1401381586,758015574,2025-12-31,Zarzis 1,416.6568769901382,0.0,T
1094954,1401933132,758015575,2026-01-02,Hammamet 1,64.9343061180326,0.0,N
1494174,1401610114,758015576,2025-12-22,Soukra,494.67462206696143,0.0,N
1593308,1400193308,758015579,2025-12-29,La Marsa,175.93439886233654,0.0,N
715366,1414000172,758015582,2026-01-02,Lac II,63.96821961851177,0.0,N
1280710,1401480710,758015583,2025-09-19,La Marsa,8264.054780968869,0.0,N
993320,1401910816,758015585,2026-01-02,Djerba 2,74.95532816026216,0.0,N
1581934,1401767592,758015587,2025-12-31,Menzel Temim,582.2202986366588,0.0,T
1370152,1401570152,758015592,2026-01-02,Bizerte,111.2931647447986,0.0,N
1577550,1415414934,758015596,2026-01-02,Gabès 2,90.7598849970631,0.0,N
1813466,1414181666,758015600,2025-12-31,Mahdia,83.46987355859895,0.0,N
1526712,1414159460,758015604,2026-01-01,Ettadhamen,257.9889943425975,0.0,N
1112808,1414167352,758015607,2025-12-31,Bizerte,69.97279500417349,0.0,N
1219318,1401137768,758015608,2026-01-01,Sousse 1,2633.5564349089564,0.0,T
1155736,1401547514,758015613,2026-01-01,Sousse 2,2783.8448696942532,0.0,N
1556992,1401774192,758015614,2026-01-01,Jendouba,967.9008872538412,0.0,N
1369816,1401569816,758015615,2025-12-19,Djerba 2,394.3484712647232,0.0,N
1196918,1401673292,758015618,2026-01-01,Sfax 4,111.2931647447986,0.0,N
1487138,1401917348,758015619,2026-01-02,Ariana,238.04371348193033,0.0,N
1793520,1414159472,758015620,2025-12-27,Moknine,11747.611834173185,0.0,N
1154794,1401374076,758015625,2025-12-19,Ghardimaou,182.29665811358086,0.0,N
1081210,1400867276,758015630,2026-01-02,Béja,76.41450520913841,0.0,N
1521312,1401739210,758015631,2026-01-02,Gabès 1,63.993569728259196,0.0,N
1470932,1401567160,758015632,2025-12-30,El Menzah,378.22456487464063,0.0,N
1389712,1401589712,758015639,2025-12-30,Chebba,62.28521964942654,0.0,N
1755414,1401937774,758015643,2025-12-20,Zarzis 1,415.55414721612516,0.0,N
1739992,1401906172,758015646,2025-12-30,Chebba,67.25167712616317,0.0,N
1681534,1401948952,758015647,2025-12-20,Mahdia,3101.8085139271034,0.0,N
976892,1401326016,758015648,2025-12-22,Ghardimaou,208.05638853680404,0.0,N
1588018,1414092154,758015650,2025-12-21,El Jem,203.0528333384858,0.0,N
1539792,1400139792,758015654,2025-12-05,Ezzahrouni,77.28691996166569,0.0,T
1073120,1414199288,758015655,2026-01-01,Les Berges du Lac,110.05657402541195,0.0,N
1321276,1401521276,758015656,2026-01-01,Bizerte,510.9815438835132,0.0,N
1797946,1414169556,758015657,2026-01-03,Boussalem,132.43886604631032,0.0,N
1527518,1414159340,758015660,2025-11-16,Sfax 4,154.57383992333138,0.0,N
1593170,1400933692,758015661,2025-11-22,Moknine,1032.8311744520358,0.0,N
1535356,1414080690,758015664,2025-12-12,El Jem,139.11645593099826,0.0,N
1333596,1401135714,758015668,2026-01-02,Bizerte,89.24320647973538,0.0,N
1397294,1414173396,758015670,2025-10-10,Sfax 2,108.20168794633197,0.0,T
1501348,1414159878,758015676,2025-12-18,Soukra,127.81216186972517,0.0,N
1553354,1400153354,758015677,2025-12-22,Moknine,1175.7550932080255,0.0,N
1395618,1401612120,758015678,2025-12-28,El Menzah,54.100843973165986,0.0,N
14011736,1415541926,758015681,2025-12-08,Ariana,61.829535969332554,0.0,N
1300694,1401267156,758015682,2026-01-02,Lac II,111.2931647447986,0.0,N
1615358,1401815346,758015685,2025-11-26,Bizerte,186.10659412001115,0.0,N
1759526,1401867496,758015687,2026-01-02,Zarzis 1,139.11645593099826,0.0,N
1154694,1401515472,758015695,2025-12-20,Raoued,482.8580703001824,0.0,N
1531512,1401993314,758015701,2025-12-07,Grombalia,117.47611834173185,0.0,N
1518748,1401735680,758015702,2025-08-12,Sousse 2,10762.638266299811,0.0,N
1215272,1401947336,758015709,2026-01-02,Lac II,133.55179769375832,0.0,N
1474752,1401941468,758015712,2026-01-01,Sousse 1,139.11645593099826,0.0,N
1531546,1401988934,758015713,2025-12-23,Sfax 4,669.3044177203451,0.0,N
1798096,1414168712,758015716,2025-12-29,Sousse 3,790.2222771818098,0.0,N
1352908,1401731354,758015722,2026-01-03,Mutuelleville,103.32704733050979,0.0,N
1752956,1401935134,758015723,2026-01-02,Sousse 2,31.644665656784248,0.0,N
1279534,1415413552,758015726,2026-01-02,Hammamet 1,60.496182026153896,0.0,N
1274792,1401194996,758015732,2025-12-10,Sousse 2,52.33221009676323,0.0,N
777668,1400759952,758015734,2026-01-03,Lac II,62.94741397965809,0.0,N
1017394,1400777154,758015736,2026-01-02,La Goulette,39.50319967848642,0.0,N
1740748,1401953794,758015739,2026-01-02,La Marsa,71.1580672087056,0.0,N
14015598,1415413108,758015742,2025-12-20,Lac II,411.70525860203423,0.0,T
1333512,1401533512,758015743,2026-01-03,Bizerte,19.476303830339756,0.0,N
1395992,1401595992,758015745,2026-01-02,Bizerte,36.17027854205954,0.0,N
935808,1400673476,758015747,2026-01-02,Lac II,94.73274183077257,0.0,N
1534010,1401674154,758015750,2025-12-02,Grombalia,88.1070887562989,0.0,N
1587472,1401775950,758015755,2026-01-03,Ennasr,97.38151915169877,0.0,N
1374788,1401378618,758015757,2026-01-02,Sfax 3,27.82329118619965,0.0,N
1755812,1414089578,758015761,2025-12-14,Mutuelleville,146.63956472006677,0.0,N
1554660,1414129092,758015763,2026-01-01,La Marsa,194.76303830339754,0.0,N
1381194,1415419334,758015768,2025-12-02,Gabès 1,80.68754443997898,0.0,N
935772,1400679292,758015769,2026-01-02,El Menzah,123.65907193866511,0.0,N
1511710,1401735290,758015772,2025-12-16,Soliman,320.3409898908709,0.0,N
1014872,1401932932,758015773,2026-01-02,Bizerte,139.11645593099826,0.0,N
998928,1400754920,758015781,2025-11-04,Soukra,58.50959903545924,0.0,N
1679280,1401952794,758015791,2025-10-16,Sousse 2,1543.7508887995796,0.0,T
1594958,1401768128,758015792,2025-12-28,Kairouan 1,139.11645593099826,0.0,N
1792894,1414159354,758015796,2025-08-30,Djerba 1,373.1721643429066,0.0,T
1172752,1401692796,758015799,2026-01-03,Béja II,111.2931647447986,0.0,N
1676732,1401939920,758015800,2025-11-17,Boussalem,962.1448666027762,0.0,N
1671554,1401929408,758015805,2025-12-22,Mahdia,2634.2473799734134,0.0,T
1351216,1401135336,758015806,2025-12-21,Medjez El Bab,277.30237734565804,0.0,N
1614912,1401955868,758015807,2025-12-19,Ghardimaou,278.2329118619965,0.0,T
1666608,1401967278,758015810,2026-01-02,Gabès 2,636.699539369957,0.0,N
1701468,1401993340,758015818,2025-12-30,Grombalia,784.258200142208,0.0,N
1333696,1414115310,758015823,2026-01-02,Chebba,2045.0505456456551,0.0,N
1416950,1401529260,758015824,2026-01-03,Sousse 3,80.86870498036913,0.0,N
1107110,1400910170,758015829,2026-01-03,Ezzahrouni,109.83058707144403,0.0,N
1354092,1401373206,758015830,2025-08-03,Gabès 2,4366.2741521624885,108.20168794633197,N
1315996,1401949876,758015832,2026-01-02,Chebba,87.0869014128049,0.0,N
1727114,1414155132,758015836,2025-08-24,Zarzis 1,94.29004235323214,0.0,N
14007320,1415414012,758015838,2026-01-04,Djerba 1,222.5863294895972,0.0,N
1386152,1401586152,758015840,2026-01-02,Ghardimaou,30.14189878504962,0.0,N
1313932,1401513932,758015841,2026-01-03,Sousse 3,111.2931647447986,0.0,N
1760112,1414097330,758015842,2025-12-30,Soliman,748.7433146814234,0.0,N
1751806,1401933314,758015846,2025-12-18,Zarzis 1,186.018177883575,0.0,N
1531672,1400131672,758015848,2026-01-03,Bizerte,90.10572850650756,0.0,N
1137292,1414089392,758015849,2026-01-04,Jendouba,48.690759575849384,0.0,N
1813398,1414192772,758015851,2026-01-03,Boussalem,99.32914953473275,0.0,N
1807136,1414193556,758015853,2026-01-03,Gabès 1,487.9852845704393,0.0,N
1748766,1414075688,758015857,2026-01-03,Chebba,65.26509413546852,0.0,N
953350,1414129134,758015859,2026-01-03,Djerba 1,120.55862985748293,0.0,N
769320,1414188010,758015860,2026-01-03,Soukra,80.69310909821623,0.0,N
1752118,1414188790,758015862,2025-12-20,Bardo,561.1985655547655,0.0,N
1812908,1414180734,758015864,2025-12-24,Bardo,732.3708535567441,0.0,N
1741732,1414074934,758015866,2026-01-03,Sousse 3,75.86051256685319,0.0,N
1711696,1415415514,758015867,2025-12-27,Sousse 2,238.54422357560208,0.0,N
915774,1401737534,758015869,2025-12-27,Gabès 4,193.71440937335765,0.0,N
1354178,1401554178,758015871,2026-01-04,Ain Zaghouan,44.93461526571243,0.0,N
889278,1414131476,758015872,2026-01-03,Sfax 1,63.993569728259196,0.0,N
1112872,1401578146,758015881,2025-12-30,Gabès 4,194.76303830339754,0.0,T
1593296,1414121266,758015882,2025-12-24,Ghardimaou,58.738059170865924,0.0,N
887110,1414112734,758015885,2025-12-27,Sousse 1,204.96522088601725,0.0,N
1219214,1401931294,758015888,2025-12-13,Ennasr,203.11002565925745,0.0,N
995572,1414134716,758015889,2026-01-02,Djerba 2,104.2010078214363,0.0,N
1799378,1414170946,758015890,2025-12-13,Sfax 3,690.9450644572913,0.0,N
1539394,1401693552,758015892,2025-12-29,Ariana,363.5298482084892,0.0,N
1539520,1401555566,758015896,2026-01-03,Boussalem,111.2931647447986,0.0,N
1619326,1401951294,758015898,2025-12-27,Sfax 3,209.72269453117755,0.0,N
14014672,1415413590,758015899,2025-12-30,Ennasr,4954.286950876434,0.0,N
1514926,1414192810,758015902,2025-12-07,Ariana,58.738059170865924,0.0,N
1669468,1414119356,758015905,2026-01-02,Kairouan 1,100.87334219556683,0.0,N
809976,1401168140,758015910,2025-12-03,Soukra,184.19637060623862,0.0,N
1010892,1415548958,758015911,2026-01-03,Sfax 4,115.59186323306645,0.0,N
1736130,1414133540,758015912,2025-12-26,Djerba 2,2826.1631681454232,105.11021114786534,N
1553476,1401715934,758015914,2026-01-03,El Jem,99.26670170340373,0.0,N
1480158,1415412134,758015917,2026-01-03,Bizerte,80.82635174823014,0.0,N
1553538,1401787552,758015922,2026-01-01,Hammamet 1,139.11645593099826,0.0,N
1588988,1401779276,758015924,2025-12-30,Sfax 3,187.7982502241321,0.0,N
1693396,1414067380,758015926,2025-12-26,Ezzahrouni,147.15429560701148,0.0,N
1296876,1415411598,758015928,2025-12-29,Zarzis 1,383.03397533001515,0.0,N
1747948,1414073966,758015929,2025-12-12,Sousse 3,403.6841129007327,0.0,N
1486746,1415413552,758015930,2025-12-09,Sfax 4,200.79729186632454,0.0,N
1541320,1415413474,758015931,2025-12-29,Beni Khalled,670.2278418400471,0.0,N
670154,1414061334,758015934,2026-01-04,Mutuelleville,25.49231768015581,0.0,N
1333556,1415418674,758015936,2026-01-03,Nabeul 2,139.11645593099826,0.0,N
1769540,1414115012,758015944,2026-01-04,Djerba 1,132.53686586082173,0.0,N
1728750,1401893356,758015945,2026-01-04,Gabès 2,78.40108819983307,0.0,N
1807412,1414194874,758015948,2026-01-03,Ain Zaghouan,4482.64135777661,0.0,N
1673140,1401932616,758015953,2025-12-31,Béja II,106.65193062726065,0.0,N
1534158,1401674198,758015958,2026-01-04,El Menzah,72.54954091569543,0.0,N
1389706,1401909354,758015970,2026-01-02,Chebba,533.9895508084212,0.0,N
1474728,1401199008,758015975,2025-11-19,La Marsa,34.29066064859183,0.0,N
1535554,1414154174,758015981,2026-01-04,El Jem,55.646891520079144,0.0,N
1213146,1401914136,758015984,2025-12-30,Zarzis 1,653.564472748632,0.0,N
1355292,1414127334,758015989,2026-01-03,Hammamet 1,111.2931647447986,0.0,N
1779352,1414133686,758015990,2025-12-10,Ghardimaou,108.20168794633197,0.0,N
1328756,1414181866,758015999,2026-01-04,Ezzouhour,160.2504096206758,0.0,N
1266926,1400977372,758016002,2026-01-03,Bizerte,32.11982564070857,0.0,N
1807136,1414193556,758016003,2026-01-02,Gabès 1,139.11645593099826,0.0,N
1360154,1401669534,758016013,2026-01-04,Sousse 2,110.72155068476212,0.0,N
1071374,1401541958,758016018,2025-12-12,Lac II,791.9788542986985,0.0,N
1139708,1400969292,758016021,2026-01-05,Jendouba,74.20502674127431,0.0,N
1549746,1401489554,758016030,2026-01-04,Bizerte,33.49676940674561,0.0,N
1094888,1401374198,758016035,2026-01-04,Boussalem,46.37215197699941,0.0,N
14001554,1415401328,758016036,2025-12-30,Gabès 4,74.20502674127431,0.0,N
995712,1401811414,758016038,2026-01-04,Sfax 2,67.5824651435991,0.0,N
1721672,1414152006,758016039,2025-12-25,Djerba 2,92.74430395399882,0.0,N
1513530,1401921532,758016040,2026-01-04,El Jem,111.2931647447986,0.0,N
1374754,1401574754,758016041,2026-01-03,Sousse 3,79.46331962778619,0.0,N
1535932,1401201748,758016043,2026-01-04,Bizerte,38.95260766067951,0.0,N
1779958,1414134952,758016047,2026-01-02,Gabès 2,392.21566142146105,0.0,N
776612,1401299890,758016049,2026-01-04,La Goulette,344.89009799981454,0.0,N
1335986,1401934172,758016051,2026-01-04,Djerba 2,170.03122391566453,0.0,N
1375778,1415555598,758016053,2026-01-02,Testour,63.90175286734473,0.0,N
1533070,1401694772,758016058,2026-01-04,Zarzis 1,108.20168794633197,0.0,N
1372092,1401993752,758016066,2026-01-03,Ain Zaghouan,22.25863294895972,0.0,N
1335594,1401535594,758016078,2026-01-05,Ain Zaghouan,111.2931647447986,0.0,N
1559200,1401889594,758016084,2026-01-02,El Jem,132.9891489164374,0.0,N
1531298,1401528720,758016087,2025-11-03,Sfax 4,1034.7169752991003,0.0,N
1751018,1414079392,758016088,2026-01-03,Chebba,62.28521964942654,0.0,N
776970,1415409554,758016091,2026-01-05,Lac II,72.34055708411908,0.0,N
1738006,1401915570,758016092,2025-12-28,Sousse 3,3633.8198287321857,0.0,N
1534152,1401513372,758016093,2026-01-01,Sfax 2,177.84987788666646,0.0,N
977728,1414131860,758016094,2025-10-09,Djerba 2,3048.3850125204813,0.0,N
1492154,1415413472,758016098,2025-12-30,Testour,159.520202800878,0.0,N
946952,1400693290,758016104,2025-12-28,Djerba 1,117.22849105017467,0.0,N
1813560,1414193516,758016107,2025-12-30,Chebba,100.78214363001206,0.0,N
1716172,1414013200,758016109,2026-01-05,Grombalia,2504.6492719572143,0.0,N
1213140,1401112156,758016115,2025-12-30,El Jem,137.2213806535382,0.0,N
1711756,1414013332,758016116,2025-12-29,Medjez El Bab,156.42254304881442,0.0,N
1333668,1401533374,758016118,2026-01-05,Testour,37.18582867035583,0.0,N
1795936,1414172938,758016119,2025-12-29,Lac II,452.1015859275976,0.0,N
1389954,1401717756,758016123,2026-01-06,Chebba,85.91214022938759,0.0,N
1318088,1401755416,758016125,2026-01-04,Zarzis 1,111.2786348038458,0.0,N
1812738,1414192990,758016126,2025-11-10,Lafayette,58.738059170865924,0.0,N
1718694,1414018132,758016127,2025-11-25,Ariana,323.32611988747027,0.0,N
1340130,1401340688,758016130,2026-01-05,Zarzis 1,77.28691996166569,0.0,N
1153092,1400991990,758016131,2026-01-02,Djerba 2,111.2931647447986,0.0,N
1813206,1414193214,758016132,2026-01-04,Sousse 2,293.69029585432963,0.0,N
1773914,1414135896,758016134,2026-01-05,Lac II,111.2931647447986,0.0,N
1501992,1401935530,758016144,2025-10-04,Kairouan 1,5327.5305283333855,293.69029585432963,N
1793414,1414159546,758016146,2026-01-05,Béja II,31.830154264692244,0.0,N
1553114,1414141338,758016149,2026-01-06,Sousse 3,105.99035459238878,0.0,N
1539352,1401552130,758016150,2025-12-09,Jendouba,472.6484681732464,0.0,N
1772160,1414113512,758016155,2025-12-21,Zarzis 1,262.77552786966334,0.0,T
1286776,1401781012,758016157,2026-01-05,Gabès 1,1762.1417751259778,0.0,N
1617308,1401947912,758016170,2026-01-06,Mahdia,80.25813831267197,0.0,N
1611932,1401818786,758016171,2026-01-05,Ghardimaou,25.040962067579684,0.0,N
1817492,1414199496,758016172,2026-01-07,Ain Zaghouan,97.38151915169877,0.0,N
1486874,1414187338,758016181,2026-01-06,Gabès 2,89.03453179583887,0.0,N
1348914,1401133374,758016186,2026-01-03,Ain Zaghouan,52.86425325377933,0.0,N
1788018,1414151316,758016187,2026-01-06,Grombalia,77.90521532135902,0.0,N
1155736,1401547514,758016190,2025-11-06,Sousse 2,959.2719572139612,0.0,N
1069794,1401280778,758016197,2026-01-07,Bizerte,731.3843633103534,0.0,T
1069794,1401280778,758016197,2026-01-07,Bizerte,1259.0280396945623,0.0,N
1777710,1414131266,758016200,2026-01-04,L'Aouina,442.2212260796983,0.0,N
1392134,1401995130,758016203,2026-01-07,Menzel Bourguiba,71.4223884749745,0.0,N
1554956,1401719808,758016204,2026-01-07,Sfax 5,39.17210251337064,0.0,N
1514712,1415417348,758016210,2026-01-09,Bizerte,133.6695829597799,0.0,N
1813938,1414195534,758016213,2026-01-08,Menzel Temim,55.71768633876403,0.0,N
1321666,1401733574,758016215,2025-12-14,Ghardimaou,110.21083871765543,0.0,N
1338926,1401538926,758016216,2026-01-09,Mutuelleville,83.40649828423038,0.0,N
1531516,1401679972,758016219,2026-01-09,Gabès 2,30.843973165981392,0.0,N
1780732,1414137366,758016224,2026-01-07,Ghardimaou,110.62571490400966,0.0,N
1669686,1401933750,758016225,2026-01-09,Ariana,55.99406436454695,0.0,N
1331394,1401601472,758016231,2025-11-25,El Jem,308.4282931956596,0.0,N
1693298,1401969332,758016234,2026-01-08,La Goulette,87.11719788542987,0.0,N
1297474,1401546172,758016236,2025-12-24,La Goulette,187.34349398707764,0.0,N
797612,1400959354,758016239,2026-01-08,Mutuelleville,103.32704733050979,0.0,N
1548750,1401487914,758016244,2026-01-09,Gabès 2,62.215661421461036,0.0,N
1141952,1400973312,758016245,2026-01-08,Mutuelleville,98.27742912789441,0.0,N
1667340,1401940958,758016247,2026-01-06,Gabès 2,111.2931647447986,0.0,N
1131470,1401952874,758016248,2026-01-05,Boussalem,77.28691996166569,0.0,N
1736932,1401901540,758016250,2025-12-22,Raoued,151.48236312486475,0.0,T
1461274,1401355966,758016255,2026-01-06,La Goulette,101.79645716758897,0.0,N
1335146,1401535146,758016256,2025-11-24,Bizerte,117.47611834173185,0.0,N
1337346,1401537346,758016258,2026-01-07,Béja,179.30565431106442,0.0,N
1355934,1401555934,758016263,2026-01-07,Zarzis 1,1067.6337836584537,0.0,N
1217332,1414199718,758016265,2026-01-07,Raoued,111.2931647447986,0.0,N
1175472,1401013306,758016268,2026-01-08,Sfax 4,67.58277429127895,0.0,N
990974,1400753320,758016269,2026-01-07,El Jem,980.2068197978175,0.0,N
1732148,1414133360,758016273,2026-01-03,Mutuelleville,123.65907193866511,0.0,N
1001534,1414181548,758016276,2025-12-14,M'saken,507.5002318607599,0.0,T
1695752,1401952974,758016279,2025-11-18,Ain Zaghouan,974.117228800198,0.0,N
1733186,1414151088,758016282,2026-01-08,El Kram,64.76612978019601,0.0,N
1493208,1415411534,758016286,2026-01-08,Zarzis 1,59.700435898228584,0.0,N
933536,1401911378,758016287,2026-01-08,Soukra,53.676384208736515,0.0,N
1759560,1414095590,758016288,2026-01-07,Bab Benat,139.73475129069158,0.0,N
1769578,1414112732,758016292,2026-01-06,Ettadhamen,85.09629950227225,0.0,N
1768090,1414112092,758016298,2026-01-08,El Kram,69.90014529940953,0.0,N
1795288,1414175534,758016299,2026-01-08,Monastir 1,49.901072742449074,0.0,N
1293814,1414087146,758016303,2025-12-19,Béja,182.13559217238077,0.0,N
1529154,1414129526,758016305,2026-01-08,Lac II,166.9397471171979,0.0,N
953894,1415411486,758016307,2026-01-08,Zarzis 1,89.03453179583887,0.0,N
1807136,1414193556,758016308,2025-09-11,Gabès 1,123.65907193866511,0.0,N
1518752,1401735878,758016309,2026-01-08,La Marsa,55.32104986552076,0.0,N
1339936,1401920010,758016314,2026-01-04,Jendouba,155.34825486134727,0.0,N
14013334,1415552994,758016315,2026-01-08,Jendouba,111.2931647447986,0.0,N
1080930,1400867332,758016316,2025-11-19,Raoued,59.35604538287941,0.0,N
939370,1414015954,758016319,2026-01-07,Mahdia,58.738059170865924,0.0,N
1180716,1414012108,758016322,2025-12-31,Chebba,97.36204284786844,0.0,N
1073416,1414101818,758016323,2025-12-26,Djerba 2,707.7880483506972,0.0,T
1615152,1401952134,758016326,2026-01-08,Chebba,64.93399697035274,0.0,N
814940,1401341356,758016330,2026-01-08,Gabès 3,111.2931647447986,0.0,N
1130754,1401133198,758016331,2026-01-06,Béja,231.12344266856277,0.0,T
1390750,1401555530,758016336,2025-09-08,Gabès 4,4676.218505580116,0.0,N
1747580,1414071354,758016339,2026-01-08,Sfax 1,33.874857019198075,0.0,N
1532992,1400907554,758016363,2026-01-10,Gabès 2,56.52301604476459,0.0,N
1773336,1414112932,758016367,2026-01-09,Djerba 2,77.90521532135902,0.0,N
1540898,1401331358,758016369,2026-01-09,Mahdia,47.299595016539406,0.0,N
1807136,1414193556,758016376,2026-01-08,Gabès 1,1003.4445234488516,0.0,N
1313898,1401581460,758016377,2026-01-08,Gabès 4,253.81024515411013,0.0,N
1596972,1401791950,758016378,2026-01-10,Bizerte,139.11645593099826,0.0,N
1557916,1400751372,758016382,2026-01-02,Bizerte,754.8910254428541,0.0,T
1773512,1414113394,758016383,2026-01-01,Les Berges du Lac,784.9479086159458,0.0,N
1296806,1401496806,758016384,2025-09-22,Zarzis 1,2274.064673694624,0.0,N
887954,1414131418,758016386,2026-01-10,El Jem,87.44891334590534,0.0,N
1592946,1401771558,758016390,2026-01-09,Chebba,72.54923176801559,0.0,N
1536106,1401539556,758016391,2026-01-09,Raoued,111.2931647447986,0.0,N
1475174,1400075174,758016392,2026-01-08,La Goulette,33.874547871518224,0.0,N
1335000,1401535000,758016393,2025-12-08,Bizerte,0.0,1870.975979225276,N
1019358,1400779540,758016398,2026-01-09,Ezzahrouni,77.45478715182243,0.0,N
1721476,1414155730,758016402,2026-01-01,Nabeul 2,874.2696386063623,0.0,N
1533572,1401711152,758016404,2026-01-05,Zarzis 1,0.0,463.72151976999413,N
1561816,1401153338,758016412,2026-01-10,Chebba,48.11203511917643,0.0,N
1555312,1401792126,758016414,2026-01-10,Ain Zaghouan,57.64985933780567,0.0,N
1074152,1401355372,758016420,2025-10-05,Bizerte,215.48922620335736,0.0,T
1572954,1400172954,758016421,2026-01-08,Gabès 4,80.16415741799858,0.0,N
1721540,1414155548,758016424,2025-08-03,Sfax 5,644.1586545892974,0.0,N
1493506,1414151592,758016426,2026-01-03,Chebba,99.03700497727765,0.0,N
1261990,1401193548,758016427,2026-01-06,Sousse 2,72.21844375057965,0.0,N
1087530,1401349928,758016431,2026-01-10,Bizerte,50.1530281015241,0.0,N
1577012,1401757994,758016433,2026-01-09,Teboulba,159.53318700343155,0.0,N
14017314,1415553546,758016435,2026-01-10,Gabès 4,85.57207778155626,0.0,N
959578,1414169986,758016436,2026-01-09,La Goulette,76.92305314248617,0.0,N
1619588,1401949756,758016438,2026-01-09,Zarzis 1,74.19544316319906,0.0,N
1001156,1400757552,758016439,2026-01-08,Lac II,52.86394410609949,0.0,N
1734790,1414146112,758016445,2026-01-09,Nabeul 2,213.55581661359633,0.0,N
1513326,1414175292,758016449,2026-01-08,La Goulette,434.8539277212725,0.0,N
1174726,1401153156,758016453,2026-01-04,Bizerte,305.02828701270596,0.0,N
1799194,1414171354,758016456,2026-01-10,El Menzah,1178.2718644696572,0.0,N
1377072,1401775714,758016461,2025-09-11,Korba,64.4832596531363,0.0,N
670778,1401179272,758016478,2026-01-09,Zarzis 1,194.29931678362755,0.0,N
1269356,1401328180,758016481,2026-01-08,Chebba,2101.0294617738896,0.0,N
1393498,1401593498,758016482,2025-12-28,El Menzah,46.37215197699941,0.0,T
1551360,1415407408,758016487,2026-01-10,Sfax 3,77.90521532135902,0.0,N
1527532,1400127532,758016488,2026-01-03,Djerba 1,684.5679661174144,0.0,N
1339732,1401973728,758016492,2026-01-10,Ariana,27.8415308993106,0.0,N
1329172,1401529172,758016496,2026-01-09,Mahdia,55.99406436454695,0.0,N
1755578,1414072092,758016498,2026-01-11,Djerba 2,58.97393885058893,0.0,N
1757080,1415553518,758016500,2026-01-08,Ariana,194.76303830339754,0.0,N
1101758,1414013468,758016503,2026-01-11,Jendouba,278.2329118619965,0.0,N
1792114,1414155354,758016506,2026-01-08,Nabeul 2,2741.2619408291343,0.0,N
1015530,1400758938,758016507,2026-01-11,Ghardimaou,110.7366989210746,0.0,N
1815112,1414197356,758016511,2026-01-02,Sfax 1,61.829535969332554,0.0,N
1375398,1401319752,758016514,2026-01-11,Zarzis 1,97.38151915169877,0.0,N
1758946,1414095492,758016515,2026-01-10,Zarzis 1,635.3000278232912,0.0,T
1219892,1401419892,758016516,2026-01-09,Bizerte,176.8324728722911,0.0,N
1735540,1401895280,758016517,2026-01-10,Sfax 5,311.2705969641698,0.0,N
1481138,1401593872,758016521,2025-12-29,Gabès 3,170.03122391566453,0.0,N
1207928,1414075276,758016525,2026-01-11,Bizerte,83.46987355859895,0.0,N
1461770,1414181332,758016534,2026-01-09,Béja,83.73419482486784,0.0,N
1799350,1414170756,758016537,2026-01-11,Djerba 1,0.0,468.26846384517887,N
1755700,1401861336,758016538,2026-01-01,Djerba 2,549.1470615513031,0.0,N
1771394,1414118946,758016541,2025-11-20,Zarzis 1,9966.37184282932,0.0,N
1333552,1401533552,758016544,2026-01-03,Gabès 3,340.7311342628374,0.0,N
1219418,1401419418,758016548,2026-01-10,Bizerte,67.5830834389588,0.0,N
1415756,1414115616,758016549,2025-12-19,Sousse 3,627.8304015828362,0.0,N
1492972,1401607932,758016553,2026-01-07,Gabès 3,404.6743129192816,0.0,N
1757910,1414093554,758016554,2026-01-10,Enfidha,126.90512257705507,0.0,N
1395706,1414199468,758016562,2026-01-10,La Goulette,28.578848115744893,0.0,N
14013528,1415554972,758016565,2025-12-26,Gabès 3,336.43212662688967,0.0,N
1671708,1401929986,758016570,2026-01-02,Gabès 1,880.4702136210468,0.0,N
1353748,1401553748,758016572,2026-01-08,La Marsa,111.2931647447986,0.0,N
1353480,1401375346,758016577,2026-01-11,Bizerte,24.15958203233685,0.0,N
1589352,1414132954,758016581,2026-01-09,Grombalia,264.3150833152997,0.0,N
1531554,1401875980,758016582,2026-01-10,Ghardimaou,83.85259838624911,0.0,N
1756940,1414193918,758016583,2026-01-11,Soliman,72.54923176801559,0.0,N
1692614,1401955350,758016584,2026-01-10,Chebba,66.9205799610474,0.0,N
1776954,1414129288,758016586,2026-01-11,Zarzis 1,13.911645593099825,0.0,N
775140,1401299528,758016594,2025-12-14,Lac II,116.07691594274586,0.0,N
1713334,1401990950,758016596,2026-01-09,Jemmal,248.42272853742233,0.0,N
1460726,1401549286,758016599,2025-12-04,Gabès 1,217.8254552199586,0.0,N
873736,1400675334,758016602,2026-01-11,Gabès 4,102.18134602899806,0.0,N
1753750,1414189280,758016606,2026-01-08,Sfax 4,111.2931647447986,0.0,N
1736940,1414133710,758016608,2026-01-11,El Mechtel,61.042136828763105,0.0,N
1553114,1401494178,758016609,2026-01-10,Medjez El Bab,139.11645593099826,0.0,N
1317310,1401517310,758016611,2026-01-10,Ariana,58.29937861316351,0.0,N
1532938,1400869716,758016613,2026-01-07,Medjez El Bab,100.33078801743594,0.0,N
1751714,1401933074,758016615,2026-01-11,La Goulette,66.92027081336755,0.0,N
1467314,1401495272,758016617,2025-12-10,Lac II,116.3792623736359,0.0,N
1310186,1401510186,758016625,2026-01-11,Lac II,66.77558969919932,0.0,N
1496612,1401614770,758016626,2026-01-12,Djerba 1,166.9397471171979,0.0,N
1732918,1414147548,758016628,2026-01-11,Lac II,125.8558753516555,0.0,N
919310,1400739412,758016633,2025-12-23,Bizerte,128.76000865613506,0.0,T
1140968,1401739552,758016636,2026-01-06,Raoued,86.12390639008255,0.0,N
1737712,1401901816,758016643,2026-01-10,Boussalem,74.07889448789687,0.0,N
1333214,1401547156,758016646,2025-12-17,Gabès 3,329.24227903669583,0.0,N
957112,1414091546,758016647,2026-01-12,Bizerte,111.2931647447986,0.0,N
1375090,1414132972,758016656,2026-01-12,Sousse 3,124.94883605898538,0.0,N
1394940,1401951394,758016660,2026-01-06,Menzel Bourguiba,0.0,463.72151976999413,N
1539606,1401693908,758016663,2026-01-12,Menzel Bourguiba,64.27211178780104,0.0,N
14007714,1415414754,758016668,2026-01-10,Jendouba,111.2931647447986,0.0,N
950668,1400697098,758016669,2026-01-11,Djerba 1,13.911645593099825,0.0,N
1579414,1414194752,758016676,2026-01-11,Sfax 4,97.38151915169877,0.0,N
1491778,1401613732,758016677,2026-01-12,Sfax 4,99.32914953473275,0.0,N
1293294,1401369320,758016678,2026-01-08,Bizerte,37.186446965715525,0.0,N
1291548,1401932152,758016682,2026-01-15,Lac II,33.38794942343958,0.0,N
1676940,1401940006,758016683,2026-01-14,Zarzis 1,111.2931647447986,0.0,N
1695992,1401975014,758016684,2026-01-11,Sousse 2,139.11645593099826,0.0,N
1792910,1414159394,758016689,2026-01-14,Ghardimaou,94.07085664822085,0.0,N
1787492,1414147532,758016690,2026-01-15,Sousse Erriadh,94.73243268309272,0.0,N
1219592,1401767500,758016694,2026-01-15,El Jem,46.835564349089566,0.0,N
1409468,1401535318,758016701,2026-01-15,Ain Zaghouan,20.630970414567038,0.0,N
1540752,1414177272,758016705,2026-01-08,Gabès 4,48.77422944940798,0.0,N
897208,1400753212,758016707,2026-01-15,Soukra,84.46842056450367,0.0,N
1597078,1401792152,758016708,2026-01-13,Chebba,73.87331128079884,0.0,N
1353114,1414095334,758016712,2026-01-14,Sousse 3,111.2931647447986,0.0,N
1673472,1414149316,758016713,2026-01-15,El Jem,166.9397471171979,0.0,N
1508932,1401757900,758016715,2026-01-15,Lac II,123.65907193866511,0.0,N
1528754,1400128754,758016718,2026-01-11,Bizerte,55.6465823723993,0.0,N
1693412,1401970076,758016719,2026-01-15,Ghardimaou,111.2931647447986,0.0,N
1332720,1401939790,758016721,2026-01-15,Zarzis 1,35.057346894611555,0.0,N
1331918,1401327388,758016722,2026-01-11,Bizerte,32.12569944662565,0.0,N
1215572,1401108898,758016724,2026-01-14,Mahdia,111.2931647447986,0.0,N
767886,1401291506,758016727,2026-01-15,Jendouba,296.78177265279623,0.0,N
1340972,1401519692,758016733,2026-01-09,Chebba,5281.02946177389,0.0,N
14001488,1415401554,758016734,2026-01-14,Ariana,64.9343061180326,0.0,N
1520768,1401979312,758016743,2025-12-14,Djerba 1,290.97165115775806,0.0,N
1175928,1414012096,758016745,2026-01-15,Ain Zaghouan,47.7169443843324,0.0,N
1488092,1401599474,758016748,2026-01-15,Ennasr,49.23887841221752,0.0,N
1807136,1414193556,758016755,2026-01-14,Gabès 1,105.72850650755866,0.0,N
1509186,1400109186,758016759,2026-01-16,La Marsa,68.41036263022846,0.0,N
1351354,1401357320,758016764,2026-01-15,Bizerte,30.563885368040314,0.0,N
1768154,1414111990,758016765,2026-01-15,Djerba 1,69.23856926453767,0.0,N
1353596,1401987512,758016771,2026-01-06,Bizerte,289.0595727579065,0.0,T
1721798,1401872010,758016774,2026-01-15,Gabès 2,111.2931647447986,0.0,N
1709194,1414172154,758016777,2026-01-13,Sousse 2,111.2931647447986,0.0,N
915770,1401577674,758016782,2026-01-16,Djerba 1,61.02451541101184,0.0,N
674140,1414089534,758016784,2026-01-14,Lac II,111.2931647447986,0.0,N
791396,1400769332,758016785,2026-01-16,Bizerte,64.93399697035274,0.0,N
921086,1401670812,758016788,2026-01-15,Sousse 3,22.25863294895972,0.0,N
1677138,1401941292,758016792,2026-01-16,Medjez El Bab,95.72572417844005,0.0,N
1275692,1401979552,758016795,2026-01-13,Gabès 3,1129.6098556280335,0.0,N
1078614,1400875588,758016796,2026-01-15,Béja,83.03706680681361,0.0,N
1736016,1401992106,758016799,2026-01-15,Béja,508.85739017528675,0.0,T
1379340,1401515206,758016800,2026-01-16,Medjez El Bab,58.17850187034347,0.0,N
1789134,1414153270,758016801,2026-01-15,Gabès 2,166.9397471171979,0.0,N
1099574,1401957260,758016805,2026-01-13,Gabès 4,278.2329118619965,0.0,N
1734700,1401873580,758016809,2026-01-16,Chebba,56.720561412186605,0.0,N
1394756,1414135470,758016821,2026-01-12,Lac II,197.13080038334314,0.0,N
781286,1414098968,758016832,2026-01-16,Sousse 3,87.42047175935946,0.0,N
1550996,1414116086,758016833,2026-01-15,Lac II,100.1570470213621,0.0,N
1075668,1400919094,758016835,2026-01-16,Mahdia,111.2931647447986,0.0,N
1074806,1414151712,758016838,2026-01-15,Soukra,166.9397471171979,0.0,N
1281926,1400993374,758016843,2026-01-15,Zarzis 1,54.255417813089316,0.0,N
14012754,1415555794,758016849,2026-01-13,Ariana,77.87646458713328,0.0,N
14015392,1415406956,758016855,2026-01-13,Gabès 2,111.2931647447986,0.0,N
1477326,1401578688,758016867,2026-01-16,La Goulette,111.2931647447986,0.0,N
1610894,1401817156,758016870,2026-01-09,Zarzis 1,385.6308158407271,0.0,N
1529368,1401937594,758016871,2026-01-12,Zarzis 1,251.49163755526016,0.0,N
1466786,1414175014,758016876,2026-01-16,Chebba,130.76946857513835,0.0,N
1001894,1400759346,758016881,2025-12-26,Sousse 3,418.44993353324884,0.0,N
1661370,1401907334,758016884,2026-01-16,Korba,111.2931647447986,0.0,N
1675080,1414193470,758016889,2025-08-20,Kelibia,947.5227996413887,72.66454385259838,N
1532980,1415541268,758016891,2026-01-17,Gabès 1,307.7070516585773,0.0,N
1695136,1401973354,758016894,2025-11-08,Zarzis 1,703.8736204284787,7.166043218845643,N
1521370,1401509540,758016899,2026-01-13,Testour,64.2718026401212,0.0,N
1606074,1401809392,758016901,2026-01-14,Hammamet 2,103.34157727146258,0.0,N
1552014,1401701554,758016905,2026-01-16,Testour,618.2953596933255,0.0,N
1129314,1400951352,758016908,2025-12-26,Ariana,150.85262930101712,0.0,N
1491886,1400091886,758016911,2026-01-02,Ezzahrouni,311.4931832936594,0.0,N
1794932,1414175152,758016913,2025-12-12,Sfax 5,92.74430395399882,0.0,N
1552956,1401795498,758016915,2026-01-16,Nabeul 2,1536.0274523139706,0.0,N
1555134,1401720174,758016916,2026-01-17,Gabès 2,53.427211178780105,0.0,N
1807136,1414193556,758016918,2026-01-16,Gabès 1,1883.016353912264,0.0,N
959752,1401193752,758016920,2026-01-16,Bizerte,66.45593099823786,0.0,N
999466,1400754174,758016923,2025-12-14,Ghardimaou,117.47611834173185,0.0,N
1391592,1401591592,758016925,2026-01-15,Sousse 3,101.86416050947538,0.0,N
1766810,1414109580,758016935,2025-12-26,Zarzis 1,2111.4325903484096,0.0,N
934096,1401372750,758016937,2026-01-16,Lac II,144.3957708597397,0.0,N
1619314,1401951350,758016938,2026-01-15,Ghardimaou,84.86134726558878,0.0,N
1678956,1401952014,758016940,2026-01-14,Gabès 2,163.22997495903795,0.0,N
1793808,1414147336,758016941,2026-01-17,Lac II,165.57331437227563,0.0,N
1595206,1400755414,758016944,2026-01-16,Bizerte,66.91779763192878,0.0,N
1393368,1401413400,758016945,2026-01-17,Lac II,43.28036603085294,0.0,N
816194,1401912738,758016948,2026-01-16,Bizerte,289.6314959656228,0.0,N
1557698,1401515948,758016949,2026-01-16,Korba,68.72352922991314,0.0,N
1519552,1401734934,758016956,2026-01-15,Lac II,92.74430395399882,0.0,N
1353512,1415413560,758016958,2026-01-16,Ghardimaou,93.25594336414505,0.0,N
1120758,1401171152,758016959,2026-01-13,Gabès 4,111.2931647447986,0.0,N
1552956,1401795498,758016962,2026-01-14,Nabeul 2,278.0304201316969,0.0,N
1811100,1414189920,758016966,2026-01-17,Sousse 2,886.1356540019168,0.0,N
1537576,1401555534,758016967,2026-01-09,Sfax 2,5113.228738368319,0.0,N
1114130,1400935354,758016970,2026-01-15,Raoued,1499.3662472563144,0.0,N
1539126,1401553208,758016973,2026-01-16,Grombalia,154.57383992333138,0.0,N
1292130,1414091290,758016975,2026-01-07,Ghardimaou,58.738059170865924,0.0,N
1593128,1414133352,758016981,2026-01-17,Bizerte,25.040962067579684,0.0,N
14010168,1415419320,758016982,2025-12-16,Mahdia,608.322564689152,0.0,N
1153732,1401376734,758016984,2025-12-29,Boussalem,112.75017775991591,0.0,N
1328732,1401534068,758016986,2026-01-11,Lac II,398.9550808421183,0.0,N
1189550,1401337412,758016988,2025-12-19,Lac II,75.30837481064705,0.0,T
1587926,1401940860,758016991,2026-01-15,Ariana,102.94617738893871,0.0,N
1135372,1401569334,758016996,2026-01-17,Chebba,87.44829505054565,0.0,N
1755130,1414073292,758016997,2026-01-12,Ghardimaou,154.57383992333138,0.0,N
1291414,1401491414,758016998,2025-12-31,Bizerte,1353.2169907564844,79.68250533279748,N
1754152,1414092954,758017003,2026-01-11,Djerba 2,242.68092867963028,0.0,N
1154018,1400794972,758017004,2026-01-17,Raoued,78.98723220082233,0.0,N
1774894,1414133792,758017007,2026-01-14,Djerba 2,94.00408074937398,0.0,N
1474614,1401551892,758017008,2025-08-23,Lac II,17274.247070825735,46.73385476242001,N
1527586,1401520752,758017010,2026-01-16,Bizerte,30.72618789995981,0.0,N
1293728,1414199532,758017012,2026-01-16,Chebba,73.87362042847869,0.0,N
1310716,1401510716,758017013,2026-01-16,Chebba,64.93399697035274,0.0,N
1355936,1401335388,758017014,2026-01-12,Zarzis 1,90.43249760410549,4593.934522521408,T
1675754,1401913332,758017029,2026-01-16,Ariana,139.11645593099826,0.0,N
1335550,1401310898,758017032,2026-01-16,Zarzis 1,108.51083562617863,0.0,N
1551292,1401955952,758017034,2026-01-10,La Marsa,58.738059170865924,0.0,N
1213532,1401112940,758017035,2026-01-09,El Jem,77.28691996166569,0.0,T
1579334,1401874060,758017037,2026-01-15,Gabès 4,61.829535969332554,0.0,N
1593578,1401786158,758017041,2026-01-14,Grombalia,0.0,64.89504436269206,N
1311198,1401261352,758017045,2026-01-17,Raoued,80.56728599251863,0.0,N
929386,1400669792,758017051,2026-01-17,Mutuelleville,50.95773951216496,0.0,N
1309072,1414133792,758017053,2026-01-14,Testour,107.97631928772375,0.0,N
1080866,1414109906,758017058,2026-01-16,Djerba 2,0.0,70.9493925248091,N
1795556,1414154132,758017059,2026-01-17,Bizerte,60.591090363866826,0.0,N
1733274,1414133394,758017062,2026-01-18,Chebba,55.6465823723993,0.0,N
1780152,1414135268,758017064,2026-01-08,Lac II,195.97891612823446,0.0,N
1668806,1401935972,758017066,2026-01-08,Zarzis 2,592.5795282406406,0.0,N
1331392,1401873574,758017073,2026-01-05,Djerba 2,313.29025875660807,0.0,N
1497946,1414132816,758017074,2026-01-17,Gabès 4,105.72850650755866,0.0,N
1133692,1400815206,758017077,2026-01-18,Ghardimaou,111.2931647447986,0.0,N
1792878,1414159326,758017079,2025-10-20,Sfax 4,370.9772158159953,0.0,N
1588132,1401499132,758017080,2025-10-30,Bizerte,58.738059170865924,0.0,N
1790612,1414155368,758017082,2026-01-17,Gabès 3,396.11061303984917,0.0,N
935968,1401569918,758017083,2025-09-07,Zarzis 1,43.28067517853279,0.0,N
1495578,1414073288,758017086,2026-01-15,Jendouba,750.7110396636474,0.0,N
1133992,1400953532,758017089,2026-01-17,Djerba 2,5322.105913995116,0.0,N
1737732,1414135312,758017091,2026-01-17,Soukra,139.11645593099826,0.0,N
1417754,1401469332,758017097,2025-12-04,Ezzahrouni,61.829535969332554,0.0,T
1547014,1400147014,758017099,2026-01-17,La Marsa,183.57838439422514,0.0,N
1754886,1414086768,758017100,2026-01-17,Sousse 3,2360.704547562371,0.0,N
1215492,1401415492,758017102,2026-01-13,Bizerte,3241.5952020280088,0.0,N
1114736,1401013332,758017103,2026-01-18,Lac II,52.25214084768294,0.0,N
1530894,1401678914,758017107,2026-01-17,Soliman,84.46872971218352,0.0,N
879512,1400612686,758017110,2026-01-16,Béja II,64.27211178780104,0.0,N
773348,1401933468,758017117,2026-01-12,Béja II,107.3147432528519,0.0,N
1368754,1401611094,758017120,2026-01-15,Gabès 2,74.07889448789687,0.0,N
1749556,1414074974,758017123,2026-01-18,Ghardimaou,111.2931647447986,0.0,N
1812946,1414180614,758017130,2026-01-09,Lafayette,284.4158654589298,0.0,N
1809140,1414186134,758017135,2026-01-16,Testour,97.38151915169877,0.0,N
1734168,1414152928,758017143,2026-01-18,Bardo,119.6401521006585,0.0,N
1378818,1401896008,758017145,2026-01-18,Ghardimaou,1050.4188951061924,0.0,N
1353388,1414193492,758017146,2026-01-14,Testour,38.95260766067951,0.0,N
1372138,1401572138,758017151,2026-01-18,Bizerte,97.7123071691347,0.0,N
673558,1401761552,758017159,2026-01-17,Chebba,38.17912016570316,0.0,N
1807136,1414193556,758017162,2026-01-16,Gabès 1,234.97325872569328,0.0,N
1501594,1414014992,758017173,2026-01-18,Bizerte,111.2931647447986,0.0,N
1589280,1415409512,758017178,2026-01-18,Zarzis 1,97.38182829937863,0.0,N
1713808,1414116150,758017179,2026-01-17,El Jem,111.2931647447986,0.0,N
1155386,1401553994,758017183,2026-01-17,Sfax 2,69.55822796549913,0.0,N
1719674,1414019954,758017190,2026-01-19,Bizerte,162.0425387207469,0.0,N
1319516,1414194814,758017191,2026-01-19,Bizerte,0.0,50.08192413515937,N
1559290,1401661200,758017196,2026-01-17,El Jem,87.44891334590534,0.0,N
1740068,1401952758,758017203,2026-01-19,Sousse 2,2872.450304510465,0.0,N
1551972,1401714900,758017204,2026-01-12,Sousse 3,1339.6296410795437,0.0,N
14007546,1415415326,758017207,2025-12-16,Mahdia,3528.465390917241,173.12270071413116,N
1397172,1414113512,758017214,2026-01-09,Sfax 3,2470.399109654682,0.0,N
1295476,1401335338,758017215,2026-01-16,Testour,102.15661421461033,0.0,N
1589016,1401779332,758017217,2025-09-06,Chebba,2249.2744303954,0.0,N
1371414,1401391352,758017758,2025-12-23,Menzel Bourguiba,34.00624478313291,0.0,N
1269472,1414093534,758017219,2025-10-17,Grombalia,516.5959748972084,0.0,N
1319754,1415554096,758017221,2026-01-18,Bizerte,69.55822796549913,0.0,N
1549320,1401487558,758017222,2025-12-24,Sfax 2,60.28379757009924,0.0,N
1711696,1415415514,758017228,2026-01-17,Sousse 2,62.908461371997404,0.0,N
1592956,1401950606,758017234,2026-01-18,Ghardimaou,105.65863913191332,0.0,N
1495986,1401613720,758017235,2026-01-17,Boussalem,22.25863294895972,0.0,N
1779300,1414133606,758017241,2026-01-19,Soukra,278.2329118619965,0.0,N
811894,1401007288,758017245,2026-01-17,Boussalem,111.2931647447986,0.0,N
1546994,1401736912,758017248,2026-01-18,Ennasr,41.734936779299474,0.0,N
1301272,1401501272,758017249,2026-01-18,Djerba 1,49.46362877546604,0.0,N
1213952,1415413212,758017250,2026-01-18,La Goulette,111.2931647447986,0.0,N
1546930,1414192974,758017256,2026-01-18,Bizerte,100.16384827031874,0.0,N
1591860,1401795172,758017257,2026-01-08,Ghardimaou,187.89995981080162,0.0,N
14015596,1415549394,758017259,2026-01-10,Raoued,316.38173555507467,0.0,N
1773314,1414107320,758017260,2026-01-06,Hammamet 2,289.8349151389619,0.0,N
1795774,1414173358,758017266,2025-12-18,Ezzahrouni,938.8663554580023,0.0,N
1555260,1400155260,758017272,2026-01-07,Mutuelleville,108.20168794633197,0.0,N
1777260,1414186752,758017273,2026-01-08,Sidi Hessine,1079.8265681516061,0.0,N
1128740,1414154808,758017275,2026-01-09,Chebba,204.65576405849075,0.0,N
1290754,1401893156,758017276,2026-01-07,Bizerte,58.428911491019264,0.0,N
893528,1414135300,758017277,2026-01-07,Medjez El Bab,58.73744087550623,0.0,N
1391940,1401553492,758017279,2026-01-18,Djerba 1,125.20481033789842,0.0,N
1518954,1414197614,758017281,2026-01-03,Gabès 2,61.829535969332554,0.0,N
1527552,1400127552,758017282,2026-01-06,Boussalem,726.3424737997342,0.0,N
739996,1414155298,758017283,2026-01-19,Chebba,82.91340773487495,0.0,N
1813334,1414193274,758017288,2025-12-30,Zarzis 1,141.52409806164405,0.0,N
1353340,1415401126,758017289,2026-01-12,Jendouba,3563.979967230346,0.0,N
1531352,1401529928,758017291,2026-01-10,Sfax 5,61.829535969332554,0.0,N
14009534,1415417914,758017293,2026-01-17,Ariana,80.16415741799858,0.0,N
1808918,1414193732,758017294,2026-01-03,Monastir 1,430.24329922403933,0.0,N
1499972,1401509492,758017297,2026-01-06,Testour,278.2329118619965,0.0,N
957134,1401129332,758017300,2026-01-06,Bizerte,663.1217732710917,0.0,N
1793994,1414146938,758017302,2025-12-14,La Goulette,58.738059170865924,0.0,N
1379912,1401413340,758017305,2026-01-18,Sousse 2,89.03422264815903,0.0,N
1557476,1401515532,758017307,2026-01-07,Gabès 4,75.27746004266238,0.0,N
1610734,1401816790,758017308,2026-01-12,Soukra,1538.987850496182,76.30877670263085,N
1706076,1401993932,758017324,2026-01-19,Bardo,71.01214950381798,0.0,N
1595558,1401767146,758017332,2026-01-11,Ghardimaou,131.6635236652549,0.0,N
1733390,1401900118,758017337,2026-01-19,Béja,309.14767984666275,0.0,N
1338686,1414178868,758017338,2026-01-17,Jendouba,117.47611834173185,0.0,N
1309538,1415406892,758017341,2026-01-19,Zarzis 1,83.34868766809906,0.0,N
1469516,1401574730,758017342,2026-01-19,Ghardimaou,61.489473521501225,0.0,N
880146,1401752732,758017346,2025-11-30,Bizerte,6401.157448913346,1398.893251306149,N
1290972,1415555272,758017351,2026-01-18,Ghardimaou,51.02822518317,0.0,N
1106712,1400909276,758017362,2026-01-18,Ezzahrouni,87.11719788542987,0.0,N
1593586,1401477354,758017363,2026-01-19,Ariana,87.11750703310972,0.0,N
1373214,1401473108,758017374,2026-01-19,Ain Zaghouan,85.46758586576809,0.0,N
1469360,1414149790,758017378,2025-08-11,Zarzis 1,5072.2165888645,132.8302470089962,N
1691816,1401967334,758017380,2026-01-19,Djerba 1,743.1910223513773,0.0,N
1749460,1414074808,758017384,2026-01-20,Soliman,95.72603332611989,0.0,N
1111554,1401977792,758017387,2026-01-19,Mahdia,73.21111695056729,0.0,N
1752728,1414133308,758017390,2026-01-19,Monastir 2,75.40111911460104,0.0,N
1113538,1400921674,758017391,2026-01-19,Sfax 5,43.04263146505086,0.0,N
1373550,1401573550,758017395,2026-01-19,Sousse 3,111.2931647447986,0.0,N
1615958,1401895292,758017396,2026-01-20,Boussalem,58.35935326305376,0.0,N
1558120,1415555134,758017397,2026-01-17,Chebba,1932.4849290506077,0.0,N
1813870,1414195060,758017399,2026-01-19,Ghardimaou,111.68269082140539,0.0,N
1560674,1400160674,758017400,2026-01-14,Medjez El Bab,87.11719788542987,0.0,N
1769578,1414112732,758017402,2026-01-06,Ettadhamen,864.9364701517916,0.0,T
1817274,1414199948,758017405,2026-01-19,Hammamet 1,110.16663059943735,0.0,N
1754928,1401939134,758017406,2025-11-30,Ariana,509.13098587195105,0.0,N
1267514,1415553152,758017408,2026-01-17,Kairouan 2,111.2931647447986,0.0,N
1411108,1401773094,758017410,2025-12-26,Chebba,197.85451510186417,0.0,N
1480952,1401593336,758017411,2026-01-20,Gabès 2,35.73716264259437,0.0,N
1391334,1401553332,758017413,2026-01-19,Djerba 1,60.96083098896343,0.0,N
1315718,1401536938,758017414,2026-01-20,Kairouan 1,231.76430580888493,0.0,N
1532974,1401975554,758017421,2026-01-17,Djerba 2,1532.8008779794109,0.0,N
1131534,1401874960,758017423,2026-01-20,Testour,259.68405107119673,0.0,N
1460992,1414148874,758017429,2026-01-17,Grombalia,77.90521532135902,0.0,N
1338932,1415419334,758017430,2026-01-17,Grombalia,97.38121000401893,0.0,N
1181492,1414089212,758017432,2026-01-20,Sfax 2,2967.8177265279623,0.0,N
1160106,1401674092,758017436,2026-01-19,Gabès 4,111.2931647447986,0.0,N
1759560,1414095590,758017439,2026-01-21,Bab Benat,139.11645593099826,0.0,N
14011296,1415541292,758017441,2026-01-21,Grombalia,0.0,463.72151976999413,N
1355152,1401134920,758017444,2026-01-21,Ain Zaghouan,52.97554641852413,0.0,N
1599326,1400199326,758017446,2026-01-20,Mahdia,138.23600333879494,0.0,N
908914,1400727178,758017448,2026-01-21,Béja,79.1711750703311,0.0,N
1753530,1401937518,758017451,2026-01-19,Djerba 2,139.11645593099826,0.0,N
1381548,1401935938,758017452,2026-01-20,M'saken,111.2931647447986,0.0,N
1415396,1414094798,758017454,2026-01-22,Zarzis 1,70.94784678640987,0.0,N
1394698,1401551348,758017455,2026-01-16,Bizerte,95.651219587597,0.0,N
1418132,1414015358,758017458,2026-01-21,Mahdia,147.1796457167589,0.0,N
1795270,1414175312,758017460,2026-01-20,Chebba,425.171422388475,0.0,N
1526696,1400126696,758017461,2026-01-08,Lac II,6567.000340062448,0.0,N
793694,1401577676,758017463,2026-01-21,Lac II,90.42569635514886,0.0,N
1794956,1414175078,758017464,2026-01-20,Mutuelleville,50.08192413515937,0.0,N
1715806,1414013358,758017468,2026-01-22,Béja II,109.90200018548862,0.0,N
1552150,1401481532,758017469,2026-01-22,Raoued,90.69805546109377,0.0,N
1675006,1414135468,758017473,2026-01-22,Medjez El Bab,98.90345317958389,0.0,N
670708,1415415532,758017475,2026-01-22,Sahloul,155.81043064271805,0.0,N
1535298,1400135298,758017478,2026-01-22,Mutuelleville,83.46987355859895,0.0,N
1531878,1401680750,758017479,2026-01-21,Bizerte,97.7123071691347,0.0,N
1686678,1401958166,758017480,2026-01-23,Medjez El Bab,139.11645593099826,0.0,N
1597396,1414157618,758017482,2026-01-20,Zarzis 1,175.0502364979751,0.0,N
1779296,1414131890,758017484,2026-01-22,Ain Zaghouan,278.2329118619965,0.0,N
1574720,1414176768,758017485,2026-01-22,Djerba 1,57.64985933780567,0.0,N
1261294,1401192158,758017487,2026-01-23,Medjez El Bab,33.38794942343958,0.0,N
1329954,1401529954,758017488,2026-01-23,Bizerte,137.73642068816275,0.0,N
1276130,1401747392,758017490,2026-01-23,Ariana,94.59919003307881,0.0,N
1219368,1401939978,758017492,2026-01-23,Gabès 4,70.89405509011655,0.0,N
955874,1401793412,758017496,2026-01-21,Sfax 5,52.86425325377933,0.0,N
1581286,1400181286,758017498,2026-01-21,Mutuelleville,118.5550437443967,0.0,N
14000930,1415414614,758017499,2026-01-21,Gabès 2,107.3141249574922,0.0,N
1170006,1401308970,758017501,2026-01-22,Bizerte,111.2931647447986,0.0,N
1368114,1414181170,758017502,2026-01-22,Sousse 3,302.9647262497295,0.0,N
1555686,1401700918,758017504,2026-01-21,Sfax 2,641.7921291000712,0.0,N
1386994,1414016152,758017510,2026-01-23,Soukra,87.11719788542987,0.0,N
969950,1401521328,758017511,2026-01-07,Ghardimaou,525.9507836893684,0.0,N
1613400,1401819390,758017516,2026-01-22,Béja,51.473088694469354,0.0,N
1418166,1401470166,758017517,2026-01-23,Soliman,21.624261909914367,0.0,N
1109272,1401751290,758017518,2025-12-27,Medjez El Bab,667.2080873033049,0.0,N
1715480,1414167474,758017519,2026-01-23,Soliman,33.96481899403345,0.0,N
14013468,1415409392,758017524,2026-01-22,Zarzis 1,3307.8801743592917,0.0,N
1661218,1401909352,758017526,2025-10-24,Djerba 2,8477.889448789687,481.2103131665997,N
1213530,1400877760,758017533,2025-10-12,Lac II,2862.4852381982873,0.0,N
1327110,1401555528,758017535,2026-01-22,Chebba,69.23826011685783,0.0,N
956132,1401957494,758017536,2026-01-23,Gabès 4,139.11645593099826,0.0,N
799734,1401335338,758017537,2026-01-18,Ghardimaou,107.97631928772375,0.0,N
1780786,1414136694,758017543,2025-10-31,Boussalem,244.2260487835039,0.0,N
1393128,1401547734,758017548,2026-01-23,Zarzis 1,80.16446656567842,0.0,N
1349594,1414115530,758017552,2026-01-21,Béja II,422.0762358178502,0.0,N
1140950,1400781530,758017553,2026-01-23,Ariana,77.31968961572944,0.0,N
1353508,1401553508,758017554,2025-10-11,Djerba 2,11544.036541255758,0.5679042878783195,N
1298726,1401275270,758017559,2026-01-21,Kairouan 2,58.738059170865924,0.0,N
1292752,1401391910,758017567,2026-01-18,Ariana,63.993569728259196,0.0,N
1751476,1414115272,758017568,2026-01-22,Djerba 2,51.667851732772746,0.0,N
1518958,1401736074,758017573,2026-01-21,Sfax 5,70.39694562092312,0.0,N
1489380,1401599352,758017574,2026-01-22,Hammamet 2,133.80189816675426,0.0,N
1590748,1400190748,758017576,2025-12-25,La Marsa,560.3765418740533,0.0,N
1781886,1414177090,758017579,2025-12-11,Ghardimaou,50550.00958357808,74646.3140322132,N
1336986,1401335412,758017581,2026-01-21,Sousse 3,70.72649704763967,0.0,N
1806748,1414195958,758017582,2025-10-20,Sousse 3,2649.8942714934924,618.2953596933255,N
1756086,1401861146,758017585,2026-01-22,Zarzis 1,139.11645593099826,0.0,N
734912,1401277534,758017587,2026-01-21,Chebba,1236.590719386651,0.0,N
1753128,1414193378,758017590,2025-10-08,Beni Khalled,1248.290722478128,0.0,T
1467148,1401367312,758017592,2026-01-22,Bizerte,62.215661421461036,0.0,N
1731866,1401891338,758017595,2026-01-23,Nabeul 2,560.732061705877,0.0,N
1721490,1414081172,758017596,2026-01-21,Soliman,78.60636225925124,0.0,N
1751192,1414089306,758017602,2026-01-19,Gabès 1,1509.8772683711009,0.0,N
755930,1401740894,758017603,2025-12-23,Soliman,148.97826691810678,0.0,N
1675574,1414193000,758017604,2026-01-22,Bizerte,5935.635453055925,0.0,N
1475908,1401577492,758017606,2026-01-20,Mutuelleville,266.97251677126167,0.0,N
1551528,1401714132,758017607,2026-01-23,Zarzis 1,52.55510557393267,0.0,N
892754,1401587394,758017610,2025-12-29,La Goulette,247.31814387733021,0.0,N
1329328,1401321568,758017616,2026-01-22,Sfax 2,80.82635174823014,0.0,N
1727176,1414155180,758017621,2026-01-19,Lac II,61.829535969332554,0.0,N
1358748,1414076936,758017627,2026-01-16,Lafayette,1305.1160849537825,0.0,N
1517206,1401811152,758017629,2026-01-20,Ettadhamen,368.59059572757906,0.0,N
1594618,1401993532,758017635,2026-01-21,Boussalem,499.2719572139611,0.0,N
1359348,1401915932,758017643,2026-01-15,La Marsa,111.2931647447986,0.0,N
1470994,1401815534,758017646,2026-01-22,Hammamet 1,111.2931647447986,0.0,N
1512908,1414075752,758017647,2026-01-24,Mutuelleville,104.72284910501747,0.0,N
1513514,1401749108,758017651,2025-12-01,La Goulette,114.04457909543389,0.0,N
1534992,1401480136,758017652,2026-01-21,Sousse 1,111.2931647447986,0.0,N
1274752,1401218100,758017654,2026-01-03,Ariana,444.97944167929023,0.0,N
1348774,1414113360,758017656,2026-01-24,Bizerte,115.88400779052154,0.0,N
1599292,1414112128,758017658,2025-09-13,Zarzis 1,1380.175286734473,4098.998052369617,N
1733526,1401893754,758017659,2025-12-25,Sfax 1,422.9588524438124,0.0,N
1375706,1401469396,758017661,2026-01-20,Bizerte,72.34055708411908,0.0,N
1377732,1401401974,758017663,2025-11-14,Djerba 2,117.78526602157851,0.0,N
1538894,1401931692,758017664,2026-01-21,Bizerte,97.7123071691347,0.0,N
1493538,1401593470,758017667,2026-01-02,Ghardimaou,255.35598355334344,0.0,N
1753540,1401935528,758017677,2026-01-24,Gabès 2,70.9493925248091,0.0,N
1381868,1401409314,758017679,2026-01-23,Testour,99.61418369555138,0.0,N
1786078,1414146992,758017680,2025-08-23,Ghardimaou,0.0,182.39713110953105,N
873616,1401936988,758017688,2025-10-14,Bizerte,593.97192939067,0.0,N
1813514,1414193554,758017689,2025-11-05,Djerba 2,60.28379757009924,0.0,N
1552112,1401481156,758017691,2026-01-23,Ain Zaghouan,71.5986026524871,0.0,N
1795766,1414173346,758017692,2026-01-12,Djerba 1,1239.0793582094168,0.0,N
1669358,1401932812,758017698,2026-01-23,M'saken,278.2329118619965,0.0,N
1597010,1401792018,758017700,2026-01-23,Béja,222.5863294895972,0.0,N
935370,1415553736,758017704,2026-01-20,Sousse 3,1445.6790428787833,0.0,N
733814,1401906794,758017713,2026-01-23,Bizerte,404.9927350295236,0.0,N
733814,1401906794,758017713,2026-01-23,Bizerte,531.1320988035985,0.0,N
931574,1401732992,758017714,2026-01-23,Moknine,111.2931647447986,0.0,N
1735106,1401896952,758017715,2026-01-22,Grombalia,69.55822796549913,0.0,N
1611814,1414155586,758017724,2026-01-13,Grombalia,1740.637462515844,0.0,N
1379158,1401413472,758017727,2026-01-10,Ghardimaou,979.1009985470059,0.0,N
1698730,1401981410,758017728,2025-12-29,Gabès 1,311.77419853464,0.0,N
1393334,1401593334,758017729,2026-01-23,Ezzahrouni,565.7303613936377,0.0,N
14007732,1415414740,758017730,2026-01-14,Hammamet 2,58.738059170865924,0.0,N
14013348,1415555354,758017731,2026-01-11,Ariana,8960.717840912605,1333.8998979812657,N
1131320,1414158954,758017737,2025-12-28,Mutuelleville,253.27232819117694,0.0,N
1395350,1414127968,758017742,2026-01-23,Hammamet 1,55.131851485454604,0.0,N
1760878,1414097952,758017747,2026-01-22,El Menzah,109.90200018548862,0.0,N
1693326,1414156936,758017749,2025-12-21,Enfidha,61.52038828948589,0.0,N
1807136,1414193556,758017750,2026-01-10,Gabès 1,616.1297801959996,0.0,N
1387378,1415414098,758017752,2026-01-03,Moknine,123.65907193866511,0.0,N
1614140,1401801108,758017754,2026-01-24,Mutuelleville,83.46987355859895,0.0,N
1334774,1401739354,758017755,2025-12-02,Bizerte,347.7911398274956,0.0,N
1331076,1401939350,758017758,2026-01-21,Sfax 5,822.1708350078833,0.0,N
1349298,1401533352,758017763,2026-01-16,Béja,57.19232077163261,0.0,N
1188174,1415401934,758017764,2025-11-04,Kairouan 2,3259.1866324543234,0.0,N
915952,1400929418,758017765,2026-01-23,Béja II,306.1724425758185,0.0,N
1727952,1401894860,758017768,2025-12-12,Béja,705.4542925155347,0.0,N
938974,1401337710,758017773,2025-12-06,Sousse 2,623.0253191949795,0.0,T
1695580,1401975492,758017775,2025-10-13,Gabès 3,185.48860790799765,0.0,N
1728732,1401893566,758017780,2026-01-19,Soliman,378.22703805607944,0.0,N
692932,1414090072,758017786,2026-01-20,Ghardimaou,335.5179769375831,0.0,T
1707310,1401995398,758017790,2026-01-10,Lac II,0.0,463.72151976999413,T
14010952,1415541270,758017792,2026-01-02,Monastir 1,61.829535969332554,0.0,N
1319346,1414137870,758017794,2026-01-17,El Jem,185.48860790799765,0.0,N
1792954,1414159480,758017796,2026-01-14,Bab Benat,8192.413515936563,0.0,N
1661334,1401908754,758017797,2026-01-16,Sfax 4,751.2288620273905,0.0,N
1793120,1414153112,758017798,2026-01-18,Hammamet 2,328.9671376016323,0.0,N
1141134,1401699760,758017800,2025-12-31,Kairouan 2,97.33700188580086,0.0,N
1615812,1401953328,758017808,2026-01-04,Kairouan 1,710.9002380437136,0.0,N
14007332,1415413330,758017814,2025-12-26,Enfidha,102.9984233468328,0.0,N
14001896,1415412188,758017815,2025-12-23,La Goulette,244.5036634000062,0.0,N
1758078,1414092728,758017831,2026-01-22,Grombalia,91.81686091445884,0.0,N
1769354,1415416758,758017835,2026-01-19,Djerba 2,136.173370018858,0.0,N
1719354,1414017792,758017845,2026-01-10,Mahdia,105.81599530095527,0.0,N
1329358,1401529358,758017849,2026-01-24,Béja,64.2718026401212,0.0,N
1619540,1401949672,758017851,2026-01-23,Grombalia,1170.657557115034,0.0,N
1132960,1401959388,758017852,2026-01-23,Gabès 2,66.76600612112406,0.0,N
1754198,1415553812,758017855,2026-01-18,Grombalia,0.0,5719.232077163261,N
1391072,1401895314,758017860,2026-01-24,Sfax 4,48.690759575849384,0.0,N
1172792,1401793926,758017866,2026-01-24,Béja,89.03453179583887,0.0,N
1747552,1414095550,758017872,2026-01-24,Sousse 3,90.7598849970631,0.0,N
1619312,1414069272,758017884,2025-12-29,La Marsa,82.31118805453366,0.0,N
1515170,1401747136,758017885,2026-01-24,Ariana,86.1288527529601,0.0,N
1321612,1401307174,758017886,2026-01-19,Sousse 2,529.7999814511393,0.0,N
1260160,1401460160,758017887,2026-01-24,Menzel Bourguiba,64.27211178780104,0.0,N
1469956,1401573532,758017891,2026-01-24,Zarzis 1,111.29285559711874,0.0,N
1496014,1400096014,758017896,2026-01-09,Mutuelleville,169.8250224132068,0.0,N
1714898,1414010920,758017903,2025-12-07,Zarzis 1,194.76303830339754,0.0,N
1313294,1401538126,758017905,2026-01-24,Ariana,67.5830834389588,0.0,N
1115114,1400932136,758017906,2026-01-21,Menzel Bourguiba,113.93668655516741,0.0,N
935718,1414146992,758017909,2026-01-25,Ezzahrouni,77.28691996166569,0.0,N
1678710,1401955736,758017917,2025-10-20,Mahdia,473.33446687482615,0.0,N
941352,1400693338,758017918,2026-01-24,La Goulette,111.2931647447986,0.0,N
986158,1414132014,758017921,2026-01-17,Grombalia,9041.703712863635,0.0,N
1468914,1401575734,758017923,2026-01-24,Lac II,46.37215197699941,0.0,N
1553912,1401393158,758017928,2025-10-31,Bizerte,92.74430395399882,0.0,N
1555988,1401914908,758017932,2026-01-19,Zarzis 1,806.2815717068044,283.30447954988097,N
1755278,1414073472,758017935,2026-01-18,Grombalia,55.6465823723993,0.0,N
1488866,1401949536,758017937,2026-01-16,Mahdia,780.9008563390732,0.0,N
1089406,1401354130,758017940,2026-01-19,Djerba 1,369.29390669923026,0.0,N
1532892,1401532988,758017943,2026-01-23,La Goulette,65.92697931802022,0.0,N
1151120,1400795532,758017944,2026-01-12,Lafayette,770.274213992024,0.0,N
1309926,1401532174,758017945,2026-01-22,Djerba 2,87.11719788542987,0.0,N
1408720,1401955326,758017947,2026-01-14,Mahdia,26.277552786966336,0.0,N
936166,1400679012,758017952,2026-01-12,Medjez El Bab,409.13036757659137,0.0,N
1789990,1414154172,758017953,2025-10-23,Djerba 1,938.4208736513433,0.0,N
1379496,1400754192,758017957,2025-11-21,Sousse 3,217.89686833400316,0.0,N
1775210,1414115328,758017959,2026-01-05,Zarzis 1,184.530250100473,0.0,N
1353612,1401553612,758017963,2026-01-24,Raoued,36.68902834884224,0.0,N
1151120,1401357352,758017967,2026-01-17,Ghardimaou,115.93037994249853,0.0,N
1757472,1401875790,758017970,2026-01-14,El Jem,353.65443472346743,0.0,N
1320878,1414153272,758017971,2026-01-12,L'Aouina,77.89748662936285,0.0,N
1777552,1414131548,758017974,2026-01-17,L'Aouina,586.5103409898909,0.0,N
1713380,1401990920,758017977,2026-01-18,Chebba,369.87912325717997,0.0,N
1346748,1401697546,758017979,2026-01-09,Bizerte,514.2946795684298,0.0,N
1813552,1414193492,758017983,2026-01-21,Lafayette,2987.907379355118,0.0,N
1813552,1414193492,758017983,2026-01-21,Lafayette,9274.430395399882,0.0,N
1075940,1401276728,758017986,2026-01-24,Sfax 5,94.07023835286117,0.0,N
1773812,1414135746,758017987,2026-01-24,Sousse 2,1823.9713110953103,0.0,N
14011394,1415540068,758017990,2026-01-24,Grombalia,386.74251089745576,0.0,N
1787570,1414147598,758017999,2026-01-17,Djerba 1,559.2370235261385,0.0,N
1471794,1401568954,758018000,2026-01-18,Sfax 4,70.9586669552045,0.0,N
1189738,1401891572,758018004,2026-01-26,Ghardimaou,111.2931647447986,0.0,N
1719274,1415419210,758018009,2026-01-19,Moknine,61.211240609639226,0.0,N
1579540,1414154732,758018014,2026-01-25,Djerba 1,41.09500108201688,0.0,N
1752708,1414069578,758018018,2026-01-18,Gabès 1,191.71175070331097,0.0,T
1293110,1400958998,758018020,2026-01-22,Gabès 4,298.5834853309426,0.0,N
954774,1400714150,758018021,2026-01-24,Bizerte,55.04930905493555,0.0,N
1153672,1401537938,758018022,2026-01-17,Boussalem,67.84956873898662,0.0,N
1375268,1401575268,758018029,2026-01-26,Jendouba,69.55822796549913,0.0,N
1789972,1414154130,758018032,2026-01-25,Zarzis 1,222.5863294895972,0.0,N
1353300,1415553560,758018034,2026-01-25,Chebba,22.25863294895972,0.0,N
1470740,1400070740,758018037,2026-01-24,Bizerte,455.17667789903237,0.0,N
1614714,1401955536,758018038,2026-01-18,Kairouan 2,149.47908615945838,0.0,N
1774108,1414101570,758018039,2026-01-25,Ghardimaou,111.2931647447986,0.0,N
1373876,1401287538,758018041,2025-12-29,Kairouan 2,154.57383992333138,0.0,N
1530894,1414120994,758018047,2026-01-25,Medjez El Bab,278.2329118619965,0.0,N
1795312,1414175476,758018048,2026-01-25,Sousse 3,100.52524190805948,0.0,N
1736152,1401898738,758018053,2026-01-26,Ghardimaou,111.2931647447986,0.0,N
1552930,1401551112,758018054,2026-01-24,La Marsa,336.4454199771231,0.0,N
966906,1400946934,758018055,2026-01-26,Ghardimaou,72.54954091569543,0.0,N
1733314,1415549956,758018061,2026-01-23,Chebba,55.6465823723993,0.0,N
939218,1400694958,758018065,2026-01-26,Ain Zaghouan,35.53034284477695,0.0,N
1619534,1401951566,758018067,2026-01-25,Sousse 3,111.2931647447986,0.0,N
1210936,1401099712,758018072,2026-01-05,Zarzis 1,6382.227099885616,511.766160694964,N
1527616,1414067376,758018075,2026-01-26,La Goulette,111.2931647447986,0.0,N
667514,1401121354,758018078,2026-01-26,El Menzah,430.729897672118,0.0,N
14015286,1415413274,758018083,2026-01-25,Zarzis 1,139.11645593099826,0.0,N
1327314,1401414686,758018085,2026-01-25,Ain Zaghouan,96.59226512505025,0.0,N
1418970,1401471728,758018088,2025-09-16,Sfax 5,2970.2463907008378,0.0,N
1774170,1415546094,758018090,2026-01-23,Zarzis 1,558.4752836429963,0.0,N
1781094,1414137352,758018091,2025-08-31,Ennasr,0.0,2877.149658391814,N
1293912,1414118768,758018095,2026-01-26,Bizerte,78.84038705289517,0.0,N
1393310,1401896152,758018099,2026-01-26,Medjez El Bab,133.55179769375832,0.0,N
1501206,1401735930,758018100,2026-01-25,Sousse 2,33.38794942343958,0.0,N
1675974,1401913872,758018101,2026-01-26,Ghardimaou,75.12288620273905,0.0,N
1541738,1401697700,758018102,2026-01-26,Jendouba,36.42068816273534,0.0,N
875270,1400606948,758018103,2026-01-25,La Goulette,33.90144371966488,0.0,N
1775126,1414114096,758018104,2026-01-26,Testour,76.85318576684082,0.0,N
1373752,1401395388,758018107,2026-01-24,Bizerte,65.92759761337992,0.0,N
1313574,1401290014,758018109,2026-01-26,Boussalem,102.64012118589051,0.0,N
1577414,1401756694,758018111,2026-01-25,Ain Zaghouan,44.469657155223054,0.0,N
1807136,1414193556,758018112,2026-01-20,Gabès 1,33.22100967632238,0.0,N
1277352,1401573090,758018114,2026-01-26,Chebba,78.17788357498378,0.0,N
1371212,1401571212,758018115,2026-01-26,Ain Zaghouan,50.231860759885,0.0,N
1173546,1414092614,758018117,2026-01-22,Raoued,4482.64135777661,0.0,T
1815670,1414179378,758018120,2026-01-03,Ariana,591.3995115466658,0.0,N
1336752,1401536752,758018121,2025-10-27,Chebba,4039.074720994219,0.0,N
1131280,1401331354,758018126,2026-01-16,Ain Zaghouan,1454.709864902464,0.0,N
1393926,1401561538,758018128,2026-01-26,Lac II,89.03453179583887,0.0,N
1141992,1401192916,758018129,2026-01-26,Chebba,74.19544316319906,0.0,N
1595330,1401767332,758018131,2026-01-26,Soukra,139.11645593099826,0.0,N
953332,1401337296,758018132,2026-01-27,Medjez El Bab,55.772714625776736,0.0,N
1559538,1400159538,758018133,2026-01-13,Bizerte,61.829535969332554,0.0,N
807600,1400879496,758018134,2026-01-13,Bizerte,333.64763347451077,0.0,N
1775768,1414115570,758018135,2026-01-23,Grombalia,65.7387083809936,0.0,N
1120730,1400935494,758018137,2025-10-25,Djerba 2,196.6040127368844,0.0,N
1781212,1414135948,758018140,2026-01-26,Mutuelleville,50.08223328283921,0.0,N
1797336,1414173772,758018142,2025-12-31,Testour,145.52045011902186,0.0,N
1806978,1414193532,758018145,2026-01-07,Gabès 1,97.38151915169877,0.0,T
1287786,1401934014,758018148,2026-01-25,Zarzis 1,108.20168794633197,0.0,N
1415336,1401698156,758018149,2025-12-28,Sfax 2,2239.3433703280057,0.0,N
1486812,1401595910,758018150,2026-01-11,Béja II,145.2994095279315,0.0,N
1552074,1401928078,758018151,2026-01-09,Kelibia,903.481930318113,0.0,N
1397566,1414167412,758018155,2025-08-05,Djerba 2,721.6180789563175,0.0,N
1337810,1401193940,758018159,2026-01-18,Ariana,144.70028132438867,0.0,N
1139870,1401737786,758018166,2026-01-12,Bizerte,1153.6717469935388,0.0,N
1475930,1414109390,758018168,2026-01-20,Monastir 2,1608.7253841159923,0.0,N
1754868,1414073014,758018170,2026-01-21,Lafayette,60.28379757009924,0.0,T
1217688,1414115138,758018177,2025-12-28,Gabès 2,60.43837141002257,0.0,N
1327558,1401773778,758018178,2026-01-09,Zarzis 1,60.59325439762575,0.0,N
1733388,1414121756,758018181,2025-12-28,Béja,95.83578075246545,0.0,N
1300712,1414116872,758018184,2025-10-24,Sfax 2,941.308622128791,0.0,T
1574176,1401753112,758018185,2026-01-25,Monastir 2,3029.6472624972953,0.0,N
1569332,1401753014,758018186,2026-01-19,Zarzis 1,931.2304077657898,0.0,N
966952,1400873278,758018191,2026-01-26,Zarzis 1,35.55198318236622,0.0,N
1309208,1401495754,758018192,2025-11-23,Gabès 4,543.3171546047547,0.0,N
1700708,1415555218,758018194,2026-01-23,Ain Zaghouan,930.5107119671068,0.0,T
1495692,1400095692,758018195,2026-01-02,Djerba 2,139.11645593099826,0.0,N
1793530,1414161554,758018199,2026-01-10,Ghardimaou,644.0476705722324,0.0,N
1731794,1414133574,758018203,2026-01-14,Mutuelleville,187.01085108356264,0.0,N
789414,1414146794,758018204,2026-01-26,Bizerte,47.299595016539406,0.0,N
1674690,1415413580,758018209,2025-12-15,Béja II,213.4046433981513,0.0,N
1467332,1401560732,758018214,2026-01-09,Sousse 1,760.2327882029246,0.0,N
1477954,1401748666,758018215,2026-01-22,Ariana,446.0042662379819,0.0,N
977514,1401950670,758018220,2026-01-23,Djerba 1,46.37215197699941,0.0,N
1732616,1401877158,758018222,2026-01-21,Bizerte,351.73184530250103,0.0,N
1292932,1401997412,758018225,2026-01-26,La Goulette,139.11645593099826,0.0,N
14001474,1415401392,758018231,2025-12-28,Monastir 2,154.57383992333138,0.0,N
1341972,1401120908,758018232,2025-12-27,Menzel Bourguiba,367.7466225615977,0.0,T
1601554,1401913466,758018233,2026-01-27,Mutuelleville,83.46987355859895,0.0,N
1191572,1401515928,758018235,2026-01-25,Zarzis 1,111.2931647447986,0.0,N
666108,1400861328,758018236,2026-01-06,Bizerte,304.23223173710085,0.0,N
1411892,1400671998,758018242,2026-01-27,Bizerte,41.71824280458775,0.0,N
1554094,1414131594,758018244,2026-01-21,Kairouan 1,203.1409404272421,0.0,N
1807594,1414195134,758018245,2026-01-02,El Jem,114.33826939128822,0.0,N
14009352,1415417716,758018247,2026-01-07,El Jem,1402.246267041766,0.0,N
777260,1401301358,758018248,2026-01-07,Bizerte,845.3686586082172,0.0,N
1769492,1414114910,758018250,2025-12-22,Sousse 2,190.1258231056976,0.0,N
1150892,1400795156,758018256,2026-01-16,Djerba 1,318.37913871456396,0.0,N
1167312,1401019092,758018257,2026-01-27,Gabès 4,39.43054997372245,0.0,N
1553748,1414140170,758018258,2026-01-10,Gabès 4,315.3924629795654,0.0,N
14007120,1415413520,758018259,2026-01-18,Bizerte,366.49550190125825,0.0,N
795546,1401307556,758018266,2026-01-25,Testour,58.738059170865924,0.0,N
14019294,1415555216,758018268,2026-01-19,Ain Zaghouan,130.30574705536836,0.0,N
1749518,1401927200,758018269,2025-12-10,Sfax 1,132.6738182829938,0.0,N
937570,1414193358,758018270,2025-10-25,Sousse 2,92.05428633258109,0.0,T
935390,1414139352,758018274,2026-01-26,Sousse 2,104.42019352644759,0.0,N
1773536,1414120610,758018277,2026-01-27,Gabès 2,136.94593007079482,0.0,N
1000812,1415546918,758018278,2026-01-27,El Kram,67.21488855226141,0.0,N
1295892,1401355260,758018286,2026-01-26,Zarzis 1,54.402881256376176,0.0,N
1729334,1401893758,758018293,2026-01-27,Ghardimaou,139.11645593099826,0.0,N
14011088,1415540952,758018296,2026-01-27,El Mechtel,111.2931647447986,0.0,N
1594788,1401991212,758018297,2026-01-27,Kelibia,84.66627507960553,0.0,N
1193406,1401970770,758018300,2026-01-25,Gabès 3,77.90521532135902,0.0,N
1113152,1400907414,758018301,2026-01-27,Soukra,55.727269916839276,0.0,N
1795090,1414175298,758018302,2026-01-27,Djerba 1,119.64046124833834,0.0,N
1331394,1401601472,758018306,2026-01-27,El Jem,145.09846353603118,0.0,N
1399134,1401557988,758018308,2026-01-12,Lac II,77.28691996166569,0.0,N
1729568,1414159780,758018309,2026-01-29,Bardo,111.2931647447986,0.0,N
1793374,1414158920,758018311,2026-01-26,Zarzis 1,205.3358889541534,0.0,N
1526672,1415407328,758018314,2026-01-28,Lac II,83.46987355859895,0.0,N
14011714,1415554134,758018316,2026-01-29,Ariana,89.39623458125948,0.0,N
1694178,1401971466,758018317,2026-01-30,Bizerte,26.487773209262066,0.0,N
1694814,1401951294,758018321,2026-01-27,Kairouan 2,2588.38686740656,0.0,N
933968,1401937306,758018326,2026-01-29,Jendouba,97.7123071691347,0.0,N
1797410,1414167468,758018327,2026-01-30,Gabès 1,278.2329118619965,0.0,N
1356094,1401556094,758018331,2026-01-29,Zarzis 1,20.233097350604385,0.0,N
1699690,1401981968,758018337,2026-01-30,Gabès 2,22.25863294895972,0.0,N
1535566,1401513272,758018338,2026-01-29,Ghardimaou,111.2931647447986,0.0,N
1587386,1400187386,758018340,2026-01-29,El Jem,105.72850650755866,0.0,N
1175554,1401153470,758018342,2026-01-29,Zarzis 1,97.90088725384116,0.0,N
1721488,1401869070,758018345,2026-01-30,Ghardimaou,75.86051256685319,0.0,N
1514968,1401786736,758018350,2026-01-20,Gabès 4,171.909296070733,0.0,N
1295334,1414135558,758018354,2026-01-29,Sfax 2,111.2931647447986,0.0,N
1533552,1401534074,758018355,2026-01-29,La Goulette,93.73914118774539,0.0,N
1735936,1414132156,758018357,2026-01-29,Bizerte,139.11645593099826,0.0,N
1290950,1401490950,758018360,2026-01-20,Bizerte,3820.3035830216095,0.0,N
1595100,1400195100,758018363,2026-01-27,Ennasr,5557.994559000835,299.8732494512629,N
1373932,1414191754,758018367,2026-01-29,Soliman,55.090116548675304,0.0,N
1548810,1401552734,758018369,2026-01-29,Gabès 1,101.77450768231985,0.0,N
1534766,1400933214,758018372,2026-01-27,Soukra,195.415339907874,0.0,N
1146940,1401933540,758018377,2026-01-26,Sfax 4,5873.805917086593,0.0,N
1707272,1415549134,758018378,2026-01-30,El Kram,40.18919838006616,0.0,N
14007952,1415415352,758018380,2026-01-29,Raoued,139.11645593099826,0.0,N
1274016,1401216712,758018383,2026-01-30,Sfax 2,35.5300336970971,0.0,N
1078126,1400874778,758018384,2026-01-25,Medjez El Bab,368.318545769314,0.0,N
14001926,1415413558,758018385,2026-01-29,Sousse Erriadh,48.009088941787496,0.0,N
1612680,1401940188,758018388,2026-01-29,Ghardimaou,139.11645593099826,0.0,N
935754,1401297100,758018389,2026-01-30,Ennasr,111.2931647447986,0.0,N
14001896,1415412188,758018391,2025-10-18,La Goulette,58.738059170865924,0.0,N
1281126,1401740990,758018393,2026-01-06,Ezzahrouni,282.17454478004146,0.0,N
1773912,1414154920,758018394,2026-01-29,Ariana,111.2931647447986,0.0,N
1527148,1414096990,758018398,2026-01-29,Gabès 2,32.15630506693047,0.0,N
1351586,1415541594,758018399,2026-01-30,Lac II,166.9397471171979,0.0,N
1770914,1414117868,758018400,2026-01-29,Gabès 1,745.6125761276162,0.0,N
1567378,1414153512,758018405,2026-01-30,Enfidha,194.76303830339754,0.0,N
1593318,1401189798,758018412,2026-01-30,El Menzah,106.98333694005628,0.0,N
1141596,1401407076,758018414,2026-01-30,Sousse 2,111.2931647447986,0.0,N
1294676,1401267548,758018421,2026-01-22,Djerba 2,60.28379757009924,0.0,N
1774118,1414101200,758018429,2026-01-30,Gabès 2,75.86051256685319,0.0,N
1295754,1401721394,758018434,2025-12-02,Bizerte,1231.5673787368225,0.0,N
1567276,1401773112,758018436,2026-01-30,Nabeul 2,3810.5298791232576,0.0,N
1800718,1414173298,758018439,2026-01-31,Ariana,80.04358982285838,0.0,N
1807136,1414193556,758018440,2026-01-19,Gabès 1,0.0,194.84094351871892,N
1532732,1414136952,758018442,2026-01-15,Grombalia,835.7498376974681,0.0,N
1733212,1414126774,758018444,2025-09-22,Hammamet 1,111.2931647447986,0.0,N
1072750,1400920786,758018446,2026-01-30,Raoued,66.92027081336755,0.0,N
1381270,1401808016,758018450,2026-01-29,Zarzis 1,116.85782298203853,0.0,N
1812152,1414191750,758018451,2026-01-28,Grombalia,76.15234797662843,0.0,N
1579710,1414153514,758018452,2026-01-24,La Marsa,242.21720715986027,0.0,N
1291712,1401331352,758018453,2026-01-30,Sfax 4,97.38151915169877,0.0,N
1331992,1401531992,758018454,2026-01-30,Djerba 2,71.10365721705259,0.0,N
1720060,1401873538,758018455,2026-01-15,Les Berges du Lac,1301.7779083067983,0.0,N
1546098,1401712990,758018460,2026-01-30,Lac II,18.078028874393297,0.0,N
1549808,1401711350,758018461,2026-01-31,Ain Zaghouan,71.09098216217888,0.0,N
1272892,1401413396,758018463,2026-01-07,Djerba 2,1187.2986675734999,0.0,N
1553340,1401941138,758018464,2026-01-19,Bardo,10917.099576467679,227.36080625714905,N
1287276,1401079534,758018465,2026-01-31,Soukra,77.71323461217423,0.0,N
939532,1401753414,758018468,2026-01-29,Bizerte,47.586793211116955,0.0,N
1807136,1414193556,758018474,2026-01-30,Gabès 1,1156.038272482765,0.0,N
14006680,1415412772,758018477,2026-01-23,Lac II,462.99595016539405,0.0,N
1353976,1401553976,758018478,2026-01-29,La Marsa,111.2931647447986,0.0,N
14014706,1415413670,758018481,2026-01-30,Zarzis 1,7121.216805267877,0.0,N
1750132,1401997880,758018489,2026-01-30,Gabès 3,72.54954091569543,0.0,N
14007812,1415414940,758018491,2026-01-17,Béja,432.3421028225183,0.0,N
1174178,1401337554,758018494,2026-01-22,Lac II,6801.248956626581,0.0,N
1789356,1414151558,758018499,2026-01-31,Béja II,130.54688224564876,0.0,N
1135340,1401921572,758018502,2026-01-30,Lac II,330.78801743592913,0.0,N
1501694,1401893366,758018509,2026-01-30,Grombalia,983.7150276687174,0.0,N
1318914,1414191174,758018512,2026-01-29,Ennasr,1422.9310291526263,0.0,N
1557148,1401735946,758018518,2026-01-29,Chebba,139.11645593099826,0.0,N
1375492,1401379678,758018519,2026-01-31,Gabès 1,80.68754443997898,0.0,N
1813730,1414194680,758018523,2026-01-30,Kelibia,68.2449686215105,0.0,N
1537916,1401898172,758018525,2026-01-31,Bizerte,105.72850650755866,0.0,N
1414934,1414187536,758018526,2026-01-31,Jendouba,54.06003647942622,0.0,N
1732946,1414151500,758018528,2026-01-30,Nabeul 2,111.2931647447986,0.0,N
1500000,1414127312,758018531,2026-01-18,Djerba 1,106.32207005286426,0.0,N
1287554,1401335328,758018533,2026-02-01,Sousse 2,74.95656475098154,0.0,N
1341016,1401957500,758018536,2026-01-31,El Jem,139.11645593099826,0.0,N
1349136,1401955494,758018541,2026-01-31,Chebba,60.76297647386157,0.0,N
14018914,1415555134,758018545,2026-01-24,Menzel Temim,159.21105512103134,0.0,N
1614170,1401954672,758018547,2026-01-24,Lac II,94.5713667418926,0.0,N
1375660,1401575660,758018550,2026-01-25,Testour,178.85398955080842,0.0,N
1377506,1414061532,758018551,2026-01-25,Soukra,537.2980492781402,0.0,N
769926,1401989694,758018552,2026-01-25,Ariana,357.9930132624355,0.0,N
1392952,1401921498,758018553,2026-01-26,Ain Zaghouan,110.09367174699355,0.0,N
1755272,1414087460,758018554,2026-01-26,Béja II,109.7171298729403,0.0,N
1731334,1401887790,758018556,2026-02-01,Medjez El Bab,98.92725755093208,0.0,N
1795330,1414175534,758018558,2026-01-31,Sfax 3,111.2931647447986,0.0,N
1787714,1415413292,758018559,2026-01-26,Nabeul 2,58.738059170865924,0.0,N
1331414,1401531414,758018563,2026-01-31,Gabès 4,120.07141311404459,0.0,N
1327906,1401912738,758018567,2026-01-14,Ariana,8431.827990230933,0.0,N
1507206,1401007560,758018568,2026-01-30,Bizerte,42.59684051071197,0.0,N
1813576,1414193536,758018569,2026-01-25,Sidi Hessine,428.78783194732125,0.0,N
1386778,1401987076,758018572,2026-01-24,Bizerte,123.65907193866511,0.0,N
1592974,1401335154,758018574,2026-01-23,La Marsa,309.14767984666275,0.0,N
1067466,1400933520,758018575,2026-01-30,Djerba 1,63.993569728259196,0.0,N
1671354,1401927346,758018577,2026-01-31,Gabès 1,76.23365381642812,0.0,N
1170920,1401153814,758018582,2026-01-21,La Goulette,74.19544316319906,0.0,N
1127788,1401172934,758018583,2026-01-31,Jendouba,70.89343679475687,0.0,N
1752674,1414095598,758018584,2026-02-01,Raoued,178.31236281571708,0.0,N
1335466,1414097526,758018588,2026-01-29,Béja,92.55881534609084,0.0,N
1791872,1414157748,758018593,2026-01-31,Gabès 2,1256.5242526354841,0.0,N
1112666,1400913306,758018595,2026-01-31,Zarzis 1,254.58373264908647,0.0,N
1731276,1414135150,758018602,2026-01-24,Beni Khalled,185.48860790799765,0.0,N
1533408,1401975152,758018603,2026-01-24,Zarzis 1,222.5863294895972,0.0,N
1291394,1401690070,758018604,2026-01-25,Lac II,160.45537453241414,0.0,T
1299374,1401611516,758018607,2026-01-24,Ezzahrouni,129.84202553559837,0.0,N
1533186,1400133186,758018610,2026-01-31,Bizerte,69.90014529940953,0.0,N
1573966,1401152928,758018613,2026-01-25,Bizerte,92.74430395399882,0.0,N
1792660,1414153536,758018614,2026-01-31,Soliman,53.34559619130059,0.0,N
1157114,1401598694,758018616,2026-02-01,Lac II,30.605620304819613,0.0,N
1354814,1401373558,758018618,2026-01-26,Sfax 2,292.06448820601605,0.0,T
952740,1400699378,758018631,2026-01-31,El Menzah,96.28095341144466,0.0,N
1153146,1400977148,758018642,2026-02-02,Djerba 1,97.38182829937863,0.0,N
1373394,1401573394,758018646,2025-09-10,Bizerte,448.774229449408,0.0,N
1293768,1401554794,758018648,2026-01-25,Zarzis 1,54.100843973165986,0.0,N
1414932,1414109876,758018651,2026-01-30,Lac II,86.56135035706558,0.0,N
1747412,1401933574,758018652,2026-02-01,Djerba 1,111.2931647447986,0.0,N
1347692,1401547692,758018655,2026-01-30,Zarzis 1,111.2931647447986,0.0,N
1781334,1414137516,758018656,2026-02-02,Djerba 1,89.03453179583887,0.0,N
1720768,1414147328,758018657,2026-01-31,Menzel Temim,111.2931647447986,0.0,N
955894,1401947354,758018659,2026-02-01,Kairouan 2,123.65907193866511,0.0,N
1487692,1400087692,758018660,2026-01-23,La Marsa,132.77892849414167,0.0,N
1551874,1414153574,758018665,2025-12-08,Béja,417.3493677929947,0.0,N
1661358,1414175486,758018672,2026-02-01,Jendouba,354.41988437876773,0.0,N
1733374,1414151514,758018675,2026-01-29,Béja II,75.12288620273905,0.0,N
1486754,1415555574,758018679,2026-02-01,Sousse 2,139.11645593099826,0.0,N
997946,1401737974,758018683,2026-02-01,Sousse 2,91.81686091445884,0.0,N
1091468,1400895096,758018686,2026-01-19,Bizerte,94.29004235323214,0.0,N
1159396,1401521952,758018690,2026-02-01,Gabès 1,60.28379757009924,0.0,N
1535134,1401686096,758018691,2026-01-12,Gabès 2,955.2663307261879,0.0,T
1533314,1401533474,758018695,2026-01-30,Gabès 2,720.0259684051072,0.0,N
14013778,1415553872,758018697,2026-01-28,Djerba 1,191.48607289702292,0.0,N
995408,1400749340,758018698,2026-01-22,Ghardimaou,148.12316443565092,0.0,N
1301892,1401501892,758018702,2026-02-01,Ariana,66.77589884687916,0.0,N
1279926,1401417554,758018703,2026-02-02,Bizerte,67.11812532846942,0.0,N
1319212,1401898814,758018709,2025-12-28,Sousse 2,55.6465823723993,0.0,N
675552,1401371586,758018710,2025-09-10,Mutuelleville,1655.1460722787276,0.0,N
1566732,1400166732,758018711,2026-02-02,Mutuelleville,64.27149349244134,0.0,N
1721936,1414153296,758018712,2026-02-01,Beni Khalled,7776.609886542802,0.0,N
1335734,1401191956,758018713,2026-02-02,Ariana,97.38151915169877,0.0,N
1013668,1400772152,758018717,2026-01-30,Bizerte,111.2931647447986,0.0,N
1812890,1414193338,758018722,2026-01-30,Ain Zaghouan,57.65016848548552,0.0,N
1699214,1401979736,758018724,2025-12-16,Béja,5470.860357993013,0.0,N
1816900,1415400612,758018726,2026-02-02,Ain Zaghouan,49.37243020991128,0.0,N
1807136,1414193556,758018730,2026-01-30,Gabès 1,1884.4767675518597,0.0,N
1807136,1414193556,758018733,2026-01-09,Gabès 1,92.74430395399882,0.0,N
1500974,1414177172,758018734,2025-10-23,Zarzis 1,1653.4522521408478,0.0,N
1749268,1414077356,758018750,2026-01-26,Mutuelleville,3937.367298358426,0.0,N
1721618,1401871712,758018753,2025-11-05,Ain Zaghouan,1146.2404550653848,0.0,N
1187528,1401137956,758018761,2026-02-03,Gabès 2,61.211240609639226,0.0,N
974692,1414150888,758018762,2026-02-02,Sousse 3,49.88159643861873,0.0,N
1073336,1400921988,758018765,2026-02-01,Testour,276.26704176585156,0.0,N
1360660,1401513714,758018766,2026-01-25,Sfax 4,794.431631990602,0.0,N
921332,1401755946,758018768,2025-11-14,Djerba 2,418.66324543234305,0.0,N
1156876,1401533530,758018769,2026-02-02,M'saken,123.65907193866511,0.0,N
1499532,1414113590,758018771,2026-01-31,Chebba,62.60240516894921,0.0,N
1475338,1400075338,758018772,2026-01-29,La Marsa,451.5865458929731,0.0,N
1812172,1414191994,758018776,2026-01-30,Grombalia,111.2931647447986,0.0,N
1373554,1401395292,758018777,2026-02-02,Raoued,92.28398305870715,0.0,N
975472,1414086748,758018780,2026-01-25,Sousse 2,60.28379757009924,0.0,T
1498128,1414193514,758018784,2026-01-31,Ghardimaou,349.3368782267289,0.0,N
1213194,1401113466,758018785,2026-02-01,Zarzis 1,123.65907193866511,0.0,N
1333612,1414196614,758018794,2026-01-24,Béja,2661.143228120073,0.0,N
1554094,1400154094,758018795,2026-01-29,Ariana,75.86051256685319,0.0,N
1495558,1401587696,758018800,2026-02-02,Sousse 3,38.95260766067951,0.0,N
1573300,1401751698,758018803,2026-01-31,Monastir 1,411.5145144835688,0.0,N
1353778,1401127174,758018808,2026-02-02,Bizerte,28.886450057192324,0.0,N
1552734,1401715290,758018812,2025-08-15,Sfax 4,1176.9060500200947,0.0,N
1536812,1414093006,758018813,2026-02-03,Moknine,111.2931647447986,0.0,N
1588132,1401499132,758018815,2026-01-17,Bizerte,1296.324543234303,0.0,N
1328974,1401528974,758018822,2025-09-10,Zarzis 1,3039.4651745138653,0.0,N
1327018,1400950874,758018825,2026-02-03,Mahdia,297.5549510000928,0.0,N
1499972,1401509492,758018831,2026-01-26,Testour,369.6698302779238,0.0,N
1388158,1401751520,758018832,2026-01-24,Grombalia,188.58008470646428,0.0,N
1132932,1401817498,758018833,2026-02-01,Sousse 2,529.7094011809442,0.0,N
875114,1400607696,758018838,2026-01-30,Soukra,3049.253099205491,0.0,N
1291892,1401381112,758018839,2026-02-02,Sousse 3,139.11645593099826,0.0,N
1757694,1414181312,758018845,2026-02-03,Gabès 1,111.2931647447986,0.0,N
1732740,1401988734,758018848,2025-08-22,Djerba 1,6874.282931956596,333.8794942343958,N
1697746,1401978170,758018853,2026-02-03,Jendouba,49.970012675054875,0.0,N
1097188,1400891670,758018857,2026-02-03,Sfax 4,44.40597273317464,0.0,N
1311752,1401288720,758018859,2026-02-03,Testour,24.53736049710947,0.0,N
935416,1401372912,758018863,2026-02-01,Boussalem,105.95109283704826,0.0,N
1327494,1401995950,758018866,2026-01-27,Hammamet 2,61.211240609639226,0.0,N
1757596,1414091792,758018868,2026-02-03,Djerba 1,22.25832380127987,0.0,N
1768940,1414113954,758018871,2026-02-02,Testour,73.87331128079884,0.0,N
1527890,1414081208,758018877,2026-02-03,Nabeul 2,769.5913067672427,0.0,N
1214734,1401794726,758018879,2026-02-03,Sfax 1,44.51726589791944,0.0,N
1807136,1414193556,758018880,2026-02-03,Gabès 1,139.11645593099826,0.0,N
1687340,1414173358,758018885,2026-02-03,Sfax 4,111.2931647447986,0.0,N
1573530,1401952932,758018888,2026-02-02,Boussalem,139.11645593099826,0.0,N
796614,1415401610,758018891,2026-02-03,Chebba,1259.1585000154575,0.0,N
1539150,1401358766,758018896,2026-02-05,Zarzis 1,79.1711750703311,0.0,N
1391334,1401552732,758018897,2026-02-02,Chebba,70.23155161220515,0.0,N
1158734,1401015526,758018900,2026-02-03,Bizerte,151.14230067703343,0.0,N
1718132,1414017008,758018903,2026-02-05,Ain Zaghouan,18.97548458898816,0.0,N
1460718,1414135952,758018904,2026-02-05,Hammamet 1,93.9703836522707,0.0,N
1577190,1400177190,758018907,2026-02-03,Béja,61.158376356385446,0.0,N
1590114,1401781520,758018909,2026-02-03,Ghardimaou,111.2931647447986,0.0,N
1175606,1401012770,758018911,2026-01-25,Sousse 3,83.55674405663586,0.0,N
1392686,1401546974,758018914,2026-02-06,Ain Zaghouan,77.51568924475222,0.0,N
1661358,1414175486,758018920,2026-01-31,Jendouba,592.0753083748107,0.0,N
1335914,1401661134,758018922,2026-02-04,Ezzahrouni,53.97192939066993,0.0,N
1001172,1401341568,758018923,2026-02-05,Jendouba,79.35697282591894,0.0,N
1520936,1401739954,758018924,2026-02-05,El Jem,61.211240609639226,0.0,N
1328728,1401711120,758018926,2026-02-05,Lac II,86.25220267721892,0.0,N
1526712,1414159460,758018927,2026-02-04,Ettadhamen,92.74430395399882,0.0,N
1526712,1414159460,758018927,2026-02-04,Ettadhamen,234.23996042909698,0.0,N
1273592,1401473592,758018928,2026-02-06,Ariana,108.51083562617863,0.0,N
1275066,1401475066,758018929,2026-02-03,Lac II,102.01873434939871,0.0,N
14018794,1415554894,758018930,2026-02-06,Bizerte,39.55946455621851,0.0,N
1671514,1401929526,758018932,2026-02-06,Enfidha,619.8874702445358,0.0,N
1352932,1401552932,758018934,2026-02-02,Sousse 3,133.37372863016662,0.0,N
1578758,1414147550,758018936,2026-02-06,Chebba,269.8859245061366,0.0,N
1815130,1414197152,758018937,2026-02-05,M'saken,111.2931647447986,0.0,N
1731532,1401887572,758018939,2026-02-06,El Jem,111.2931647447986,0.0,N
1547332,1401713560,758018940,2026-02-05,Zarzis 1,123.59724240269577,0.0,N
1281346,1401971558,758018942,2026-02-05,Kairouan 2,75.27436856586392,0.0,N
1571726,1401749120,758018943,2026-02-03,Sousse 3,111.2931647447986,0.0,N
1719948,1414141492,758018945,2025-11-21,Sousse 2,616.1291619006399,0.0,T
1533732,1414018614,758018946,2026-02-01,Lafayette,24.73181438773302,0.0,N
1273914,1401473914,758018948,2026-02-02,Menzel Bourguiba,94.07085664822085,0.0,N
1335366,1414175612,758018949,2025-12-11,Ghardimaou,207.97848332148268,0.0,N
1555520,1401721066,758018950,2026-02-03,Bizerte,202.71864469657157,0.0,N
873394,1400612950,758018951,2026-02-04,Djerba 1,107.11688873775003,0.0,N
1089938,1414067794,758018956,2026-02-03,El Jem,653.7740748755681,0.0,N
1533192,1400799614,758018957,2025-10-13,Bizerte,77.28691996166569,0.0,N
1314938,1401514938,758018958,2026-02-05,Lac II,111.2931647447986,0.0,N
1532010,1414134148,758018960,2025-10-01,Djerba 1,876.5381642810771,0.0,N
1735954,1401933758,758018962,2026-02-05,El Kram,5210.065848455808,0.0,N
1753074,1414095130,758018964,2026-02-05,Lafayette,97.38151915169877,0.0,N
1738734,1414137316,758018966,2026-02-04,Zarzis 1,91.06841438155007,0.0,N
970194,1400721334,758018967,2026-01-29,Bizerte,1677.1712987294031,0.0,N
1329514,1401529514,758018968,2026-01-31,Djerba 1,0.0,463.72151976999413,N
1667356,1401918688,758018969,2026-02-06,Soukra,50.08192413515937,0.0,N
1293332,1401934920,758018974,2026-02-05,Sousse 2,47.299285868859556,0.0,N
1293474,1400680700,758018977,2026-02-05,Bizerte,111.2931647447986,0.0,N
1120734,1400808154,758018980,2026-02-05,Ezzahrouni,19.476303830339756,0.0,N
1509876,1400109876,758018988,2026-02-04,Gabès 3,74.98747951896621,0.0,N
1193290,1414018716,758018989,2026-02-05,Zarzis 1,139.11645593099826,0.0,N
1312172,1400992734,758018990,2026-01-20,Jendouba,319.264228521965,0.0,N
1813108,1414181060,758018992,2026-02-05,Sidi Hessine,0.0,59.01907441184654,N
1320714,1415555330,758018995,2026-02-04,Ain Zaghouan,129.19281540792036,0.0,N
1751772,1414167266,758018996,2026-02-05,Moknine,154.43781494419886,0.0,N
1375214,1414127530,758019001,2026-02-04,Boussalem,198.82214733978424,0.0,T
1694958,1401951330,758019007,2026-02-04,Sfax 4,1432.3096423161344,0.0,N
1687772,1414128010,758019009,2026-02-05,Grombalia,125.20481033789842,0.0,N
1507146,1414129272,758019011,2026-02-02,Grombalia,1872.3383930503603,0.0,N
1507146,1414129272,758019011,2026-02-02,Grombalia,2423.657835347946,0.0,N
1541586,1414172792,758019017,2026-02-04,Chebba,92.41506167496213,0.0,N
1213476,1401357468,758019018,2026-01-11,Lac II,126.52548922620336,0.0,N
1349908,1401549908,758019019,2025-09-12,La Marsa,179.30565431106442,0.0,T
1107070,1400910112,758019020,2026-01-14,Lac II,12304.252944631651,154.57383992333138,N
1133790,1400953288,758019021,2026-02-06,Sfax 2,69.55822796549913,0.0,N
1796166,1414173278,758019023,2026-01-30,Boussalem,513.7106996011995,0.0,N
1081954,1401066772,758019024,2026-02-06,Sfax 4,44.51726589791944,0.0,N
1556060,1414154090,758019027,2026-02-04,La Goulette,166.9397471171979,0.0,N
1740948,1401954112,758019033,2026-02-06,Sfax 4,60.96083098896343,0.0,N
1813748,1414181952,758019036,2026-02-07,Enfidha,111.2931647447986,0.0,N
1315772,1401774612,758019037,2026-01-23,Béja,170.98030729279378,0.0,N
727976,1414153554,758019039,2026-01-30,Hammamet 1,81.36303212044395,0.0,N
1810072,1414187672,758019040,2025-12-15,La Goulette,749.2194021083873,0.0,N
1307548,1401507548,758019043,2026-02-06,Bizerte,79.17148421801095,0.0,N
1601952,1401800752,758019045,2026-02-06,Ghardimaou,67.5824651435991,0.0,N
1578952,1401761338,758019046,2025-11-04,Djerba 2,6308.673756453458,0.0,T
1807136,1414193556,758019048,2026-02-06,Gabès 1,77.90521532135902,0.0,N
1398990,1401557928,758019050,2026-01-31,Zarzis 1,2750.4003462454016,0.0,N
894094,1401112746,758019052,2026-01-24,Boussalem,78.52938448696943,0.0,N
1611510,1401818192,758019053,2026-02-06,Bardo,102.01873434939871,0.0,N
1753326,1414097872,758019054,2026-02-06,Kairouan 2,86.72550777506416,0.0,N
1355350,1401413520,758019058,2026-02-06,Zarzis 1,61.16394101462269,0.0,N
1493108,1415553072,758019063,2026-01-11,La Marsa,170.03122391566453,0.0,N
1552792,1401714738,758019066,2026-02-06,Djerba 1,168.47002813243887,0.0,N
1355698,1414199294,758019067,2026-02-07,Soukra,72.34055708411908,0.0,N
1706134,1401993974,758019068,2026-02-06,Ennasr,66.9205799610474,0.0,N
1554738,1401719720,758019073,2026-01-27,Zarzis 1,204.03746869879743,0.0,N
1755466,1401958608,758019074,2026-02-06,Zarzis 1,66.77589884687916,0.0,N
1553812,1414156612,758019075,2026-02-06,Kairouan 2,111.2931647447986,0.0,N
954750,1401091386,758019076,2026-02-03,Sousse 3,93.90329860574397,0.0,N
1075912,1414139330,758019079,2026-02-06,La Goulette,111.2931647447986,0.0,N
1139416,1400968794,758019080,2026-02-06,Testour,732.8865118867284,0.0,N
1335728,1401311294,758019087,2026-02-05,Ghardimaou,108.20168794633197,0.0,N
1298874,1401917552,758019089,2026-02-04,Boussalem,1205.6759514019848,0.0,N
1017208,1401516150,758019090,2026-02-07,Jendouba,411.1664141960615,0.0,N
1713520,1414173532,758019096,2026-02-06,Moknine,66.25838563081584,0.0,N
1072614,1400934070,758019098,2026-02-06,Bizerte,111.2931647447986,0.0,N
732934,1401470878,758019105,2026-01-27,Ariana,3091.4767984666278,0.0,N
1292774,1401301554,758019106,2026-02-07,Bizerte,147.46344328685814,0.0,N
1752720,1401934772,758019112,2026-02-06,Sfax 4,80.68754443997898,0.0,N
1152060,1400975554,758019116,2026-02-07,Zarzis 1,111.2931647447986,0.0,N
1471552,1400071552,758019118,2026-01-29,Bizerte,1342.1498129656538,0.0,N
1201720,1401212166,758019119,2026-02-07,Djerba 1,800.2596840510712,0.0,N
769688,1401293412,758019125,2026-02-05,Ghardimaou,130.7385538071537,0.0,N
1341618,1401541618,758019128,2026-02-04,Djerba 1,3172.1643429066066,0.0,N
1559098,1414153132,758019129,2026-02-06,Soliman,53.07849259591307,0.0,N
1333072,1414189338,758019130,2026-02-07,Lac II,97.38151915169877,0.0,N
1815674,1414199554,758019132,2026-02-05,Béja,111.2931647447986,0.0,N
1793556,1414193166,758019133,2025-12-20,Lac II,60.592945249945906,0.0,N
1149886,1401407300,758019135,2026-02-07,Chebba,68.90716295174205,0.0,N
1814098,1414175736,758019145,2026-01-30,Djerba 2,197.18675611339538,0.0,N
1094612,1414134006,758019147,2026-02-07,Sfax 5,861.9405199863976,0.0,T
1411108,1401773094,758019149,2026-01-28,Chebba,1789.6710668686433,0.0,N
1172800,1401141368,758019159,2026-02-06,Sfax 2,84.1373233993879,0.0,N
1766738,1414109326,758019167,2025-10-03,Ghardimaou,6519.825949856247,195.6645129378304,N
1535172,1414152768,758019170,2026-02-05,Raoued,366.5777351840975,0.0,N
1694898,1414001086,758019172,2026-02-01,Zarzis 1,640.3848888614091,0.0,T
1179298,1414193552,758019174,2026-02-08,Ariana,79.8389340587999,0.0,N
1353592,1414152934,758019175,2026-02-06,La Marsa,115.93037994249853,0.0,N
1748126,1414075352,758019179,2026-02-07,Sidi Hessine,116.85782298203853,0.0,N
1208912,1401271330,758019181,2026-02-08,Zarzis 1,55.64410919096053,0.0,N
1526120,1401609612,758019183,2026-02-07,Ain Zaghouan,74.20471759359447,0.0,N
1777496,1415555280,758019191,2026-02-07,Sidi Hessine,66.77589884687916,0.0,N
1355308,1401978118,758019192,2026-01-30,Djerba 2,152.40980616440476,0.0,N
1075618,1414099672,758019193,2026-02-04,Bardo,510.64611865087954,0.0,N
1775308,1414133128,758019197,2025-11-26,Chebba,129.84202553559837,0.0,N
1157950,1414152794,758019201,2026-02-08,Chebba,105.72850650755866,0.0,N
1371318,1401872952,758019202,2025-12-27,Bizerte,356.435527251368,0.0,N
1292612,1415412934,758019204,2026-02-08,Medjez El Bab,92.41537082264198,0.0,N
1477474,1414129154,758019208,2025-12-18,Mahdia,1204.9268865737163,0.0,N
961800,1401739990,758019211,2026-01-20,Soukra,139.11645593099826,0.0,N
1333076,1401973214,758019212,2026-02-04,Zarzis 1,436.5517667789903,0.0,N
1773552,1414120792,758019217,2026-02-07,Grombalia,100.03029647262498,0.0,N
1815400,1414197798,758019758,2026-02-07,Sfax 4,963.4284477694996,0.0,N
1759534,1401867680,758019233,2026-02-07,Chebba,111.2931647447986,0.0,N
1711876,1414012876,758019235,2026-02-08,Jendouba,772.8691996166569,0.0,N
1293728,1414148612,758019238,2026-02-04,Chebba,1723.009861810987,0.0,N
1497338,1400097338,758019241,2026-02-08,Ezzahrouni,94.73212353541287,0.0,N
1735372,1414130994,758019245,2026-02-08,Jendouba,33.874857019198075,0.0,N
1735554,1401895136,758019256,2026-02-08,Sousse 3,139.11645593099826,0.0,N
1773368,1414113096,758019258,2026-02-08,Ghardimaou,84.13794169474758,0.0,N
1616176,1401953866,758019262,2026-02-07,Gabès 2,60.45413794169475,0.0,N
1733366,1414158814,758019263,2026-02-08,Soliman,44.801063468018675,0.0,N
1393592,1414197512,758019264,2026-02-09,Medjez El Bab,69.90014529940953,0.0,N
1070990,1401491332,758019269,2025-12-02,Lac II,914.8965901010913,0.0,N
14019748,1415557294,758019270,2026-02-08,Lac II,190.58923547778775,0.0,N
1380934,1401552708,758019273,2026-02-09,Zarzis 1,102.22277181809751,0.0,N
1554794,1414154752,758019274,2026-02-08,Lac II,111.2931647447986,0.0,N
1101546,1401930154,758019276,2026-02-08,Ennasr,258.07091847775683,0.0,N
1532966,1414011320,758019285,2025-08-07,Monastir 2,3459.6302593749037,0.0,N
1521080,1400955534,758019286,2026-02-08,Lac II,69.55822796549913,0.0,N
1395336,1401477332,758019289,2026-02-08,Lac II,91.69165610412094,0.0,N
1807136,1414193556,758019291,2026-01-30,Gabès 1,399.8763409280614,0.0,N
1615896,1401953472,758019292,2025-12-12,Sousse 3,278.2329118619965,0.0,N
1671352,1401927574,758019294,2026-02-06,Béja,278.2329118619965,0.0,N
1548126,1401486936,758019295,2026-02-07,Sfax 5,0.0,1236.590719386651,N
1811948,1414191356,758019300,2026-01-31,Zarzis 1,1104.123102606115,0.0,T
1736876,1414173218,758019303,2026-02-07,El Kram,790.2151667851733,0.0,T
1737372,1414133270,758019310,2026-02-08,Ariana,71.61962469471668,0.0,N
867734,1414193466,758019313,2026-02-09,Ariana,111.2931647447986,0.0,N
1193156,1414073360,758019322,2026-02-09,Bardo,43.04263146505086,0.0,N
1149306,1400791950,758019333,2026-02-06,Jendouba,126.90512257705507,0.0,N
1599514,1400199514,758019337,2026-02-09,Sousse 3,38.95260766067951,0.0,N
1608934,1401813756,758019340,2026-02-09,Mahdia,111.2931647447986,0.0,N
1593372,1401955736,758019348,2026-02-09,Bizerte,5732.545521995858,0.0,N
1108172,1400913540,758019349,2026-02-10,Ain Zaghouan,111.2931647447986,0.0,N
1751396,1414080126,758019350,2026-01-28,Boussalem,574.0099545552911,0.0,T
1575494,1401735328,758019351,2026-02-07,Gabès 2,449.4324048598016,0.0,N
1219374,1401599134,758019352,2026-02-09,Zarzis 1,170.03122391566453,0.0,N
1528172,1401674132,758019354,2025-08-30,Ghardimaou,1243.2395585371132,234.48635112993477,N
1337296,1401299600,758019355,2026-02-10,Jendouba,52.69514947290321,0.0,N
1801514,1414174728,758019356,2026-02-08,Mutuelleville,224.90493708844716,0.0,N
1779560,1414134194,758019358,2025-09-14,Ariana,1277.5030141898785,0.0,N
14007912,1415415116,758019363,2026-01-24,Sfax 2,58.738059170865924,0.0,N
1753346,1401955814,758019369,2026-02-03,Testour,134.92874145979536,0.0,N
1337396,1401334710,758019371,2025-11-01,Bizerte,494.63628775466043,0.0,N
1531512,1401679954,758019375,2025-12-06,Gabès 2,365.2143939159737,0.0,N
1375588,1401575588,758019376,2026-02-09,Djerba 2,651.6545583825393,0.0,N
1492700,1401592128,758019381,2026-02-07,Ariana,100.33109716511578,0.0,N
1113130,1401075200,758019388,2026-02-08,Ezzahrouni,416.99601199493003,0.0,N
1691274,1401967520,758019389,2025-11-15,Gabès 4,98.92725755093208,0.0,N
1347460,1401179294,758019390,2026-02-03,Sousse 3,247.31814387733021,0.0,N
14011736,1415541926,758019395,2026-01-17,Ariana,146.53012644140105,0.0,N
1788112,1414150672,758019398,2026-02-04,Djerba 2,419.92178563699883,0.0,N
933372,1401395278,758019399,2026-02-08,Ghardimaou,89.03453179583887,0.0,N
1528716,1401675106,758019404,2026-02-09,Chebba,57.87244566729527,0.0,N
1201472,1414161200,758019405,2026-02-09,Medjez El Bab,797.7178718273719,0.0,N
14008728,1415417320,758019406,2026-02-09,Djerba 2,99.5096917797632,0.0,N
1269552,1401319158,758019410,2026-01-27,La Goulette,931.383126719634,0.0,N
767670,1401290070,758019411,2026-02-09,El Jem,111.2931647447986,0.0,N
1567474,1401209538,758019415,2026-02-10,Boussalem,99.32914953473275,0.0,N
1155556,1414119150,758019418,2026-01-28,Sousse 3,491.10087488793397,0.0,T
1769578,1414112732,758019420,2026-02-09,Ettadhamen,60.18177883574984,0.0,N
1392060,1401936116,758019427,2026-02-09,Béja,77.90521532135902,0.0,N
1296920,1401260138,758019429,2026-01-27,Ghardimaou,94.56827526509414,0.0,N
1613078,1401807372,758019430,2026-02-08,Sousse 2,555.4283241104276,0.0,N
1147292,1400791554,758019431,2026-01-26,Testour,88.1070887562989,0.0,N
1741016,1414061534,758019432,2026-02-05,Zarzis 1,2490.4590843045726,0.0,N
1313292,1401513292,758019433,2026-01-25,Bizerte,143.20276996321144,0.0,N
1289356,1401512938,758019434,2026-01-29,Bizerte,349.137168825548,0.0,N
1317354,1414133008,758019435,2026-02-09,Ariana,278.2329118619965,0.0,N
1534948,1401515412,758019438,2026-02-10,Sousse 2,105.95109283704826,0.0,N
1392614,1401950946,758019441,2026-02-09,Sfax 5,111.2931647447986,0.0,N
1293526,1414154614,758019443,2026-02-09,Ain Zaghouan,65.26478498778867,0.0,N
1272954,1414177728,758019454,2026-02-09,Zarzis 1,1022.3866200884163,0.0,N
1560114,1401729398,758019457,2026-02-07,Nabeul 2,71.61962469471668,0.0,N
1714980,1414073774,758019458,2026-02-03,Grombalia,536.3257798250224,0.0,N
1539600,1400139600,758019463,2026-02-10,Béja,60.03153306334436,0.0,N
1313068,1401997208,758019465,2026-02-11,Jendouba,31.180944137014254,0.0,N
1546732,1414151336,758019469,2026-02-10,Zarzis 1,141.05017466843913,0.0,N
1751480,1414137556,758019477,2026-02-06,Zarzis 1,618.8209107490649,0.0,N
1361210,1401752928,758019479,2026-02-11,Soukra,24.935233561072124,0.0,N
1555896,1401751730,758019481,2026-02-11,Soukra,200.3524283550252,0.0,N
1531392,1401679358,758019487,2026-02-13,Jendouba,127.18057315979844,0.0,N
1772114,1414121546,758019492,2026-02-12,Gabès 2,77.45478715182243,0.0,N
14014014,1415547510,758019499,2026-02-09,Bizerte,472.0870559866448,84.37876773734814,N
14014014,1415547510,758019499,2026-02-09,Bizerte,6554.054162673509,0.0,N
1815394,1414178074,758019502,2026-01-29,Chebba,101.40043898970539,0.0,N
1589986,1401567740,758019503,2026-02-12,Sousse 2,154.57383992333138,0.0,N
920954,1400661138,758019505,2026-02-12,Zarzis 1,118.8703743778403,0.0,N
950734,1415557308,758019511,2026-02-12,Djerba 1,51.02791603549016,0.0,N
1737206,1414129514,758019515,2026-02-11,Les Berges du Lac,74.13639595634835,0.0,N
1592918,1400874738,758019517,2026-02-02,La Marsa,283.8779484959966,0.0,N
1307188,1415555300,758019525,2026-01-30,Zarzis 1,452.2855287971064,0.0,T
1393132,1414172610,758019529,2026-02-01,Boussalem,154.51201038736204,0.0,N
1275528,1401995352,758019536,2026-01-28,Soliman,418.7699013818902,0.0,N
1488950,1400088950,758019538,2026-02-11,Gabès 4,90.7598849970631,0.0,N
1793130,1414153114,758019541,2026-01-28,Kairouan 2,151.48236312486475,0.0,N
1290712,1414121554,758019543,2026-01-30,M'saken,4946.362877546604,0.0,N
1573818,1401753332,758019544,2026-01-30,Kairouan 2,154.57383992333138,0.0,N
1691196,1414175338,758019545,2026-02-01,Bizerte,755.0721859832443,0.0,N
1394932,1401733592,758019549,2026-02-13,Chebba,92.74615884007791,0.0,N
1567178,1401741576,758019552,2026-01-20,Béja,483.4692552632393,0.0,N
1753530,1414191536,758019553,2026-02-12,Gabès 2,1705.3881349120477,0.0,N
999760,1401193086,758019558,2026-01-23,Menzel Bourguiba,232.1544501808514,0.0,N
1311572,1401292720,758019559,2026-02-11,Ain Zaghouan,78.76650075741182,0.0,N
1372948,1401395352,758019560,2026-01-06,Sfax 1,316.8207252604569,0.0,N
1595998,1400195998,758019562,2025-11-02,Bizerte,284.4158654589298,0.0,N
815814,1401328194,758019564,2026-02-13,Djerba 1,55.994373512226794,0.0,N
1749486,1415414788,758019566,2026-01-25,Bab Benat,77.28691996166569,0.0,N
1353712,1415415530,758019567,2026-02-13,M'saken,38.07617398831422,0.0,N
1759536,1414174618,758019572,2025-11-22,Sfax 5,275.5417813089313,0.0,N
1333114,1400955474,758019573,2026-02-13,Lac II,70.9493925248091,0.0,N
14007132,1415413614,758019574,2026-02-12,Ennasr,103.34126812378274,0.0,N
768966,1400817738,758019578,2026-02-12,Ain Zaghouan,79.46331962778619,0.0,N
973952,1401489272,758019588,2026-02-13,Béja,105.72850650755866,0.0,N
1758140,1414092612,758019591,2026-02-06,Teboulba,4750.292144557456,0.0,N
1114608,1401933212,758019594,2025-10-22,Mutuelleville,4074.9652208860175,0.0,N
1781350,1414137492,758019609,2026-02-11,Medjez El Bab,67.78031965870096,0.0,N
1495086,1414098708,758019615,2026-01-31,Ariana,908.2140538535259,0.0,N
1353392,1401553392,758019618,2025-11-09,Testour,167.6300738862955,0.0,N
1468994,1401575806,758019620,2026-02-02,Sfax 4,959.5943982440413,0.0,N
1373354,1401573354,758019621,2026-01-02,El Jem,1718.4128358116673,0.0,N
1533412,1401681120,758019622,2026-02-01,La Goulette,1524.3762945559095,0.0,T
1417788,1414199406,758019626,2026-02-01,Bizerte,375.70470213621047,0.0,N
1569872,1401138128,758019630,2026-02-14,Sousse 3,453.6031162086129,0.0,N
1739350,1414173352,758019632,2026-01-21,La Goulette,71.20691254212137,0.0,T
1771326,1414150732,758019635,2026-01-28,Sousse 3,382.30036788573904,0.0,N
1733152,1401892790,758019636,2026-02-05,Kelibia,514.5790954338888,0.0,N
1750668,1414078954,758019637,2026-02-03,Gabès 1,370.9772158159953,0.0,N
919660,1401753556,758019640,2026-02-09,Gabès 2,618.3667728073701,0.0,N
929954,1414001946,758019641,2026-02-11,Djerba 2,139.0941972980493,0.0,N
1341294,1401541294,758019642,2026-02-10,Chebba,20623.99233313754,0.0,N
1533752,1401535318,758019645,2026-02-10,Teboulba,97.38121000401893,0.0,N
690928,1401718754,758019646,2026-02-13,Bizerte,69.50227223544688,0.0,N
1493532,1401593534,758019647,2026-02-12,Ghardimaou,111.2931647447986,0.0,N
1334754,1401309132,758019648,2026-02-13,Djerba 1,73.87331128079884,0.0,N
1395266,1401595266,758019649,2026-02-12,Lac II,97.07237147185211,0.0,N
1510790,1401721538,758019653,2026-01-29,La Marsa,292.43237394503353,0.0,N
789120,1401314134,758019655,2026-02-13,Menzel Bourguiba,58.17850187034347,0.0,N
1139332,1401514914,758019658,2025-10-11,Zarzis 1,13313.927721272452,888.7306396265496,N
1753952,1414077414,758019659,2025-10-01,Beni Khalled,6832.163724611247,0.0,N
1535734,1401917366,758019665,2026-02-04,Jendouba,35.053637122453395,0.0,N
1331188,1401173958,758019666,2026-02-12,La Marsa,81.92413515936563,0.0,N
1571536,1401691352,758019667,2026-02-10,La Marsa,772.8691996166569,0.0,N
1768936,1414113730,758019682,2026-02-05,Sfax 3,11940.815840727117,350.3926175534053,T
1413514,1401949180,758019685,2025-10-05,El Jem,2156.357312888367,0.0,N
1609740,1401814998,758019690,2026-02-12,Sfax 4,50.08192413515937,0.0,N
1771672,1414119408,758019691,2026-02-13,Chebba,72.88032893313137,0.0,N
1352012,1401552012,758019692,2026-02-13,Jendouba,111.2931647447986,0.0,N
1170772,1401949380,758019695,2025-11-20,El Jem,14965.86855040653,2698.859245061366,T
1139060,1400953318,758019696,2026-02-14,Mutuelleville,55.6465823723993,0.0,N
1599130,1401995118,758019698,2026-02-13,Zarzis 1,86.45531270287817,0.0,N
1290728,1401992920,758019699,2026-02-13,Sousse 2,139.11645593099826,0.0,N
1675774,1401938000,758019706,2026-02-13,Gabès 1,133.55210684143816,0.0,N
1106786,1414075728,758019711,2026-02-14,Ariana,417.3493677929947,0.0,N
1275094,1401152980,758019712,2026-02-14,Soukra,66.92027081336755,0.0,N
1709214,1401999736,758019716,2026-02-13,Sfax 1,68.64005935635454,0.0,N
1759396,1401867554,758019725,2026-02-12,Sousse 2,70.56233962964109,0.0,N
1539540,1400933578,758019728,2026-01-24,Jendouba,855.8753516554859,0.0,N
1293134,1401473352,758019736,2026-02-14,Bizerte,50.42940612730702,0.0,N
1719274,1414154094,758019746,2026-02-12,Jendouba,953.6460877361116,0.0,N
1493586,1400707680,758019747,2026-01-20,La Marsa,58.738059170865924,0.0,N
1559552,1400797316,758019748,2026-02-13,Ariana,1394.1104275512414,0.0,T
1213494,1401413494,758019749,2026-02-12,Zarzis 1,58.428911491019264,0.0,N
1519080,1401737278,758019750,2026-01-16,Béja,88.1070887562989,0.0,N
1374116,1401396172,758019752,2026-02-13,Zarzis 1,216.40337589266395,0.0,N
1752954,1415520152,758019756,2026-02-13,Sousse 3,0.0,95.1556558568028,N
894770,1415554726,758019757,2026-02-14,Chebba,102.01687946331964,0.0,N
1699550,1401979494,758019772,2026-02-05,Djerba 2,508.604816520852,0.0,N
1358818,1401150694,758019773,2026-02-12,Ezzahrouni,617.4714811265342,0.0,N
1533538,1401666694,758019774,2026-02-15,Jendouba,94.07023835286117,0.0,N
952112,1401813352,758019775,2026-02-11,Raoued,403.9505982007605,0.0,N
1301492,1401273330,758019780,2026-02-14,Chebba,49.46362877546604,0.0,N
1717414,1414015758,758019786,2026-01-06,Grombalia,180.85139271029772,0.0,T
1320090,1401312616,758019798,2026-02-03,Ain Zaghouan,2215.820632516153,0.0,N
1133500,1400814148,758019799,2026-01-30,Ghardimaou,121.42084273657527,0.0,N
1726700,1414155554,758019801,2026-02-15,Gabès 2,111.2931647447986,0.0,N
1401398,1401473396,758019803,2026-02-14,Gabès 1,41.734936779299474,0.0,N
1593134,1400193134,758019805,2026-02-15,La Marsa,91.42177017961481,0.0,N
1353476,1401138772,758019806,2025-12-21,Zarzis 1,492.7829474139797,0.0,N
1540094,1401612748,758019807,2026-02-02,Sfax 2,947.7951587473336,0.0,N
815206,1414068752,758019810,2025-11-25,El Kram,212.2471944848054,0.0,N
1568754,1401752180,758019811,2026-02-12,Hammamet 1,64.9343061180326,0.0,N
1531088,1401529732,758019818,2025-09-26,Soliman,55.6465823723993,0.0,N
1770914,1414117868,758019819,2026-02-09,Gabès 1,3546.6905740872417,0.0,N
1789166,1414153354,758019822,2026-02-14,Soliman,87.3651343246669,0.0,N
1781088,1414137320,758019823,2025-11-13,Ain Zaghouan,1635.8660772250905,0.0,N
1535566,1401355146,758019829,2025-11-13,Bizerte,170.03122391566453,0.0,N
1354134,1414089920,758019843,2026-02-14,Menzel Bourguiba,111.2931647447986,0.0,N
1735732,1414147952,758019853,2026-02-15,Chebba,169.5607011469379,0.0,N
1761536,1414096740,758019859,2026-02-14,Béja II,52.86425325377933,0.0,N
1355926,1401959954,758019860,2026-01-30,Gabès 4,450.4244597644295,0.0,T
1527140,1401709288,758019861,2026-02-12,Ariana,108.96961078307108,0.0,N
1734112,1401894890,758019862,2026-01-05,Monastir 2,154.20286270751538,0.0,N
1715394,1414149272,758019868,2026-01-15,Ghardimaou,441.5036943147742,0.0,N
1797332,1415411120,758019869,2026-01-30,Teboulba,1183.0979688997434,0.0,N
1550870,1401491526,758019874,2026-02-14,Djerba 1,47.7169443843324,0.0,N
14015380,1415559554,758019875,2026-02-14,Korba,98.04371348193033,0.0,N
1619552,1401951772,758019877,2026-02-13,Lac II,111.2931647447986,0.0,N
1595268,1401787612,758019883,2026-02-02,Zarzis 1,218.50372522954217,0.0,N
1795338,1414175940,758019886,2026-02-01,Sousse 1,330.78801743592913,0.0,N
1292920,1401357332,758019892,2026-02-14,Raoued,66.92027081336755,0.0,N
1793118,1414159758,758019898,2026-02-09,Zarzis 1,480.1681763378366,0.0,T
1807136,1414193556,758019899,2026-02-15,Gabès 1,256.852876619161,0.0,N
1326728,1401981360,758019902,2026-02-16,Bizerte,111.2931647447986,0.0,N
1734952,1414146178,758019905,2026-02-11,Les Berges du Lac,908.6746838964974,0.0,N
1693554,1414139778,758019908,2026-02-10,Djerba 1,71.10396636473244,0.0,T
1019340,1401413146,758019909,2026-01-31,Djerba 2,77.28691996166569,0.0,N
1135394,1400960972,758019910,2026-01-04,Ain Zaghouan,224.5308683958327,0.0,N
1074178,1401678672,758019911,2025-10-26,Sousse 2,1138.173555507466,0.0,N
14015352,1415413146,758019913,2025-10-10,Djerba 2,2413.9221566142146,106.65594954709866,N
1129710,1400952174,758019914,2026-02-08,Bizerte,1004.6804958728785,0.0,N
1097972,1401755940,758019915,2026-02-15,Mutuelleville,69.55822796549913,0.0,N
14015132,1415549574,758019917,2026-02-16,Ain Zaghouan,50.08192413515937,0.0,N
1331418,1414191278,758019919,2026-01-04,Lac II,389.48465081769564,0.0,T
1359534,1414195196,758019927,2026-01-11,Sfax 2,265.86700466813,0.0,N
781330,1401313218,758019930,2026-01-18,Gabès 3,1253.5381951958452,0.0,N
917346,1414173486,758019937,2026-02-02,Ezzahrouni,55.6465823723993,0.0,N
1811156,1414189692,758019942,2026-02-14,Grombalia,90.42569635514886,0.0,N
1711554,1415551528,758019943,2026-02-09,Sfax 2,68.01248956626581,0.0,T
1551534,1401907594,758019945,2026-02-05,Grombalia,105.11021114786534,0.0,N
14014708,1415547696,758019948,2026-02-11,Zarzis 1,605.929452499459,0.0,N
1495318,1401589746,758019949,2025-10-25,Bizerte,210.22042229573069,0.0,N
1413574,1401548086,758019952,2026-02-10,Soukra,1268.865118867283,0.0,N
1513530,1400113530,758019955,2026-02-11,La Marsa,210.1165486753022,0.0,N
14013778,1415553872,758019956,2026-02-16,Djerba 1,139.11645593099826,0.0,N
1660996,1401908198,758019959,2026-02-15,Zarzis 1,27.82329118619965,0.0,N
1335098,1401535098,758019960,2026-01-24,Lac II,487.82267289083995,0.0,N
1346736,1415419354,758019965,2026-02-15,Ain Zaghouan,45.90843045722942,0.0,N
1201952,1401094918,758019967,2026-02-15,Zarzis 1,111.2931647447986,0.0,N
1535952,1401673898,758019968,2026-02-15,Gabès 1,111.2931647447986,0.0,N
1738948,1414119914,758019971,2026-02-12,Gabès 1,279.73536958605126,0.0,N
1753138,1401935768,758019974,2026-02-03,Bizerte,360.4661947012088,0.0,N
1695674,1401952954,758019977,2026-01-31,Djerba 1,61.829535969332554,0.0,N
1806746,1414195954,758019978,2026-02-04,Grombalia,22.86147092466071,0.0,N
1793214,1414155866,758019980,2026-02-14,Zarzis 1,48.82121989674468,0.0,N
1408950,1401731550,758019982,2026-01-25,Lac II,256.5925742727301,0.0,N
1756814,1414196198,758019983,2026-02-15,Zarzis 1,71.88703743778403,0.0,N
1413266,1414155412,758019984,2026-02-07,Raoued,326.05094753763876,0.0,N
1686152,1401957194,758019985,2026-02-16,Gabès 2,61.19609237332674,0.0,N
1573560,1401418190,758019986,2026-02-15,Ain Zaghouan,69.55822796549913,0.0,N
731748,1401539700,758019989,2026-02-14,Ariana,1154.1787491884875,0.0,T
1687568,1401959728,758019992,2026-02-15,Bizerte,84.14567038674375,0.0,N
795346,1401307292,758019995,2026-01-26,El Menzah,256.41203202769964,0.0,N
1813316,1414192612,758019998,2026-02-16,Zarzis 1,35.9473830648901,0.0,N
1807136,1414193556,758020001,2026-02-14,Gabès 1,340.06244783132905,0.0,N
1334132,1401572666,758020003,2026-02-16,Sousse 3,111.2931647447986,0.0,N
1518954,1414197614,758020006,2026-02-15,Gabès 2,1014.1181562432374,0.0,N
1667732,1414153092,758020009,2026-02-01,Bizerte,608.1117259714966,0.0,N
1687932,1401961534,758020012,2026-02-03,Djerba 2,139.11645593099826,0.0,N
1126014,1401415150,758020013,2026-02-15,Béja,123.65907193866511,0.0,N
1539012,1401954946,758020033,2026-02-16,Ghardimaou,81.92413515936563,0.0,N
1736120,1414135154,758020035,2026-02-16,Ghardimaou,108.51083562617863,0.0,N
1215390,1401695554,758020038,2026-02-16,Medjez El Bab,756.63307261879,0.0,N
1335614,1401159740,758020041,2026-02-14,Djerba 1,58.428911491019264,0.0,N
1201138,1401866892,758020042,2026-02-16,Raoued,91.42146103193497,0.0,N
919556,1401473472,758020043,2026-02-17,Ghardimaou,75.86051256685319,0.0,N
1600186,1415559292,758020044,2026-02-15,Djerba 1,52.683401861069036,0.0,N
807410,1414073350,758020052,2026-02-14,Sousse 3,275.9226512505024,0.0,N
1070152,1400929910,758020054,2026-02-16,Djerba 1,139.11645593099826,0.0,N
1387534,1400811534,758020056,2026-02-14,Ennasr,70.23155161220515,0.0,N
1172106,1401013576,758020058,2026-01-22,Kairouan 2,432.8067517853279,0.0,N
1300078,1414157416,758020060,2026-02-16,Chebba,66.9205799610474,0.0,N
1090152,1414091674,758020063,2026-02-17,Sousse 3,139.11645593099826,0.0,N
1067110,1401533492,758020066,2026-02-16,Bizerte,90.7598849970631,0.0,N
1557378,1401300150,758020069,2026-02-16,El Jem,111.2931647447986,0.0,N
14015494,1415407126,758020070,2026-02-17,Soukra,51.358704052926086,0.0,N
1315752,1401515752,758020071,2026-02-16,Zarzis 1,495.8555662039757,0.0,N
1713392,1414007954,758020072,2026-02-17,Bizerte,139.11645593099826,0.0,N
1355598,1401555598,758020074,2026-02-15,Bizerte,111.2931647447986,0.0,N
1377274,1401401158,758020080,2026-01-19,Sousse 3,367.8857390175287,0.0,N
1513294,1400113294,758020085,2026-02-17,Bizerte,66.77589884687916,0.0,N
1211192,1401955878,758020087,2026-01-07,Jendouba,331.06625034779114,0.0,N
1514118,1414187338,758020089,2026-02-16,Ezzouhour,0.0,111.2931647447986,N
876792,1414198890,758020091,2026-02-13,Testour,257.94354963366004,0.0,N
1061550,1415552006,758020093,2026-02-17,Gabès 2,89.03453179583887,0.0,N
1758810,1414095530,758020096,2026-01-23,Hammamet 2,400.54379076885033,0.0,N
1206666,1401351472,758020100,2026-02-17,Djerba 1,71.55594027266825,0.0,N
1350932,1401977350,758020101,2026-02-14,Lac II,108.30648900979999,0.0,N
1741372,1414075554,758020103,2026-02-10,Ariana,858.5327851114478,0.0,N
1327994,1414173296,758020107,2026-02-01,Lac II,409.62067579682815,0.0,N
1713474,1415413528,758020115,2026-02-15,Zarzis 1,97.38182829937863,0.0,N
1529736,1401676936,758020120,2025-12-04,La Marsa,225.67780628806383,0.0,N
1313594,1401274016,758020122,2026-02-16,Sousse 3,194.76303830339754,0.0,N
730758,1401917810,758020123,2026-02-15,Grombalia,213.7756206139673,0.0,N
1555294,1400155294,758020126,2026-02-17,La Marsa,83.46987355859895,0.0,N
1531372,1401939356,758020128,2026-01-30,Medjez El Bab,77.28691996166569,0.0,N
1498936,1400098936,758020130,2026-02-17,La Marsa,34.00624478313291,0.0,N
1794790,1414174776,758020131,2026-02-17,Sahloul,168.85955420904568,0.0,N
1554714,1415555120,758020132,2026-02-18,Boussalem,139.11645593099826,0.0,N
1533336,1400133336,758020134,2026-01-21,Bizerte,331.09716511577585,0.0,N
14015818,1415407770,758020136,2026-02-17,Moknine,107.3147432528519,0.0,N
1007334,1414159390,758020140,2026-02-17,Menzel Bourguiba,94.07085664822085,0.0,N
1535276,1401799532,758020151,2025-11-23,Mahdia,5621.983800661576,0.0,N
1310094,1401617376,758020155,2026-02-14,Lac II,989.7789594089097,0.0,N
1593386,1401761132,758020156,2026-02-10,La Marsa,379.65128141713296,0.0,N
1795894,1415541572,758020159,2026-02-19,Bab Benat,88.8471883018518,0.0,N
1295154,1401587068,758020162,2026-02-19,Zarzis 1,501.06284972331287,0.0,N
1697558,1414127366,758020163,2026-02-19,Sfax 2,139.11645593099826,0.0,N
1751792,1414135670,758020167,2026-02-19,Lafayette,4482.64135777661,0.0,N
1153392,1400993360,758020169,2026-02-16,Raoued,87.77939221566143,0.0,N
901594,1401017920,758020172,2026-02-20,Bizerte,134.3864964293443,0.0,N
1807136,1414193556,758020177,2026-01-23,Gabès 1,90.42569635514886,0.0,N
1335098,1401535098,758020179,2026-02-18,Lac II,109.96321142609825,0.0,N
1353912,1401372140,758020181,2026-01-15,Djerba 2,285.68769901381893,0.0,N
892614,1401798900,758020184,2026-02-15,Boussalem,71.58840077905215,0.0,N
1169366,1401932750,758020186,2026-02-18,Boussalem,7110.396636473243,0.0,N
1334126,1401895266,758020189,2026-02-18,La Goulette,59.36902958543296,0.0,N
1570810,1414121100,758020192,2026-02-19,Lac II,111.2931647447986,0.0,N
973494,1401952178,758020193,2026-02-19,Béja,29.57059387269299,0.0,N
1613014,1415535574,758020194,2026-02-19,Béja,1505.1915169876652,0.0,N
1333574,1401327394,758020198,2026-02-09,La Marsa,154.57383992333138,0.0,N
1733386,1415407332,758020200,2026-02-11,El Jem,1865.1163941014624,0.0,T
1155192,1400975492,758020201,2026-02-17,Bizerte,1238.3819210436827,0.0,N
1733538,1401895312,758020203,2026-02-16,Lac II,98.04371348193033,0.0,N
1800906,1414173748,758020204,2026-02-15,Zarzis 1,77.73765727888212,0.0,N
1353194,1415413148,758020205,2026-02-12,Boussalem,1406.0178687358953,0.0,N
1733418,1401891192,758020207,2026-02-20,Soukra,77.90521532135902,0.0,N
926974,1400717492,758020208,2026-02-09,Jendouba,1533.939778031966,0.0,N
14011552,1415419612,758020210,2026-02-19,Ain Zaghouan,68.64160509475377,0.0,N
1529596,1414133528,758020212,2026-02-19,Grombalia,40.70609330076978,0.0,N
1715716,1401989340,758020219,2026-02-20,Lac II,111.2931647447986,0.0,N
1555358,1400155358,758020227,2026-02-16,Gabès 3,278.2329118619965,0.0,N
1289272,1401788932,758020228,2026-02-19,Medjez El Bab,61.378180356756424,0.0,N
1795616,1414173500,758020231,2026-02-19,Soukra,61.29161900639936,0.0,N
1771606,1414119280,758020237,2026-02-18,Jendouba,50.08192413515937,0.0,N
1152114,1415521136,758020238,2026-02-17,Béja II,0.0,927.4430395399883,N
1573334,1401751730,758020239,2026-02-19,Raoued,35.19893653198133,0.0,N
1489334,1401993938,758020244,2025-10-20,Kairouan 2,7541.891674652982,0.0,N
1609498,1414193152,758020246,2026-02-18,Djerba 2,82.17794540451975,0.0,N
1189088,1401335678,758020248,2026-02-20,Testour,199.4620830370668,0.0,N
818610,1401531528,758020250,2026-02-09,Gabès 4,699.3242031718553,0.0,N
14015294,1415413272,758020252,2026-02-18,Gabès 3,111.2931647447986,0.0,N
1748734,1415555930,758020256,2026-02-18,Ghardimaou,87.44829505054565,0.0,N
1373326,1401892012,758020267,2026-02-19,Boussalem,927.4430395399883,0.0,N
1146692,1414001292,758020270,2026-02-19,Beni Khalled,218.1655176677899,0.0,N
1515312,1401729520,758020279,2026-02-20,Hammamet 1,117.28011871270907,0.0,N
1793176,1414153298,758020284,2026-02-18,Chebba,0.0,1452.6175534052618,N
1793176,1414153298,758020284,2026-02-18,Chebba,674.3747488175102,0.0,N
939394,1400694010,758020285,2026-02-21,Mutuelleville,55.8135221195165,0.0,N
1060978,1401749920,758020287,2026-02-20,Bizerte,443.00800692490805,0.0,N
1613934,1401954150,758020292,2026-02-20,Ain Zaghouan,54.66967570408384,0.0,N
672152,1414175746,758020302,2026-02-21,Zarzis 1,41.734936779299474,0.0,N
1132614,1401359532,758020304,2026-02-21,Lac II,63.60960830988964,0.0,N
1567700,1401113818,758020313,2026-02-20,Bizerte,90.75926670170341,0.0,N
1180976,1401892996,758020314,2026-02-20,Menzel Bourguiba,44.51726589791944,0.0,N
1538152,1401699772,758020315,2026-02-21,Chebba,87.82700095835781,0.0,N
1395394,1401595394,758020316,2026-02-20,Bizerte,51.02822518317,0.0,N
1008870,1401613952,758020317,2026-02-07,Ghardimaou,86.56135035706558,0.0,N
1571072,1414075952,758020320,2026-02-02,Kairouan 1,1518.983831576344,0.0,N
1747534,1414071154,758020321,2026-02-21,El Kram,104.05910903638669,0.0,N
1377732,1415551556,758020323,2026-02-11,Lac II,473.9499799054008,0.0,N
1173334,1401995332,758020325,2026-02-18,La Goulette,111.2931647447986,0.0,N
1788990,1414153414,758020327,2026-02-18,Zarzis 1,33.38794942343958,0.0,N
1151896,1400797336,758020331,2026-02-21,Jendouba,111.2931647447986,0.0,N
1353594,1401141188,758020333,2026-02-19,Soukra,232.46885337125545,0.0,N
1328738,1401528738,758020334,2026-02-21,Mutuelleville,69.05277150894983,0.0,N
1539954,1401547332,758020335,2026-02-21,Jendouba,111.2931647447986,0.0,N
14015012,1415549536,758020337,2026-02-18,Gabès 4,96.3879185086716,0.0,N
1286996,1414076194,758020340,2026-02-14,Ain Zaghouan,1009.2475345472533,0.0,T
1391350,1401591350,758020343,2026-02-17,Mahdia,77.28691996166569,0.0,N
1073552,1414089320,758020344,2026-02-07,Sfax 5,148.3052524190806,0.0,N
1692710,1401954734,758020345,2026-02-03,Kairouan 2,279.6889974340743,0.0,T
718692,1401375334,758020347,2026-02-20,Zarzis 1,123.65907193866511,0.0,N
1797988,1414169334,758020348,2026-02-01,Zarzis 1,59.28679630259375,0.0,N
1355526,1401555526,758020349,2026-02-21,El Jem,69.56904813429375,0.0,N
1551360,1415407408,758020351,2026-02-02,Sfax 3,589.3900516276626,0.0,N
1080714,1414066906,758020354,2026-02-21,Jendouba,60.139116455931,0.0,N
1795388,1415416156,758020356,2026-01-25,Sfax 4,324.37289393143107,0.0,N
793132,1401309360,758020363,2026-02-21,Lac II,90.7598849970631,0.0,N
1273554,1401331116,758020368,2026-02-20,Chebba,75.86020341917335,0.0,N
1095120,1400871346,758020369,2026-02-20,Sousse 3,73.87331128079884,0.0,N
14155586,1415532194,758020379,2026-02-21,Chebba,103.34126812378274,0.0,N
1094940,1401214016,758020382,2026-02-20,Béja II,111.2931647447986,0.0,N
1594788,1401952186,758020383,2026-02-21,Kelibia,83.46987355859895,0.0,N
1469280,1401573492,758020387,2026-02-20,El Menzah,98.04371348193033,0.0,N
1775200,1414132936,758020392,2026-02-18,Grombalia,610.5156583299843,0.0,N
14001496,1415415548,758020395,2026-02-18,Grombalia,147.15429560701148,0.0,N
769754,1401515080,758020404,2026-02-21,Chebba,162.69824094970167,0.0,N
1691472,1401998970,758020406,2026-02-22,Mahdia,32.11395183479148,0.0,N
1356970,1401371472,758020407,2026-02-22,Jendouba,134.49964448016817,0.0,N
1807136,1414193556,758020411,2026-02-19,Gabès 1,133.55179769375832,0.0,N
1613954,1414159510,758020420,2026-02-23,Gabès 2,62.53995733762019,0.0,N
1260712,1401153750,758020425,2026-02-22,Lac II,66.60895909976196,0.0,N
1586738,1400186738,758020432,2026-02-22,Zarzis 1,86.56135035706558,0.0,N
1576132,1401757312,758020435,2026-02-21,Kairouan 2,111.2931647447986,0.0,N
1509886,1401759776,758020440,2026-02-22,Djerba 2,19.476303830339756,0.0,N
1114152,1401129354,758020441,2026-02-21,Gabès 1,251.99091105821253,0.0,N
1301672,1401555500,758020448,2026-02-22,Zarzis 1,124.70831916406468,0.0,N
1735308,1414153488,758020450,2026-02-21,Lafayette,487.72250904256964,0.0,N
1799352,1414170792,758020451,2026-02-23,Gabès 2,97.38151915169877,0.0,N
1353912,1415417338,758020452,2026-02-23,Ghardimaou,72.5334652363434,0.0,N
1754814,1414175474,758020453,2026-02-16,Lafayette,179.30565431106442,0.0,N
1755488,1414087932,758020457,2026-02-21,Sfax 5,0.0,1236.590719386651,N
1559878,1414198670,758020462,2026-02-21,Bizerte,105.72850650755866,0.0,N
1727720,1401895294,758020464,2026-02-17,Gabès 4,94.07085664822085,0.0,N
1095536,1401550154,758020469,2026-02-23,Ain Zaghouan,427.6971589328222,0.0,N
1675352,1401910910,758020478,2026-02-21,La Goulette,96.65935017157697,0.0,N
1334948,1401309754,758020483,2026-02-22,Mahdia,111.2931647447986,0.0,N
1397566,1401553132,758020486,2026-02-23,Lac II,89.03453179583887,0.0,N
1741740,1414129294,758020487,2026-02-22,Mahdia,278.2329118619965,0.0,N
1335712,1401194194,758020489,2026-02-20,Djerba 2,50.08192413515937,0.0,N
1681796,1414136060,758020495,2026-02-22,Djerba 2,54.173184530250104,0.0,N
1352914,1414179280,758020501,2026-02-22,Djerba 1,2869.7134201007825,0.0,N
1533500,1401668940,758020504,2026-02-23,Les Berges du Lac,316.8893560453829,0.0,N
1311470,1401511470,758020505,2026-02-23,La Marsa,123.65907193866511,0.0,N
1369752,1415554074,758020507,2026-02-23,Gabès 1,64.92101276779918,0.0,N
1569294,1401755698,758020513,2026-02-18,Ariana,278.2329118619965,0.0,N
1313216,1401287960,758020516,2026-02-16,La Goulette,154.57383992333138,0.0,N
1295158,1415552738,758020517,2026-02-23,Chebba,67.91387145639473,0.0,N
1695566,1414088668,758020521,2026-02-17,Grombalia,1454.2306859987016,0.0,T
1356926,1414095126,758020523,2026-02-23,Ghardimaou,100.32151358704054,0.0,N
1486014,1401795614,758020528,2026-02-22,Soukra,87.11719788542987,0.0,N
1329298,1401755334,758020530,2026-02-24,Lac II,47.91789037623273,0.0,N
1161276,1401009372,758020532,2026-02-23,El Menzah,23.186075988499706,0.0,N
14017208,1415552158,758020540,2026-02-23,Ain Zaghouan,65.38473428756917,0.0,N
1319136,1401314716,758020542,2026-02-23,Mahdia,380.0361702785421,0.0,N
1575326,1401734880,758020545,2026-02-06,Gabès 3,706.9159427458497,0.0,T
1294128,1401293560,758020546,2026-02-24,Bizerte,206.81392401150032,0.0,N
1727790,1401916092,758020554,2026-02-12,Sousse 2,1032.7000958357808,0.0,N
1201318,1415409560,758020557,2026-02-17,Boussalem,212.07561752249052,0.0,N
14015134,1415549296,758020558,2026-02-08,Grombalia,269.7328964046125,0.0,N
14013874,1415546138,758020560,2026-02-08,Sousse 3,204.76520233715647,0.0,N
687136,1415553554,758020562,2026-02-10,Lac II,430.7506105666677,0.0,N
1207570,1401093166,758020565,2026-02-23,Soukra,94.73243268309272,0.0,N
1610988,1414013932,758020566,2026-02-07,Raoued,1420.2213497387702,0.0,T
746070,1401609774,758020569,2026-02-06,Korba,61.829535969332554,0.0,N
716714,1401128714,758020572,2026-02-24,Bizerte,105.72850650755866,0.0,N
1513756,1401726694,758020577,2026-02-17,Ariana,241.6375552601478,0.0,N
1395346,1401595346,758020578,2026-02-18,Lac II,194.02695767768265,0.0,N
1712186,1414013466,758020581,2026-02-24,Mutuelleville,107.35462330355212,0.0,N
1521296,1400121296,758020582,2026-02-23,Zarzis 1,139.11645593099826,0.0,N
1335332,1401473270,758020588,2026-02-23,Ezzahrouni,29.369029585432962,0.0,N
1809872,1414187354,758020590,2026-02-09,Hammamet 2,171.06686864315085,0.0,N
1793526,1414153980,758020591,2026-02-23,Mahdia,69.55822796549913,0.0,N
1791736,1414157552,758020592,2026-01-27,Sousse 1,1277.2535320122424,0.0,N
1487174,1414195536,758020596,2026-01-31,Teboulba,131.2115497573191,0.0,T
1391346,1401553292,758020597,2026-02-23,Zarzis 1,0.0,463.72151976999413,N
1211460,1401411460,758020600,2026-02-23,Ain Zaghouan,139.11645593099826,0.0,N
1754672,1414133354,758020603,2026-02-23,Lac II,55.6465823723993,0.0,N
1212010,1415411712,758020604,2026-01-22,Sfax 4,3868.3401861069033,0.0,T
1019218,1400779406,758020605,2025-12-14,Jendouba,1033.9413237703652,0.0,N
1121280,1400993300,758020606,2026-02-24,Moknine,41.734936779299474,0.0,N
1719756,1414140134,758020609,2026-02-16,Sousse Erriadh,387.07546294865057,0.0,N
1497130,1401615756,758020612,2026-02-24,El Jem,80.82697004358982,0.0,N
1551574,1401715520,758020616,2026-02-21,Teboulba,1462.0601601384983,0.0,N
14013154,1415553346,758020620,2026-02-23,Kelibia,54.422357560206514,0.0,N
1729260,1414159358,758020625,2026-02-21,Sousse 3,0.0,3525.167403468637,N
1511970,1400111970,758020626,2026-02-23,El Menzah,80.4955637307942,0.0,N
14015976,1415408060,758020636,2026-02-07,Beni Khalled,1201.9040405601756,0.0,N
955460,1401375726,758020641,2026-02-23,La Marsa,111.2931647447986,0.0,N
1689870,1401975880,758020647,2026-02-20,Grombalia,244.22666707886358,0.0,N
1217886,1414133180,758020656,2026-02-24,El Jem,8346.987355859896,0.0,N
1751350,1414195740,758020661,2026-02-22,Testour,105.04529013509755,0.0,N
14001706,1415415890,758020667,2026-02-24,Sfax 1,50.24886388227657,0.0,N
789938,1400691334,758020668,2026-02-24,Raoued,63.609299162209794,0.0,N
1091260,1400881478,758020670,2026-02-24,Sousse 1,139.11645593099826,0.0,N
1369340,1401335758,758020675,2026-02-17,Menzel Bourguiba,94.07085664822085,0.0,N
1536012,1401687776,758020678,2026-02-24,Chebba,51.358704052926086,0.0,N
1736932,1414133950,758020679,2026-02-23,Djerba 2,61.829535969332554,0.0,N
1373140,1401866160,758020685,2026-02-10,Boussalem,4033.608062571491,0.0,N
1697272,1414116690,758020687,2025-08-05,Gabès 3,347.7911398274956,0.0,N
1275748,1401595556,758020691,2026-02-11,Mahdia,6568.696633381767,14.79024329922404,N
1798114,1414168734,758020694,2026-02-10,Sousse 2,833.8189012891459,0.0,N
1290780,1401995314,758020697,2026-02-26,Bizerte,41.734936779299474,0.0,N
1073952,1401816954,758020703,2026-02-27,Gabès 2,98.77268371100875,0.0,N
14011148,1415540952,758020704,2026-02-08,Lac II,561.5210065848456,0.0,N
1726756,1401880734,758020708,2026-02-08,Zarzis 1,117.16697066188519,0.0,N
1489394,1400611574,758020710,2026-02-26,Ghardimaou,49.37212106223143,0.0,N
1386732,1401389796,758020711,2026-02-23,Sousse 2,137.57071753176493,0.0,T
1332096,1414195514,758020713,2026-02-26,Bizerte,111.2931647447986,0.0,N
1815866,1414178914,758020714,2026-02-27,Bizerte,108.97022907843078,0.0,N
1493534,1414193486,758020717,2026-02-24,Mutuelleville,86.25220267721892,0.0,N
1535696,1414127312,758020718,2026-02-05,Béja,194.61712059850993,0.0,N
1131288,1400941774,758020719,2026-02-09,Gabès 3,42.633938232293566,0.0,N
1569596,1401753732,758020721,2026-02-09,El Jem,695.10093671747,0.0,N
1308896,1401508896,758020723,2026-02-07,Djerba 2,172.65681516060224,0.0,N
1355156,1400870140,758020724,2026-02-27,Bizerte,60.68290722478128,0.0,N
14015948,1415549808,758020730,2026-02-26,Boussalem,111.2931647447986,0.0,N
1547788,1401893978,758020733,2026-02-26,Djerba 1,20.630970414567038,0.0,N
1373352,1401573352,758020734,2026-02-06,La Marsa,57.19232077163261,0.0,N
1339936,1401920010,758020735,2026-02-12,Jendouba,1589.0190744118465,0.0,T
1333174,1401611870,758020738,2026-02-26,Zarzis 1,300.7889448789687,0.0,T
1213934,1401413934,758020740,2026-02-25,Gabès 4,52.351995548273415,0.0,N
1546074,1401741738,758020746,2026-02-27,El Jem,111.2931647447986,0.0,N
1758932,1414095280,758020748,2026-02-26,Medjez El Bab,19.476612978019602,0.0,N
1689930,1401975980,758020750,2025-11-30,Hammamet 1,202.19031131171363,0.0,T
1329274,1401529274,758020751,2026-02-06,Lac II,148.39088632639812,0.0,N
1575326,1401615738,758020754,2026-02-11,Lac II,242.9885306210777,0.0,N
1756814,1401874600,758020755,2025-11-22,Hammamet 2,2350.711967106687,0.0,N
1393368,1401413400,758020756,2026-02-25,Lac II,67.9852845704393,0.0,N
1617480,1401948194,758020757,2026-02-26,Lafayette,110.5756329798745,0.0,N
1389990,1415555574,758020759,2026-02-12,Ariana,409.39530713821995,0.0,N
720172,1401559614,758020763,2026-02-24,Zarzis 1,496.87760843354874,0.0,N
1393388,1414112154,758020769,2026-02-26,Sousse 3,178.6372770272359,0.0,N
1006146,1400775394,758020770,2026-01-29,Djerba 1,1480.0902711225153,0.0,N
1680948,1401947886,758020773,2026-01-28,Zarzis 1,359.20363557671504,0.0,N
1757354,1401875612,758020774,2026-02-26,Gabès 1,139.11645593099826,0.0,N
1753500,1414081668,758020775,2025-11-10,Bizerte,1472.8713636504158,0.0,N
1720812,1401870170,758020777,2026-02-27,Djerba 1,66.20521222988222,0.0,N
1188176,1401138870,758020779,2025-11-08,Ain Zaghouan,547.3033047886976,0.0,N
1017540,1414153792,758020781,2026-02-26,Béja II,111.2931647447986,0.0,N
1487174,1414195536,758020782,2026-02-20,Teboulba,77.28691996166569,0.0,N
1214738,1401731510,758020783,2026-02-24,Soukra,172.9687451695675,0.0,T
1373720,1401573720,758020785,2026-02-24,La Marsa,123.65907193866511,0.0,N
948746,1401548750,758020786,2026-02-26,Sfax 1,96.05713049123567,0.0,N
1553366,1414153920,758020787,2026-02-20,Monastir 2,162.6546511268433,0.0,N
1197512,1414153386,758020789,2026-02-26,Bizerte,64.66318360280707,0.0,N
929180,1400671272,758020793,2026-02-26,Sousse 3,45.296008903453185,0.0,N
1115590,1414127694,758020796,2026-02-26,Béja,139.11645593099826,0.0,N
1673932,1415418172,758020797,2026-02-22,Monastir 1,301.71669706618854,0.0,N
795112,1414113974,758020799,2026-01-16,Djerba 1,60.28379757009924,0.0,N
1553338,1414120734,758020800,2026-02-02,Djerba 2,130.9685596809596,0.0,N
1675352,1401936930,758020808,2026-02-23,Zarzis 1,105.95109283704826,0.0,N
1746748,1401933512,758020809,2026-02-25,El Jem,219.49485269113057,0.0,N
1355274,1401555274,758020810,2026-01-26,Ezzahrouni,160.55553838068445,0.0,N
1278726,1401478726,758020811,2026-01-31,Bizerte,58.552570562957925,0.0,N
1414120,1401475138,758020814,2026-02-27,Lac II,100.16384827031874,0.0,N
1509354,1401333296,758020817,2026-02-03,Ariana,1199.4933069527315,0.0,N
1329546,1401529546,758020819,2026-02-25,Ain Zaghouan,309.14767984666275,0.0,N
1331540,1401356760,758020823,2026-01-27,El Jem,111.2931647447986,0.0,N
1717554,1414013574,758020824,2026-02-26,Ennasr,111.2931647447986,0.0,N
1489190,1414128872,758020826,2026-02-20,Ennasr,61.16888737750023,2130.6881627353387,N
1713694,1415555532,758020829,2026-02-26,Nabeul 2,245.9752063560763,0.0,N
1209512,1401409512,758020831,2026-02-26,Ain Zaghouan,35.19893653198133,0.0,N
1077120,1414157134,758020832,2025-10-11,Soukra,756.415432652178,0.0,N
1169286,1414135286,758020834,2026-02-27,Mutuelleville,111.2931647447986,0.0,N
1553320,1401715678,758020835,2026-02-26,Bizerte,111.2931647447986,0.0,N
1008956,1400767212,758020842,2026-02-18,Zarzis 1,432.8067517853279,0.0,N
1512134,1400112134,758020845,2026-02-26,Lac II,89.65251800785235,0.0,N
1740966,1401955572,758020849,2026-02-26,Kelibia,106.8497851423625,0.0,N
1260092,1401356752,758020852,2026-02-26,Boussalem,139.11645593099826,0.0,N
871556,1400615490,758020865,2026-02-24,Gabès 4,573.526447584011,0.0,N
1716098,1414180950,758020867,2026-02-27,Bizerte,1093.9873867746624,0.0,N
14015210,1415547112,758020869,2026-02-08,Les Berges du Lac,384.4127739821313,0.0,N
1572918,1414075390,758020873,2026-02-22,Bizerte,668.8413144959347,0.0,N
1351696,1401927474,758020876,2026-02-27,Lac II,66.92027081336755,0.0,N
1781118,1414137290,758020877,2026-02-23,Gabès 1,355.5198318236622,0.0,N
735910,1414179560,758020878,2026-02-28,Chebba,107.18088230747829,0.0,N
1132112,1401417688,758020879,2026-02-28,Gabès 1,72.34055708411908,0.0,N
14155160,1415535386,758020884,2026-02-19,El Jem,274.52313970383653,0.0,N
1133468,1400813374,758020886,2026-02-27,Bizerte,72.84137632547068,0.0,N
1378154,1401578154,758020887,2026-02-25,Menzel Bourguiba,189.73938850588928,0.0,T
1619334,1401951266,758020888,2026-02-27,Béja,102.94617738893871,0.0,N
1357312,1414132886,758020891,2025-12-12,Zarzis 1,4148.00507002195,0.0,N
1489510,1400089510,758020893,2026-02-16,Zarzis 1,124.26902031100258,0.0,N
1593550,1400193550,758020895,2026-02-27,La Goulette,111.2931647447986,0.0,N
1315814,1401929356,758020896,2026-02-27,Zarzis 1,123.65907193866511,0.0,N
879412,1401713466,758020898,2026-02-27,Ghardimaou,47.299595016539406,0.0,N
949492,1401171572,758020902,2026-02-27,Menzel Bourguiba,90.7598849970631,0.0,N
1801670,1414175148,758020909,2026-02-17,Lac II,1306.4605682134356,0.0,N
1486010,1401595330,758020910,2026-02-27,Les Berges du Lac,97.76424397934895,0.0,N
1417272,1401999536,758020912,2026-02-25,Raoued,111.2931647447986,0.0,N
14013758,1415553612,758020915,2026-02-28,Kelibia,159.21105512103134,0.0,N
1291312,1401491312,758020918,2026-02-26,Ariana,63.278201997094015,0.0,N
1738072,1414136088,758020919,2026-02-27,Ennasr,111.2931647447986,0.0,N
1792110,1414158154,758020920,2026-02-26,Grombalia,75.12288620273905,0.0,N
1337568,1401015398,758020922,2026-02-25,Djerba 2,120.56759514019848,0.0,N
1329398,1401529398,758020925,2026-02-18,La Marsa,247.21921661977927,0.0,N
1692156,1414121672,758020926,2026-02-24,Nabeul 2,1877.5200173122703,0.0,N
979130,1401414614,758020927,2026-02-28,Béja,111.2931647447986,0.0,N
14013330,1415553012,758020928,2026-02-14,Grombalia,738.4975422759453,0.0,N
1375588,1401575588,758020930,2026-01-30,Zarzis 1,252.6506322070053,0.0,N
1366814,1401613008,758020935,2026-02-18,El Menzah,607.2488947970446,0.0,N
1155112,1400975540,758020938,2026-02-28,Bizerte,78.04433177729001,0.0,N
1795350,1414175572,758020942,2026-02-24,Soliman,76.19130058428912,0.0,N
1469334,1401573552,758020944,2026-02-27,Ghardimaou,111.2931647447986,0.0,N
1300788,1401575386,758020945,2026-02-13,El Jem,529.7554641852413,0.0,N
1372160,1401572160,758020950,2026-02-28,Bizerte,80.19569048134294,0.0,N
1793118,1414159758,758020956,2026-02-25,Zarzis 1,152.9971867561134,0.0,N
1759214,1414093508,758020957,2026-02-27,Bizerte,58.428911491019264,0.0,N
1161558,1414153460,758020961,2026-02-28,Sahloul,166.9397471171979,0.0,N
1815674,1414179374,758020962,2026-02-28,Chebba,36.512814171329644,0.0,N
1773490,1414120714,758020963,2026-02-28,El Jem,59.04473366927382,0.0,N
1392660,1401413550,758020966,2026-02-27,El Menzah,52.86425325377933,0.0,N
1348932,1401559140,758020967,2026-02-28,Ghardimaou,25.040962067579684,0.0,N
1415336,1401698156,758020968,2026-02-20,Sfax 2,58.86171824280459,0.0,N
1572138,1400172138,758020971,2026-02-21,Mutuelleville,130.17899650663122,0.0,N
993598,1415527534,758020974,2026-02-28,Béja II,57.03774693170928,0.0,N
1690726,1414194610,758020980,2026-02-28,Lac II,278.2329118619965,0.0,N
1535534,1400975526,758020981,2026-02-27,Bizerte,99.32914953473275,0.0,N
1572176,1401737334,758020982,2026-02-27,Djerba 2,63.278201997094015,0.0,N
1695332,1415541318,758020984,2026-02-24,Djerba 1,1545.7383992333139,0.0,N
1807136,1414193556,758020985,2026-02-25,Gabès 1,139.11645593099826,0.0,N
1588734,1401778152,758020996,2026-02-18,Mahdia,897.8220545954803,0.0,N
14140874,1415558732,758021001,2026-02-20,Korba,632.0190434970785,0.0,N
1814098,1414175736,758021003,2026-02-03,Djerba 2,216.40337589266395,0.0,N
1758788,1414095416,758021004,2026-02-28,Ariana,55.090116548675304,0.0,N
1575514,1401735272,758021006,2026-02-28,Sousse 3,44.51726589791944,0.0,N
1131476,1400955336,758021007,2026-02-01,Mahdia,55.6465823723993,0.0,N
1807136,1414193556,758021010,2026-02-09,Gabès 1,1399.6812687420781,0.0,N
1395314,1401551350,758021012,2026-02-27,El Jem,52.86425325377933,0.0,N
1515558,1401530754,758021014,2026-02-27,Lac II,90.75957584938325,0.0,N
1354130,1414193986,758021016,2026-02-19,Boussalem,108.20168794633197,0.0,N
1554072,1400154072,758021017,2026-02-27,Bizerte,93.52366525489226,0.0,N
1117276,1401509930,758021018,2026-02-28,Djerba 2,111.2931647447986,0.0,N
1494894,1400094894,758021022,2026-02-28,Zarzis 1,50.08161498747952,0.0,N
1154950,1415521072,758021023,2026-02-22,Menzel Bourguiba,202.3371564596408,0.0,N
1073926,1401973296,758021024,2026-02-25,La Goulette,102.8070609330077,0.0,N
1529310,1401527590,758021026,2026-02-28,Sousse 2,382.2428664172876,0.0,T
1474912,1414113978,758021028,2026-02-28,Gabès 2,33.874857019198075,0.0,N
1339488,1401539488,758021030,2026-02-24,Gabès 3,248.78381302748323,0.0,N
1716876,1414015340,758021031,2026-02-18,Ariana,643.8566173060872,0.0,N
1801146,1414174074,758021033,2025-11-24,Moknine,527.5574241815316,0.0,N
1775150,1414114072,758021038,2026-02-28,El Jem,27.82329118619965,0.0,N
1534006,1400134006,758021040,2026-02-24,Gabès 3,111.2931647447986,0.0,N
1735350,1414129288,758021041,2026-02-10,Djerba 2,156.91037808761246,0.0,N
1333338,1401533338,758021042,2026-02-28,Zarzis 1,81.19392833956782,0.0,N
1189114,1401061354,758021046,2026-02-20,Gabès 3,55.6465823723993,0.0,T
1469290,1401573498,758021047,2026-02-27,Sousse 2,1210.3131665996848,0.0,N
1737156,1414094148,758021048,2026-02-28,Beni Khalled,0.0,1545.7383992333139,N
1737156,1414094148,758021048,2026-02-28,Beni Khalled,7048.808235694191,0.0,N
1088992,1400879608,758021052,2026-02-28,Medjez El Bab,111.2931647447986,0.0,N
816946,1415547328,758021053,2026-02-28,Zarzis 1,124.56858441277399,0.0,N
1740938,1414061274,758021055,2026-02-28,Ain Zaghouan,52.683401861069036,0.0,N
1014612,1400759392,758021056,2026-02-16,Bizerte,13.911645593099825,0.0,N
1553480,1415417556,758021061,2026-02-25,Bizerte,294.03344977895944,0.0,N
1531352,1401529928,758021063,2026-02-14,Sfax 5,678.167372553869,0.0,N
1201330,1401401330,758021065,2026-02-27,Sousse 2,92.94370420749993,0.0,N
1295312,1401337176,758021066,2026-02-21,La Goulette,724.3330138807308,0.0,N
1535814,1401516126,758021067,2026-03-01,Ennasr,69.23826011685783,0.0,N
1396952,1401995394,758021070,2026-02-13,Ariana,233.397223853835,0.0,N
1413556,1401529580,758021071,2026-02-28,Nabeul 1,98.58008470646428,0.0,N
1287320,1414094092,758021076,2026-02-27,Ariana,109.63180511330263,0.0,N
997272,1414126914,758021078,2026-02-26,Ariana,140.50762049030823,0.0,N
941392,1400693534,758021080,2026-02-28,Djerba 2,116.95984171638793,0.0,N
1132708,1401926672,758021082,2026-02-27,Djerba 2,210.22042229573069,0.0,N
1807136,1414193556,758021088,2026-02-28,Gabès 1,47.01579744644017,0.0,N
1327356,1401412134,758021089,2026-02-07,Mahdia,413.40155192135285,0.0,N
1789408,1414150874,758021092,2026-02-08,Gabès 4,8736.725816922744,0.0,N
1013208,1414107320,758021095,2026-02-28,Bizerte,109.26206448820602,0.0,N
1352872,1401992868,758021101,2026-02-24,Sousse 2,108.34915138961883,0.0,N
1674010,1415551514,758021103,2026-02-28,Zarzis 1,232.37023526138438,0.0,N
1567352,1401878768,758021108,2026-02-28,Bab Benat,94.52715862367454,0.0,N
14001600,1415415720,758021109,2026-03-01,Sahloul,93.90329860574397,0.0,N
1116896,1400927166,758021110,2026-02-27,Lac II,71.10396636473244,0.0,N
1598772,1414146126,758021115,2026-02-26,Sfax 4,111.2931647447986,0.0,N
1670130,1401927308,758021116,2026-02-25,Gabès 4,94.07085664822085,0.0,N
1575128,1401754758,758021120,2026-02-17,Jendouba,594.5620923114973,0.0,N
1695394,1401973530,758021125,2026-02-27,Grombalia,28.99217856369988,0.0,N
14012070,1415409552,758021126,2026-02-27,Menzel Temim,111.2931647447986,0.0,N
1348148,1401548148,758021129,2026-02-26,El Menzah,143.15670695891427,0.0,N
1501212,1400101212,758021135,2026-03-01,La Goulette,111.2931647447986,0.0,N
1181394,1415535554,758021137,2026-02-24,Menzel Bourguiba,340.0408074937398,0.0,N
1751214,1401930868,758021138,2026-02-15,Raoued,141.86787028163354,0.0,N
1261474,1401955900,758021142,2026-03-01,Sfax 4,111.2931647447986,0.0,N
909218,1415407930,758021144,2026-03-02,Raoued,66.92027081336755,0.0,N
1417672,1401933486,758021145,2026-02-19,Gabès 2,486.90759575849387,0.0,N
1751472,1414193308,758021150,2026-03-01,Jendouba,35.494172566234894,0.0,N
1353340,1415401126,758021153,2026-03-01,Jendouba,111.2931647447986,0.0,N
1719932,1414141314,758021156,2026-02-28,M'saken,104.00377160169414,0.0,N
1352792,1401686138,758021157,2026-02-20,El Menzah,415.8824620521223,0.0,N
768148,1401753148,758021162,2025-12-16,Gabès 3,409.14767984666275,0.0,T
1201356,1401112994,758021163,2026-03-01,Boussalem,36.42068816273534,0.0,N
1469940,1401915914,758021164,2026-03-01,Ariana,111.2931647447986,0.0,N
1174674,1414135574,758021165,2026-03-01,Ezzahrouni,130.8863263981204,0.0,N
1729552,1414159748,758021166,2026-03-01,Ain Zaghouan,69.23826011685783,0.0,N
1534134,1401341572,758021167,2026-02-13,Mahdia,1288.520419204254,0.0,N
1351930,1401551930,758021168,2025-12-03,Ariana,271.4641234117538,0.0,N
14009674,1415419576,758021169,2026-01-26,Jendouba,529.8482084891954,0.0,N
1151528,1401395912,758021172,2026-02-27,Lac II,111.2931647447986,0.0,N
1813554,1414193512,758021174,2026-03-01,Menzel Bourguiba,111.2931647447986,0.0,N
1373590,1401533592,758021176,2026-01-20,Gabès 4,46.37215197699941,0.0,T
1795788,1414154734,758021177,2026-03-01,Jendouba,41.98503725229543,0.0,N
799060,1401531348,758021182,2025-11-04,El Jem,206.01601384981606,0.0,N
1167386,1401933546,758021184,2026-03-01,Sfax 2,107.3141249574922,0.0,N
1689290,1414134928,758021185,2025-11-24,Mahdia,275.8524747271772,0.0,N
1715356,1401988778,758021188,2026-03-01,Boussalem,139.11645593099826,0.0,N
1174972,1401872152,758021189,2026-01-09,Djerba 2,652.7226636164096,0.0,T
1693274,1401955480,758021190,2026-02-27,Boussalem,69.55822796549913,0.0,N
1573352,1401751532,758021191,2026-03-01,Raoued,67.2572417844004,0.0,N
1733816,1401895474,758021192,2026-02-02,Djerba 1,321.530281015241,0.0,N
1807136,1414193556,758021193,2026-01-11,Gabès 1,2000.1663214517575,0.0,N
1593576,1400193576,758021196,2026-03-02,Lac II,64.93399697035274,0.0,N
1335492,1400873126,758021197,2026-03-02,Ariana,44.35063529848209,0.0,N
898876,1400755406,758021201,2026-02-27,Sousse 1,111.2931647447986,0.0,N
1617394,1415540754,758021202,2026-02-25,Boussalem,110.23897115652147,0.0,N
1274016,1401216712,758021204,2026-02-26,Sfax 2,63.278201997094015,0.0,N
1409206,1401956176,758021205,2026-02-28,Ariana,0.0,111.2931647447986,N
953280,1400689472,758021206,2026-02-28,Bizerte,111.2931647447986,0.0,N
1807136,1414193556,758021208,2026-03-01,Gabès 1,139.11645593099826,0.0,N
1469210,1401572150,758021210,2026-03-02,Hammamet 2,69.64077039601818,0.0,N
1209394,1414135754,758021211,2026-03-02,Bardo,136.02497913253163,0.0,N
1775374,1414133348,758021217,2026-02-28,Boussalem,7495.7785884316945,0.0,N
1697718,1401979508,758021758,2026-02-23,Kairouan 1,545.5158129038242,0.0,N
1334958,1401499060,758021221,2026-02-24,Lac II,0.0,463.72151976999413,N
1789336,1414151320,758021226,2026-02-28,Boussalem,564.9695489535351,0.0,N
1557412,1414148768,758021229,2026-03-01,Gabès 2,166.9397471171979,0.0,N
1699346,1401993532,758021231,2026-03-02,Bardo,30.10851083562618,0.0,N
1471574,1401567530,758021242,2026-03-02,Zarzis 1,98.92725755093208,0.0,N
868154,1400674190,758021244,2026-02-02,Ariana,926.9793180202183,0.0,N
1541198,1400141198,758021245,2026-03-01,Bizerte,55.6465823723993,0.0,N
1807136,1414193556,758021251,2026-03-01,Gabès 1,36.17027854205954,0.0,N
1419494,1401472614,758021255,2026-02-17,Chebba,165.05270967941385,0.0,N
1335558,1414081212,758021257,2026-03-02,Ghardimaou,111.2931647447986,0.0,N
1667212,1415409136,758021259,2026-03-02,Sfax 4,111.2931647447986,0.0,N
1119706,1401473386,758021262,2026-03-02,Zarzis 1,111.2931647447986,0.0,N
1388788,1401541278,758021263,2026-02-18,Sousse 3,657.4779732278109,0.0,N
14010934,1415540738,758021265,2026-03-02,Djerba 2,2260.62571490401,0.0,N
889352,1401207214,758021268,2026-03-02,Bizerte,83.44081367669337,0.0,N
14141956,1415520734,758021274,2026-02-20,Lac II,362.0119331004421,0.0,N
1151132,1400795552,758021277,2026-02-15,Bizerte,372.4138250842428,0.0,N
1317558,1401093408,758021279,2026-03-02,Djerba 1,77.38213744705847,0.0,N
1551010,1401947532,758021280,2026-02-15,La Marsa,495.63885368040314,0.0,N
1808190,1414193156,758021282,2026-02-28,Ariana,84.14567038674375,0.0,N
1377286,1401595336,758021284,2026-03-03,Mutuelleville,75.18193340958976,0.0,N
1306794,1401971880,758021287,2026-03-02,Zarzis 1,273.38083902680313,0.0,N
1619336,1401949894,758021288,2026-03-02,Sousse 3,80.131078616255,0.0,N
1535930,1400927720,758021295,2026-02-17,Bizerte,77.28691996166569,0.0,N
1591610,1401794740,758021298,2026-02-19,Sousse 2,2326.963242340866,0.0,T
1753492,1401935532,758021299,2026-03-03,Bardo,108.63882276563515,0.0,N
1732600,1414133580,758021304,2026-03-03,El Jem,111.2931647447986,0.0,N
1213012,1401413012,758021305,2026-02-04,La Goulette,267.6656258694779,0.0,N
1375680,1414115692,758021310,2026-03-01,Djerba 2,1878.2050885708104,0.0,N
1351340,1401358732,758021312,2026-03-03,Bizerte,84.13794169474758,0.0,N
14014972,1415406146,758021314,2026-03-03,Kelibia,67.5830834389588,0.0,N
1757910,1414093554,758021322,2026-03-02,Enfidha,69.55822796549913,0.0,N
1575390,1401735116,758021330,2026-03-03,Zarzis 1,196.87451695675026,0.0,N
1369934,1415555554,758021332,2026-03-03,Gabès 1,97.38151915169877,0.0,N
1493350,1400093350,758021333,2026-03-03,Djerba 1,44.51726589791944,0.0,N
1489506,1414135558,758021335,2026-02-27,La Marsa,65.5393081274925,0.0,N
1472192,1401554974,758021349,2026-03-03,Béja,20.630970414567038,0.0,N
1328946,1401747136,758021352,2026-03-03,Zarzis 1,118.74300553374347,0.0,N
1595554,1414195406,758021353,2026-03-03,Boussalem,111.2931647447986,0.0,N
1214674,1401414674,758021354,2026-03-04,Mahdia,0.0,111.2931647447986,N
1553912,1401393158,758021355,2026-03-04,Bizerte,111.2931647447986,0.0,N
1367066,1414153472,758021357,2026-03-03,Sfax 5,69.55822796549913,0.0,N
987590,1401955272,758021359,2026-03-02,Menzel Bourguiba,75.12288620273905,0.0,N
1134918,1400810788,758021363,2026-03-03,El Jem,67.5830834389588,0.0,N
1477154,1401579546,758021365,2026-03-03,Zarzis 1,82.35694191115095,0.0,N
1320070,1401520070,758021367,2026-03-03,Zarzis 1,97.38121000401893,0.0,N
1371714,1414180972,758021371,2026-03-04,Chebba,95.72603332611989,0.0,N
1741286,1415553530,758021373,2026-03-01,Grombalia,77.90521532135902,0.0,N
1089412,1400880112,758021374,2026-01-09,Sousse 2,599.5566822270999,0.0,N
1319674,1401315818,758021378,2026-02-28,El Menzah,650.1437536711287,0.0,N
1270710,1401210190,758021380,2026-02-28,El Menzah,558.0910130769469,0.0,N
1592740,1414155946,758021382,2025-11-09,Zarzis 1,3131.805422450305,154.57383992333138,N
1514926,1401751592,758021383,2026-02-26,Djerba 2,0.0,463.72151976999413,N
1351352,1400926872,758021395,2026-02-17,Ain Zaghouan,430.6427180264012,0.0,N
1355774,1401735372,758021399,2026-02-16,Djerba 2,143.7536711286982,0.0,N
1748990,1401929216,758021405,2026-03-05,Sfax 5,69.44353417627602,0.0,N
1769332,1414115392,758021406,2026-03-05,Teboulba,94.46563823538504,0.0,N
1547128,1415414618,758021407,2026-02-06,Soliman,208.98383157634404,0.0,N
14001132,1415414972,758021408,2026-02-12,Lac II,512.8141713296442,0.0,N
1612954,1401806106,758021409,2025-09-17,Hammamet 2,1476.7369462392185,0.0,N
1335954,1414073668,758021415,2026-02-10,La Marsa,417.4569511855814,0.0,N
1395294,1401550014,758021417,2026-03-06,Bizerte,27.252913716882556,0.0,N
1291708,1401019132,758021418,2026-02-15,Lac II,232.06665223977495,0.0,N
1380916,1401406974,758021422,2026-03-03,Sousse 2,77.99301326243547,0.0,N
1726772,1414155214,758021425,2026-03-04,Soukra,126.05342071907751,0.0,N
1009374,1400766898,758021431,2026-03-05,Ariana,109.63211426098248,0.0,N
950668,1400697098,758021432,2026-03-04,Djerba 1,1062.8580703001824,0.0,N
1553488,1400153488,758021433,2026-03-02,El Jem,769.7013633412681,0.0,N
1272000,1401472000,758021437,2026-03-06,Chebba,72.54923176801559,0.0,N
1806690,1414195716,758021440,2026-03-06,Ennasr,187.43963891550996,0.0,N
1560118,1401729408,758021441,2025-08-20,Chebba,4018.919838006616,0.0,N
1321348,1401521348,758021442,2026-03-04,Bizerte,100.69279995053638,0.0,N
795308,1414156880,758021445,2026-02-14,Ain Zaghouan,338.2075617522491,0.0,N
1460726,1401549286,758021451,2026-02-18,Gabès 1,11568.53185766841,401.8919838006616,N
937494,1401927790,758021452,2026-03-06,Djerba 2,55.6465823723993,0.0,N
1349572,1401131590,758021453,2026-03-03,La Goulette,111.2931647447986,0.0,N
1213874,1401413874,758021456,2026-03-05,Gabès 4,111.2931647447986,0.0,N
1359726,1401559726,758021458,2026-03-06,Bizerte,69.55822796549913,0.0,N
1291136,1401491136,758021459,2026-03-06,Bizerte,111.2931647447986,0.0,N
935468,1401987336,758021460,2026-03-03,Sousse 2,194.76303830339754,0.0,N
1330198,1414157150,758021461,2025-12-13,Mahdia,443.62692057996105,0.0,N
1121996,1400937358,758021465,2026-03-04,Sousse 2,297.89470430024426,0.0,N
14155976,1415532988,758021475,2026-03-03,Lac II,3637.407796704486,0.0,N
1571974,1400171974,758021479,2026-03-05,Ezzahrouni,106.07475190898693,0.0,N
1151752,1401412940,758021486,2026-02-15,Ennasr,8025.563730794201,0.0,N
1357786,1401370692,758021488,2026-03-04,Ezzahrouni,88.45024268092868,0.0,N
1207280,1401521812,758021495,2026-02-25,Mahdia,206.5653692769036,0.0,T
1693412,1401970136,758021497,2026-03-05,Beni Khalled,111.2931647447986,0.0,N
957306,1401874132,758021498,2026-03-03,Ezzahrouni,111.2931647447986,0.0,N
1389314,1414015348,758021499,2026-03-04,Bizerte,992.7430673632795,0.0,N
1417588,1401491278,758021508,2026-03-05,Soukra,105.72294184932143,0.0,N
1321574,1401195534,758021512,2026-03-05,Djerba 1,106.8497851423625,0.0,N
1397532,1401995176,758021513,2025-10-22,Testour,5959.601508640678,0.0,N
807532,1400933534,758021516,2026-03-04,Lac II,111.2931647447986,0.0,N
1352180,1414147154,758021517,2026-03-01,Zarzis 1,61.211240609639226,0.0,N
1561406,1401731788,758021519,2026-03-06,Boussalem,58.256407085664826,0.0,N
1756106,1414088952,758021520,2025-10-03,Korba,5549.690234024794,0.0,N
1733414,1414127118,758021522,2026-03-04,Lac II,194.76303830339754,0.0,N
1094014,1401573552,758021525,2026-01-28,Bizerte,510.09367174699355,0.0,N
1675736,1401937936,758021527,2026-01-17,Bab Benat,331.09716511577585,0.0,N
1314746,1400740070,758021529,2026-03-05,Raoued,102.94586824125885,0.0,N
1597712,1401793552,758021530,2026-03-05,Mahdia,100.33078801743594,0.0,N
1573168,1401887354,758021532,2026-03-04,Gabès 3,206.01601384981606,0.0,N
1573168,1401887354,758021535,2026-03-05,Gabès 3,699.5875969950846,0.0,N
1337374,1401873546,758021539,2026-03-05,Béja,88.11079852845705,0.0,N
1559212,1401737992,758021540,2026-02-27,Bizerte,0.0,463.72151976999413,N
14001534,1415415474,758021542,2026-03-04,Mahdia,139.11645593099826,0.0,N
1547598,1414096812,758021545,2026-03-05,Sfax 2,66.77589884687916,0.0,N
14141152,1415559348,758021546,2026-03-04,Gabès 2,90.7598849970631,0.0,N
1295666,1414094116,758021547,2025-09-18,Zarzis 1,1497.3521501221135,68.48084830123351,N
1757008,1401932614,758021551,2026-03-04,Grombalia,84.9754227594522,0.0,N
1273706,1401473706,758021554,2025-12-13,Boussalem,1268.2415679970322,0.0,N
14001332,1415415276,758021561,2026-03-01,Sfax 4,69.55822796549913,0.0,N
808740,1414155694,758021565,2025-08-27,Testour,3971.61282344576,0.0,N
1727206,1414153692,758021569,2026-03-06,Bizerte,2642.838284848672,0.0,N
1727206,1414153692,758021569,2026-03-06,Bizerte,65.92759761337992,0.0,N
1590666,1401781298,758021571,2026-02-15,Zarzis 1,1376.7895013447926,0.0,N
1495980,1400095980,758021573,2026-03-07,Mutuelleville,30.60129223730176,0.0,N
897374,1401506074,758021584,2026-03-05,Chebba,67.5830834389588,0.0,N
1060714,1400955018,758021585,2026-03-05,Ain Zaghouan,54.255417813089316,0.0,N
1807136,1414193556,758021586,2026-03-05,Gabès 1,126.18109871085419,0.0,N
1209872,1401097714,758021589,2026-03-07,Mutuelleville,101.35468513308808,0.0,N
1813726,1415541752,758021590,2026-03-04,Sousse 2,139.11645593099826,0.0,N
1797206,1414173686,758021593,2026-03-07,Ghardimaou,100.36139363774076,0.0,N
1511552,1401775268,758021603,2026-01-29,Moknine,871.419296998176,0.0,N
1757578,1401861766,758021605,2026-01-10,Bizerte,325.5325068785359,0.0,N
934948,1415419786,758021612,2026-03-03,Béja,311.46628744551276,0.0,N
1751972,1401933618,758021614,2026-03-05,El Menzah,3253.6782390948156,0.0,N
1392152,1414188076,758021615,2026-03-03,Ariana,86.56135035706558,0.0,N
1139566,1400951548,758021618,2026-03-07,La Goulette,150.18734349398707,0.0,N
1729328,1414159356,758021623,2026-02-21,Boussalem,8934.179985779207,0.0,N
14155586,1415521734,758021624,2026-03-07,Zarzis 1,106.94438433239559,0.0,N
933308,1415555596,758021625,2026-03-05,Sousse 3,1276.0982471326554,0.0,N
1507814,1401735072,758021627,2026-01-29,Lac II,63.003060562030484,0.0,N
1346014,1401546014,758021632,2026-03-05,Mahdia,73.73172164342907,0.0,N
1809970,1414187506,758021636,2026-03-06,Sousse 3,119.6401521006585,0.0,N
1380950,1415411752,758021639,2026-01-08,Kairouan 2,825.895137106996,0.0,N
1787556,1414147316,758021641,2026-03-06,Zarzis 1,278.2329118619965,0.0,N
1706012,1414193710,758021645,2026-02-25,Gabès 1,44.826413577766104,0.0,N
815906,1401355346,758021646,2026-03-05,Sousse 2,100.16384827031874,0.0,N
970750,1401190074,758021647,2026-02-17,La Marsa,168.16644511082944,0.0,N
1801772,1414175186,758021648,2026-03-05,Lac II,69.55822796549913,0.0,N
1355932,1401947952,758021651,2026-03-06,Kairouan 2,2293.9264846817327,0.0,N
1773292,1414134790,758021656,2026-03-02,Boussalem,99.32914953473275,0.0,N
1721934,1401873556,758021664,2026-03-03,Jendouba,111.2931647447986,0.0,N
1359206,1401559206,758021668,2026-03-06,El Menzah,89.65282715553221,0.0,N
1190666,1401075326,758021669,2026-03-07,El Menzah,75.82774291278945,0.0,N
1275074,1401475074,758021670,2026-03-07,El Menzah,87.96797230036789,0.0,N
1395194,1401547348,758021673,2026-03-05,Lac II,96.45376696447893,0.0,N
1467910,1400067910,758021681,2026-03-08,Lac II,55.64627322471945,0.0,N
1557552,1401732994,758021684,2026-03-07,Ennasr,101.22113333539433,0.0,N
739916,1401676136,758021686,2026-03-07,Chebba,51.75410393544997,0.0,N
1338892,1401695368,758021692,2026-03-08,Enfidha,57.95035088261663,0.0,N
1790168,1414155320,758021693,2025-11-04,Mahdia,3981.317587411507,322.018116054039,N
1807136,1414193556,758021696,2026-01-23,Gabès 1,1356.0058119763812,0.0,N
1661114,1401909568,758021700,2026-01-31,Grombalia,309.14767984666275,0.0,N
1771996,1414120112,758021704,2026-02-23,Ariana,121.86663369091416,0.0,N
1271332,1414019528,758021705,2026-02-22,Gabès 1,749.0468977030328,0.0,N
1541798,1400141798,758021706,2026-03-08,Gabès 4,72.21782545521997,0.0,N
927916,1400669014,758021707,2026-03-07,La Marsa,100.69249080285653,0.0,N
1720112,1415408158,758021710,2026-03-07,Soliman,68.90716295174205,0.0,N
1213552,1401413552,758021712,2026-03-04,La Goulette,59.74680805020559,0.0,N
877672,1401957970,758021713,2026-02-12,Kairouan 2,754.1741119732897,0.0,N
1713528,1401992952,758021716,2026-02-21,Enfidha,78.67808452097567,0.0,N
1672746,1401915152,758021717,2026-02-07,La Marsa,558.1698457353078,0.0,T
1109540,1401959538,758021719,2026-03-08,Lac II,55.6465823723993,0.0,N
1361770,1401557474,758021721,2026-01-27,Bizerte,0.0,3369.709710328624,N
1295134,1401353552,758021722,2026-03-08,Djerba 1,128.83544069001763,0.0,N
14015386,1415559334,758021723,2026-02-24,Sousse 3,1099.1384054162675,0.0,N
1340972,1401381014,758021726,2026-03-02,Jendouba,98.92725755093208,0.0,N
933372,1401395278,758021727,2026-03-03,Ghardimaou,347.41026988592455,0.0,N
1751270,1401933534,758021735,2026-03-06,Bizerte,111.2931647447986,0.0,N
1481480,1414189072,758021736,2026-02-15,Mutuelleville,26496.92398058553,0.0,N
1218760,1401115152,758021741,2026-02-28,Kairouan 2,240.41178470955577,0.0,N
1389338,1401541326,758021742,2026-03-07,Gabès 4,47.650168485485516,0.0,N
1614728,1401955550,758021745,2026-02-20,Gabès 4,95.82155995919251,0.0,N
795818,1401307938,758021746,2026-03-07,Djerba 1,111.2931647447986,0.0,N
1798756,1414169952,758021750,2026-02-27,Ghardimaou,176.58515472841378,0.0,N
1614994,1401891572,758021753,2026-03-01,Mutuelleville,111.2931647447986,0.0,N
1493926,1401916118,758021754,2026-02-26,Kairouan 2,154.57383992333138,0.0,N
895276,1401012756,758021756,2026-03-08,Bizerte,111.2931647447986,0.0,N
1298114,1401275554,758021763,2026-03-08,Soukra,54.00748137385229,0.0,N
1367346,1401393374,758021767,2026-03-08,Gabès 2,58.738059170865924,0.0,N
1727340,1401881470,758021769,2026-03-07,Mutuelleville,100.16384827031874,0.0,N
1672146,1401930614,758021773,2026-01-29,Jendouba,117.47611834173185,0.0,N
1798712,1414169748,758021775,2026-02-08,Ain Zaghouan,58.73775002318608,0.0,N
871556,1414194120,758021777,2026-02-03,Lac II,205.7161406003648,0.0,N
1109272,1401751290,758021779,2026-03-05,Medjez El Bab,1935.4870621695986,0.0,N
897536,1400753532,758021781,2026-03-05,Bizerte,69.55822796549913,0.0,N
1274976,1401195380,758021782,2026-03-07,Ain Zaghouan,98.31329025875661,0.0,N
1533518,1401775756,758021785,2026-03-07,Lac II,139.11645593099826,0.0,N
1333338,1401299352,758021787,2026-03-08,Gabès 4,111.2931647447986,0.0,N
929360,1401939386,758021789,2026-03-07,Sousse 2,419.2812316443565,0.0,N
1398678,1401936018,758021792,2026-03-07,Béja,98.04371348193033,0.0,N
14007292,1415413574,758021795,2026-01-28,Bab Benat,595.4082295112376,0.0,N
1547552,1401707286,758021796,2026-03-07,Zarzis 1,21.640028441586548,0.0,N
1553520,1400153520,758021797,2026-03-06,Ariana,321.919497944168,0.0,N
919496,1414152894,758075800,2026-03-05,Lac II,332.52820972578604,0.0,N
1791498,1414157140,758075802,2026-03-07,Grombalia,106.6522397749405,0.0,N
1699952,1401995418,758075803,2026-03-08,Bardo,61.211240609639226,0.0,N
14001360,1415415336,758075804,2026-03-08,Grombalia,66.58948279593162,0.0,N
14154754,1415535534,758075808,2026-03-05,Grombalia,66.74931214641235,0.0,N
1275930,1415555478,758075811,2026-03-09,Djerba 1,166.9397471171979,0.0,N
1668806,1401935972,758075812,2026-02-15,Zarzis 2,10211.840356138127,0.0,N
1350986,1414093948,758075813,2026-02-16,Menzel Temim,1271.7132964417103,0.0,N
1309534,1401509534,758075820,2026-03-08,Bizerte,232.6824744180295,0.0,N
1291806,1415547926,758075824,2026-03-08,Ain Zaghouan,58.17850187034347,0.0,N
1530608,1401679266,758075826,2026-03-08,Ennasr,70.95743036448512,0.0,N
1313758,1401751590,758075827,2026-03-06,Ezzahrouni,257.5200173122701,0.0,N
1416974,1414156992,758075831,2026-03-08,Mutuelleville,55.6465823723993,0.0,N
1008156,1400773532,758075832,2026-03-08,Ghardimaou,111.2931647447986,0.0,N
1807136,1414193556,758075844,2026-03-08,Gabès 1,33.38794942343958,0.0,N
1592134,1414081538,758075845,2026-03-05,Sfax 3,257.7673354561474,0.0,N
1727310,1401881906,758075846,2026-03-08,Djerba 2,111.2931647447986,0.0,N
1139074,1401601576,758075850,2026-03-08,Ain Zaghouan,92.41506167496213,0.0,N
1711676,1414013314,758075852,2026-03-08,Djerba 1,61.211240609639226,0.0,N
1607958,1401811752,758075855,2026-03-03,Zarzis 1,44.68358734967694,0.0,N
1581946,1401767348,758075856,2026-03-08,Sousse 1,16.69397471171979,0.0,N
1559318,1401726710,758075858,2026-03-09,Gabès 3,78.24156799703219,0.0,N
958978,1414075500,758075868,2026-03-07,Zarzis 1,200.9459919003308,0.0,T
1733726,1401878860,758075869,2026-03-06,Mahdia,194.76303830339754,0.0,N
1554914,1401776752,758075870,2026-02-16,Ennasr,933.9345225214086,0.0,N
1370172,1401895926,758075871,2026-03-08,Djerba 2,81.4925649982997,0.0,N
1716132,1414155996,758075873,2026-03-06,Ariana,112.20669613874549,0.0,N
1535480,1414153148,758075874,2026-03-08,Medjez El Bab,64.2718026401212,0.0,N
1786952,1414149292,758075881,2026-03-05,Sfax 2,1208.7547531455778,0.0,N
1347148,1401867394,758075885,2026-03-07,Djerba 2,340.06244783132905,0.0,N
1533528,1401695558,758075889,2026-03-08,Chebba,49.43642377963954,0.0,N
1297356,1401497356,758075891,2026-03-10,Bizerte,111.2931647447986,0.0,N
1353528,1414069014,758075892,2026-02-26,Chebba,867.2288001978545,0.0,N
1511074,1415409380,758075897,2026-02-14,Chebba,5470.506074751909,0.0,N
1734810,1401873792,758021900,2026-03-09,Gabès 2,70.30914767984666,0.0,N
1793990,1414146936,758021901,2026-02-01,Grombalia,751.9491761214332,0.0,N
1675328,1401935338,758021902,2026-02-04,Medjez El Bab,216.40337589266395,0.0,T
1019206,1401754696,758021905,2026-03-07,Menzel Bourguiba,64.27211178780104,0.0,N
1359496,1401959992,758021908,2026-03-07,Zarzis 1,79.29792561906824,0.0,N
1527534,1401671326,758021909,2026-02-27,Sfax 4,476.22190620459395,0.0,N
1355674,1401555674,758021910,2026-03-09,Raoued,36.85442235756021,0.0,N
1673818,1414155520,758021911,2026-03-09,Zarzis 1,127.98713945651839,0.0,N
1559554,1400159554,758021912,2025-12-29,Zarzis 1,3886.7149967539494,0.0,N
1589926,1401352060,758021916,2026-01-15,Ariana,21596.422543048815,2828.701270596964,N
1370166,1401570166,758021920,2026-03-04,El Jem,142.2079327294649,0.0,N
14155968,1415532974,758021922,2026-02-21,Ain Zaghouan,92.8679630259375,0.0,N
1109418,1401927536,758021924,2026-02-16,Boussalem,231.86075988499707,0.0,N
1681774,1415549530,758021930,2026-01-18,Grombalia,41.642192475345475,0.0,N
879394,1400611712,758021931,2026-03-06,Gabès 4,359.2976164713884,0.0,N
1539734,1401812954,758021932,2026-03-09,El Jem,160.29028967137603,0.0,N
1730780,1414134140,758021933,2026-03-09,Sfax 1,139.11645593099826,0.0,N
1353952,1414179532,758021940,2026-01-30,Medjez El Bab,274.8322873836832,0.0,N
1367754,1401301358,758021942,2026-03-09,Jendouba,77.83040158283613,0.0,N
1179386,1401120906,758021951,2026-03-09,Bizerte,75.39555445636381,0.0,N
1407550,1414075074,758021962,2026-03-10,Medjez El Bab,160.4179676631527,0.0,N
1013954,1401991336,758021969,2026-01-31,Ain Zaghouan,362.69174884842494,0.0,N
1295120,1401495120,758021971,2025-12-20,Ariana,139.11645593099826,0.0,N
1373358,1401395014,758021972,2026-03-08,Sousse 2,81.87498067827002,0.0,N
14015548,1415407332,758021975,2025-11-11,Ghardimaou,3667.3459671685164,219.49485269113057,N
1061554,1401217736,758021976,2026-01-04,Sousse 2,197.85451510186417,0.0,N
1313768,1401540618,758021977,2026-01-31,La Marsa,392.6957677682629,0.0,N
1527488,1401692120,758021978,2026-03-04,Djerba 2,102.08829257736421,0.0,N
967346,1401277968,758021982,2026-03-06,Gabès 3,0.0,463.72151976999413,N
967346,1401277968,758021982,2026-03-06,Gabès 3,72.54892262033574,0.0,N
1216932,1401178070,758021984,2026-02-25,Ezzahrouni,271.6666151420534,0.0,N
1135530,1401288932,758021985,2026-02-26,Lac II,176.02868890468977,0.0,N
1368730,1415401260,758021987,2026-03-10,Chebba,108.51083562617863,0.0,N
1358094,1401301518,758021988,2026-03-08,Bizerte,225.86020341917336,0.0,N
1797310,1414173934,758021992,2026-03-08,Soliman,63.96636473243269,0.0,N
1571500,1401475146,758021994,2026-02-11,Bizerte,217.56484372584785,0.0,N
1573352,1401197334,758021998,2025-10-20,Bizerte,169.2274399480632,0.0,N
772198,1414147554,758021999,2026-03-01,Jendouba,2952.9786378953227,0.0,N
1470932,1414198086,758022001,2026-02-28,Sousse 2,89.65282715553221,0.0,N
1757338,1414154954,758022006,2026-03-08,Grombalia,42.08551024824559,0.0,N
1121572,1401527132,758022007,2026-03-10,Lac II,139.11645593099826,0.0,N
14010098,1415419148,758022014,2026-02-27,L'Aouina,470.3471728444678,0.0,N
879588,1401877070,758022021,2026-03-07,Grombalia,60.36263022846014,0.0,N
1551618,1401492712,758022022,2026-03-10,Sfax 4,53.21204439360683,0.0,N
1487174,1414195536,758022027,2026-02-13,Teboulba,161.86972516771263,0.0,N
1333494,1401533494,758022031,2026-03-11,Bizerte,77.51599839243207,0.0,N
1587792,1401777296,758022034,2026-03-10,Djerba 2,97.77011778526602,0.0,N
1175074,1401871136,758022036,2026-03-10,Moknine,0.0,463.72151976999413,T
1337340,1401893154,758022037,2026-03-09,Ariana,110.31563978112345,0.0,N
1509512,1401756754,758022039,2026-03-04,El Jem,1581.0600673941942,0.0,N
667338,1415411326,758022040,2026-03-10,Soukra,667.0482579528241,0.0,N
1552932,1401875128,758022041,2026-03-04,Sousse 2,333.57034655454913,0.0,T
1335598,1401460612,758022044,2026-03-09,Djerba 2,108.51083562617863,0.0,N
955552,1401499180,758022046,2026-02-19,Bizerte,469.31585618449935,0.0,N
1349472,1401407208,758022048,2026-03-10,Bizerte,145.5961913005843,0.0,N
777592,1414094940,758022051,2026-03-02,Ghardimaou,33.38794942343958,0.0,N
1795732,1414173268,758022058,2026-03-11,Bardo,1025.2434537978793,0.0,N
1473556,1401555346,758022064,2026-03-13,El Jem,33.874857019198075,0.0,N
1509754,1400109754,758022067,2026-02-27,Ain Zaghouan,389.5260766067951,0.0,N
1075714,1414192732,758022068,2026-03-12,Testour,184.09775249636752,0.0,N
1087530,1401349928,758022070,2026-02-27,Bizerte,187.68355643490898,0.0,N
1156000,1414014078,758022074,2026-03-13,Moknine,70.23155161220515,0.0,N
1341212,1400955468,758022076,2026-02-12,Mahdia,235.57053204315702,0.0,N
1375140,1401575140,758022081,2026-03-13,Zarzis 1,65.39184468420565,0.0,N
1675934,1401913680,758022082,2026-03-14,Bizerte,139.11645593099826,0.0,N
1288874,1401579392,758022086,2026-02-07,Sousse 1,73.70018858008471,0.0,N
1377932,1400929894,758022091,2026-03-13,Ennasr,111.2931647447986,0.0,N
1766060,1414108068,758022092,2026-03-14,Mutuelleville,83.46987355859895,0.0,N
1537714,1401690730,758022093,2026-03-14,Mutuelleville,108.76402757597305,0.0,N
1289696,1401489696,758022094,2026-03-12,Menzel Bourguiba,111.2931647447986,0.0,N
14009350,1415417520,758022095,2026-02-13,El Jem,77.28691996166569,0.0,N
900158,1400756928,758022099,2026-03-13,Testour,111.2931647447986,0.0,N
795546,1401318932,758022102,2026-03-08,Sousse 2,70.70207438093178,0.0,T
1794948,1414141132,758022104,2026-02-14,Sfax 4,296.78177265279623,0.0,N
1069492,1400929092,758022106,2026-03-12,El Menzah,72.88032893313137,0.0,N
1391338,1401555268,758022110,2026-03-13,Sfax 1,32.12044393606826,0.0,N
1732176,1414132874,758022111,2026-03-13,Sfax 3,50.08192413515937,0.0,N
1313812,1415533712,758022113,2026-02-28,Sfax 2,164.31601075833927,0.0,T
14001272,1415415194,758022116,2026-03-13,Ezzahrouni,247.31814387733021,0.0,N
1815466,1414179552,758022117,2026-03-14,Gabès 1,57.03774693170928,0.0,N
931198,1401953552,758022119,2026-03-10,Gabès 4,84.13794169474758,0.0,N
1139470,1400951410,758022120,2026-02-21,Zarzis 1,34.62454014282623,0.0,N
1568014,1401754920,758022122,2026-03-12,Ezzahrouni,73.2528518873466,0.0,N
1813532,1415554692,758022131,2026-03-12,Testour,111.2931647447986,0.0,N
14015152,1415407526,758022133,2026-03-03,Chebba,1365.3816428107707,0.0,N
1294072,1414132998,758022134,2026-03-14,Gabès 1,51.473088694469354,0.0,N
1674940,1414175280,758022136,2026-03-12,Gabès 1,1591.689801218042,0.0,N
1711312,1414015920,758022140,2026-02-21,Gabès 2,619.0682288929422,0.0,N
1475320,1401773378,758022144,2026-02-27,Bizerte,313.46770952484,0.0,N
1815514,1414198072,758022146,2026-02-08,Enfidha,306.102884347853,0.0,N
1335512,1414009126,758022148,2026-03-09,Menzel Temim,444.61186508795254,0.0,T
1729260,1414159358,758022151,2026-02-28,Sousse 3,5626.960150864068,0.0,N
957096,1401366946,758022153,2026-03-06,Ghardimaou,231.83262744613103,0.0,N
1155288,1401539338,758022158,2026-03-14,Gabès 1,55.6465823723993,0.0,N
1541526,1401476092,758022160,2025-08-26,Béja,0.0,463.72151976999413,N
875874,1414067536,758022163,2026-02-15,La Goulette,128.29474139796582,0.0,N
969306,1414193526,758022165,2026-03-12,Nabeul 2,1183.8102451541101,0.0,N
1694776,1414073808,758022172,2026-03-12,Gabès 1,97.40903329520512,0.0,N
807152,1400774876,758022175,2026-03-13,Djerba 2,69.27999505363712,0.0,N
1201594,1400695816,758022177,2026-03-08,Bizerte,216.40337589266395,0.0,N
1133926,1401534132,758027580,2026-02-17,Hammamet 1,776.7122144248308,0.0,N
1147618,1414015758,758027581,2026-02-27,Bardo,200.79141806040747,0.0,N
953558,1401589352,758027582,2026-02-24,Zarzis 1,680.1248956626581,0.0,N
1537356,1401813158,758027583,2026-03-12,Lac II,512.4741088818129,0.0,N
779138,1401509412,758027584,2026-03-14,Bizerte,111.2931647447986,0.0,N
1139570,1401580696,758027585,2026-03-03,Djerba 2,428.9829041333045,0.0,N
1667334,1401921352,758027586,2026-03-12,Gabès 4,98.17942931338301,0.0,N
14000072,1415401096,758027587,2026-02-25,Ariana,677.4646798775775,0.0,N
1212874,1401733092,758022201,2026-03-14,El Jem,99.0373141249575,0.0,N
1333566,1401870778,758022204,2026-03-10,Gabès 4,152.3538504343525,0.0,N
1153914,1400799294,758022205,2026-03-12,Ghardimaou,80.82697004358982,0.0,N
1807136,1414193556,758022206,2026-03-07,Gabès 1,116.85782298203853,0.0,N
912948,1401311592,758022209,2026-03-11,La Goulette,111.2931647447986,0.0,N
1413792,1414001528,758022211,2026-03-12,Bizerte,27.252913716882556,0.0,N
1311986,1401419340,758022212,2026-03-13,Mutuelleville,624.5556002102204,0.0,N
1806934,1414192000,758022216,2026-02-27,Beni Khalled,55.6465823723993,0.0,T
14013266,1415555554,758022220,2026-01-15,L'Aouina,4365.193681021424,1460.1425170804093,N
1734774,1414176678,758022221,2026-03-13,Soliman,111.2931647447986,0.0,N
1175278,1401667134,758022223,2026-02-27,Lac II,66.4667511670325,0.0,N
1709014,1401999192,758022226,2026-03-13,Ennasr,57.382755742418155,0.0,N
1160158,1401006134,758022231,2026-02-23,Ariana,790.419513401552,0.0,N
1491534,1414135114,758022233,2026-03-13,Gabès 4,1932.1729990416422,0.0,N
1112972,1401816614,758022236,2026-03-13,Djerba 2,73.73172164342907,0.0,N
1548660,1401487954,758022237,2026-02-24,Kairouan 2,204.26809286796305,0.0,N
1115090,1400932112,758022238,2026-03-14,Ariana,111.2931647447986,0.0,N
1753278,1401921214,758022242,2026-03-14,La Goulette,97.38182829937863,0.0,N
1168098,1401809372,758022245,2026-03-01,Mahdia,0.0,463.72151976999413,N
1812692,1414192892,758022247,2026-02-21,Mahdia,338.97579373666804,0.0,N
1580876,1401773392,758022248,2026-03-10,Testour,274.5512721427026,0.0,N
938668,1401953152,758022251,2026-03-14,Sousse 2,109.26206448820602,0.0,N
1321274,1400934758,758022253,2026-03-14,Bizerte,540.7920363557672,0.0,N
932748,1401311812,758022266,2026-02-21,Raoued,755.5569295452439,0.0,N
1300774,1401409300,758022267,2026-02-23,Sfax 2,3569.017219525768,0.0,N
775340,1401130718,758022270,2026-02-22,Bizerte,1021.326861841902,0.0,N
1389478,1401589478,758022272,2026-03-13,Jendouba,41.734936779299474,0.0,N
1618890,1414155352,758022273,2026-03-10,Zarzis 1,267.39017528673446,0.0,N
1007816,1400773218,758022276,2026-02-21,Lac II,756.1752249049372,0.0,N
1530754,1401932012,758022281,2026-03-07,Béja,1185.4323430302657,9232.84446780227,N
1492888,1400879356,758022285,2026-02-13,Mahdia,108.20168794633197,0.0,N
1541668,1401477518,758022286,2026-03-08,Bizerte,217.0974124339197,0.0,N
1597946,1400989914,758022289,2026-03-12,La Goulette,0.0,463.72151976999413,N
879194,1400613520,758022290,2025-12-17,Ghardimaou,117.84709555754785,0.0,N
1472168,1401193128,758022291,2026-03-11,La Marsa,692.1952576745912,0.0,N
1530752,1414175794,758022293,2026-03-13,Sousse 2,166.9397471171979,0.0,N
1555136,1401721512,758022300,2026-03-14,Nabeul 1,78.04433177729001,0.0,N
1739366,1401913012,758022301,2026-03-01,Djerba 1,457.5855566203976,0.0,N
1357548,1414155492,758022302,2026-03-15,El Jem,111.2931647447986,0.0,N
1615314,1401953306,758022303,2026-03-13,Ariana,0.0,222.5863294895972,N
1132766,1414191536,758022306,2026-03-14,Zarzis 1,111.2931647447986,0.0,N
1611872,1414088766,758022307,2026-02-21,Chebba,1606.457785884317,0.0,N
1209214,1414073370,758022309,2026-03-15,Medjez El Bab,53.03119300089653,0.0,N
1709938,1414117558,758022310,2026-02-08,El Kram,63.56076297647387,0.0,N
1807136,1414193556,758022311,2026-03-13,Gabès 1,89.03453179583887,0.0,N
1337866,1401753870,758022314,2026-03-13,Djerba 1,0.0,463.72151976999413,N
1532000,1400132000,758022315,2026-02-26,Gabès 4,0.0,919.6537545985718,N
1350092,1401550092,758022316,2026-03-14,Ennasr,68.90685380406221,0.0,N
1372698,1401279740,758022318,2026-03-04,Bizerte,1325.6608031656724,0.0,N
1692968,1401969316,758022319,2026-03-13,Teboulba,50.08192413515937,0.0,N
1793760,1414147346,758022320,2026-03-15,Medjez El Bab,71.8774538597088,0.0,N
1747992,1414107952,758022321,2026-03-06,Beni Khalled,1133.4460691872507,0.0,N
1553206,1401707548,758022324,2026-03-13,Ennasr,1479.0719386651003,0.0,N
1607136,1401811356,758022328,2026-03-15,Lac II,92.74430395399882,0.0,N
1775354,1414101190,758022329,2026-03-14,Ariana,105.72850650755866,0.0,N
14147800,1415532168,758022330,2026-03-15,Soukra,139.11645593099826,0.0,N
1551330,1400151330,758022334,2026-03-15,Mutuelleville,59.04442452159397,0.0,N
1530150,1401677700,758022335,2026-03-10,Bab Benat,63.993569728259196,0.0,N
1595478,1401949312,758022336,2026-03-10,Bizerte,70.23124246452531,0.0,N
1552072,1400152072,758022338,2026-03-12,Jendouba,123.65907193866511,0.0,N
1757112,1401875134,758022339,2026-03-15,Zarzis 1,91.0294617738894,0.0,N
860134,1414181338,758022340,2026-03-13,Ghardimaou,103.39289578631713,0.0,N
1700940,1401992092,758022341,2026-03-14,Hammamet 1,67.61059758246515,0.0,N
987994,1400741708,758022347,2026-03-14,Soukra,50.563267072680624,0.0,N
1320132,1401313336,758022348,2026-03-13,Menzel Bourguiba,104.00377160169414,0.0,N
1794954,1414174932,758022349,2026-03-15,Chebba,139.11645593099826,0.0,N
1469552,1401574694,758022353,2026-03-14,La Goulette,104.00315330633444,0.0,N
1753412,1414067558,758022357,2026-03-14,Mahdia,94.85887408415,0.0,N
1487138,1401917348,758022362,2026-03-13,Ariana,139.11645593099826,0.0,N
947866,1401193358,758022364,2026-03-15,Gabès 2,92.41475252728229,0.0,N
1535314,1414195396,758022367,2026-03-14,Zarzis 1,111.2931647447986,0.0,N
1752614,1414095478,758022375,2026-03-14,Ariana,111.2931647447986,0.0,N
1807136,1414193556,758022376,2026-03-05,Gabès 1,0.0,1469.5334961511114,N
1731528,1414135586,758022377,2026-02-18,El Kram,191.08418091322227,0.0,N
1297520,1414077934,758022379,2026-03-14,Zarzis 1,69.55822796549913,0.0,N
14019516,1415554076,758022381,2026-02-22,Ghardimaou,273.59569666429655,0.0,N
1333416,1401329192,758022387,2026-02-22,Zarzis 2,108.20168794633197,0.0,N
1726698,1401880738,758022388,2026-03-13,Boussalem,699.5112375181625,0.0,N
1492108,1401607470,758022390,2026-03-11,Gabès 4,54.7250131387764,0.0,N
1199216,1401215752,758022395,2026-03-14,Mahdia,95.8512381364578,0.0,N
900698,1414154680,758022399,2026-03-14,Gabès 2,67.5830834389588,0.0,N
1749320,1414195350,758022402,2026-03-13,Grombalia,61.211240609639226,0.0,N
1574912,1400714928,758022407,2026-03-07,Djerba 1,55.6465823723993,0.0,N
1486976,1401795594,758022410,2026-02-24,Djerba 2,667.7589884687916,0.0,N
1159714,1401013500,758022413,2026-03-14,Zarzis 1,2131.4427922218447,0.0,N
1189488,1401920860,758022416,2026-03-14,Djerba 2,48.83976875753548,0.0,N
1199348,1401755496,758022420,2026-03-15,Sousse 1,308.39954246143384,0.0,T
1546690,1401492660,758022427,2026-03-15,Ghardimaou,33.38794942343958,0.0,N
1291734,1414187128,758022428,2026-03-15,Lac II,98.70590781216187,0.0,N
14018132,1415553672,758022431,2026-03-04,Bizerte,348.3899588833586,0.0,N
1778152,1414131356,758022438,2026-03-01,Sousse 2,868.6620088416237,0.0,N
913750,1400733390,758022439,2026-03-11,Medjez El Bab,649.2101276779919,0.0,N
995734,1401413472,758022440,2026-03-15,El Jem,1045.6410177141622,0.0,N
915554,1401807532,758022441,2026-03-16,Mutuelleville,111.2931647447986,0.0,N
1349770,1400775952,758022442,2026-03-15,Boussalem,111.2931647447986,0.0,N
1673726,1414111674,758022445,2026-03-15,Gabès 2,80.82697004358982,0.0,N
1599514,1401990994,758022447,2026-03-14,Zarzis 1,590.8986923053143,0.0,N
1530732,1401679350,758022448,2026-03-13,Gabès 2,41.734936779299474,0.0,N
695320,1401966918,758022449,2026-02-26,Bizerte,351.20196617924387,0.0,N
1533578,1401795272,758022450,2026-02-16,Zarzis 1,134.45760039570905,0.0,N
1591660,1401794952,758022459,2026-03-14,Ain Zaghouan,494.99489906328256,0.0,N
14011812,1415554172,758022465,2026-03-16,Ain Zaghouan,23.9419420657248,0.0,N
1537728,1401774718,758022469,2026-03-15,Jendouba,111.3395368967756,0.0,N
1807136,1414193556,758022471,2026-03-12,Gabès 1,133.38485794664112,0.0,N
1347772,1401547772,758022474,2026-03-15,Zarzis 1,22.25863294895972,0.0,N
1671348,1401929152,758022475,2026-03-12,Medjez El Bab,13.911645593099825,0.0,N
1155368,1400997534,758022480,2026-03-16,La Goulette,108.84471512041303,0.0,N
1559548,1414149554,758022483,2026-03-15,La Goulette,139.11645593099826,0.0,N
1731290,1414135196,758022485,2026-02-23,Djerba 2,708.1367669335642,0.0,T
1348740,1414155094,758022486,2026-02-24,Jendouba,184.52808606671408,0.0,N
997946,1401737974,758022491,2026-02-25,Sousse 2,163.71502766871737,0.0,N
1215368,1414156814,758022493,2026-02-05,Djerba 1,386.74374748817513,0.0,N
897594,1400753812,758022495,2026-03-10,Gabès 4,12424.461619315547,1623.0253191949796,N
1686948,1401959576,758022496,2026-01-07,Menzel Temim,466.37709833987697,0.0,T
1771996,1414120112,758022498,2026-03-14,Ariana,67.5830834389588,0.0,N
1329696,1401171188,758022500,2026-03-15,Chebba,72.54923176801559,0.0,N
1735980,1414149332,758022504,2026-03-16,Zarzis 1,97.38151915169877,0.0,N
1733550,1401893550,758022506,2026-02-10,El Menzah,850.1301511732155,0.0,N
14009532,1415418072,758022507,2026-03-12,Ezzahrouni,1213.8300306056203,0.0,N
1817148,1415400954,758022511,2026-03-13,Bizerte,1378.0019785451511,0.0,N
1792710,1414153320,758022513,2026-03-15,Sidi Hessine,40.34377221998949,0.0,N
1296930,1400735956,758022516,2025-09-21,Zarzis 1,4297.435929143352,46.08897270225987,T
1109898,1400915534,758022522,2026-03-13,Lac II,479.8284230376851,0.0,N
14147298,1415529730,758022525,2026-03-15,Bardo,278.2329118619965,0.0,N
1215592,1401679720,758022527,2026-03-16,Zarzis 1,754.3203388258571,0.0,N
1558814,1401506160,758022530,2026-03-17,Bizerte,102.77923764182151,0.0,N
1515132,1401553460,758022535,2026-03-06,Ariana,278.78937768572047,0.0,N
1335352,1401697334,758022536,2026-03-16,Mutuelleville,831.2152595294773,0.0,N
972900,1400735670,758022539,2026-03-14,Menzel Bourguiba,140.42445976442949,0.0,N
921692,1414137734,758022543,2026-03-08,Ain Zaghouan,298.63665873187625,0.0,N
1301498,1401913326,758022544,2026-03-17,Mutuelleville,77.02136210467741,0.0,N
1375338,1414173534,758022552,2025-09-12,Bizerte,1468.4514792716482,0.0,N
1159354,1401773158,758022553,2026-02-26,Djerba 1,87.41305221504314,0.0,T
1275314,1401217758,758022557,2026-03-17,Mutuelleville,69.23795096917799,0.0,N
1472806,1401570680,758022559,2026-03-15,Ariana,89.43487804124031,0.0,N
1476612,1401993754,758022565,2026-03-08,Sousse 3,1166.4887006523018,0.0,N
1754978,1414113400,758022573,2026-03-14,Monastir 1,0.0,2318.6075988499706,N
1739900,1414139488,758022579,2026-03-16,Jendouba,26.432126626889666,0.0,N
1699512,1401979550,758022590,2026-03-16,Zarzis 1,97.38121000401893,0.0,N
1472692,1401556006,758022592,2025-10-26,Sfax 4,172.19092960707331,0.0,N
14001486,1415401416,758022593,2026-03-16,Zarzis 1,40.49649117383374,0.0,N
1415076,1401532680,758022594,2026-03-14,Ghardimaou,72.34055708411908,0.0,N
1215734,1401415734,758022595,2026-03-09,La Marsa,316.5050854793335,0.0,N
1776148,1414127754,758022598,2026-03-14,Zarzis 1,1114.8533094259128,0.0,N
1270970,1401470970,758022603,2026-01-19,Zarzis 1,180.91322224626705,0.0,N
1348992,1401354954,758022607,2026-03-06,Sfax 2,1500.2933811481746,0.0,N
1708760,1401998732,758022611,2025-12-18,Gabès 4,270.4853618573593,0.0,T
1575334,1415557532,758022612,2026-03-03,Lac II,404.9522366834637,0.0,N
1814810,1414176934,758022616,2026-03-03,Djerba 2,2264.3645469440753,0.0,N
1813532,1415532010,758022617,2026-03-17,Ariana,67.5830834389588,0.0,N
1532678,1400132678,758022620,2026-02-10,Bizerte,298.2632083346215,0.0,N
1075406,1401929340,758022621,2026-03-15,Lac II,111.13828175719541,0.0,N
1526696,1400126696,758022623,2026-03-16,Lac II,91.81686091445884,0.0,N
947272,1400691874,758022626,2026-03-14,Gabès 4,77.90521532135902,0.0,N
1308138,1401569488,758022631,2026-03-14,Gabès 3,109.17859461464742,0.0,N
1370608,1401579714,758022632,2026-03-16,Sousse 2,47.71725353201224,0.0,N
1507976,1414128788,758022633,2026-03-17,Sousse 2,67.5830834389588,0.0,N
1777270,1415411560,758022634,2026-03-16,Hammamet 1,84.13794169474758,0.0,N
1390734,1401590734,758022635,2026-03-17,Medjez El Bab,334.3602188765573,0.0,N
1536974,1401541154,758022637,2026-03-17,Gabès 2,278.2329118619965,0.0,N
1394678,1401911980,758022640,2026-03-16,Lac II,46.576807741057905,0.0,N
992758,1401315712,758022647,2026-03-17,Bizerte,0.0,463.72151976999413,N
757358,1401354732,758022650,2026-03-16,Ennasr,829.971867561134,0.0,N
1295168,1401571776,758022653,2026-03-08,Mutuelleville,3266.9307818344823,0.0,N
1693132,1401955292,758022658,2026-03-16,Djerba 2,52.857761152502555,0.0,N
1699392,1414089120,758022662,2026-03-16,Chebba,1283.5675642254305,0.0,N
1351546,1401151354,758022664,2026-03-18,Bizerte,103.83621355921724,0.0,N
1749074,1401929328,758022665,2026-03-15,Ariana,89.03453179583887,0.0,N
1409392,1401533894,758022668,2026-03-17,M'saken,106.48499088014346,0.0,N
1528740,1401675156,758022671,2026-03-17,Gabès 4,237.30237734565804,0.0,N
1375078,1414152094,758022672,2026-03-17,El Ouerdia,102.37549077194176,0.0,N
1321388,1401980138,758022677,2026-03-16,Sousse Erriadh,89.77432219371194,0.0,N
1348108,1401548108,758022692,2026-03-18,Ariana,102.34766748075556,0.0,N
1209350,1401409350,758022696,2026-03-20,Mutuelleville,94.56920270813369,0.0,N
1133668,1401212780,758022697,2026-03-19,El Menzah,67.25167712616317,0.0,N
1097470,1400892152,758022700,2026-03-18,Béja II,156.96138745478717,0.0,N
1373552,1401353996,758022711,2026-03-20,Bizerte,111.2931647447986,0.0,N
1717930,1414016750,758022712,2026-03-19,Ghardimaou,101.22113333539433,0.0,N
1291530,1415554986,758022715,2026-03-20,L'Aouina,402.8234457600396,0.0,N
1159492,1401506670,758022718,2026-03-18,Raoued,82.07870899928896,0.0,N
1594920,1401939860,758022721,2026-03-19,El Jem,108.96961078307108,0.0,N
1351778,1415554712,758022723,2026-03-19,Djerba 1,97.38151915169877,0.0,N
1211592,1401766736,758022726,2026-03-19,Mahdia,38.312671963396916,0.0,N
1308772,1401720980,758022731,2026-03-17,Djerba 1,96.73230902402078,0.0,N
1293360,1401493360,758022736,2026-03-17,Ain Zaghouan,52.86425325377933,0.0,N
929216,1401598866,758022742,2026-03-18,Sfax 4,30.563885368040314,0.0,N
1167110,1401018754,758022744,2026-03-20,Mahdia,92.94370420749993,0.0,N
1350816,1401550816,758022746,2026-03-20,Jendouba,108.51083562617863,0.0,N
1129794,1400819798,758022748,2026-03-19,Jendouba,111.2931647447986,0.0,N
1291286,1401491286,758022749,2026-03-18,Bizerte,166.9397471171979,0.0,N
1154874,1400973876,758022750,2026-03-20,Gabès 1,47.299595016539406,0.0,N
1316946,1401516946,758022752,2026-03-20,Jendouba,111.2931647447986,0.0,N
1761578,1414099308,758022753,2026-03-20,Jendouba,83.46987355859895,0.0,N
1617754,1415553332,758022757,2026-03-16,Grombalia,94.59919003307881,0.0,N
14152130,1415533334,758022760,2026-03-16,Grombalia,111.2931647447986,0.0,N
1732892,1414151208,758022761,2026-03-19,Soliman,66.25838563081584,0.0,N
1553814,1400959734,758022765,2026-03-19,Bizerte,111.2931647447986,0.0,N
1775594,1414115352,758022770,2026-03-20,Zarzis 1,613.1016786719016,0.0,N
908774,1400726996,758022771,2026-03-17,La Goulette,111.2931647447986,0.0,N
1531734,1401721488,758022773,2026-03-20,Bizerte,60.65044671839738,0.0,N
1487174,1414195536,758022777,2026-03-01,Teboulba,714.5608557207779,0.0,N
1549532,1401213412,758022778,2026-03-20,Bizerte,92.94370420749993,0.0,N
893528,1414135300,758022786,2026-02-12,Medjez El Bab,963.6668006306613,0.0,N
1594878,1401697356,758022787,2026-03-20,Bizerte,77.90521532135902,0.0,N
1215128,1414013354,758022788,2026-03-20,Bardo,139.11645593099826,0.0,N
1395132,1401595132,758022790,2026-03-17,Lac II,123.65907193866511,0.0,N
1349270,1401549270,758022792,2026-03-19,Mahdia,0.0,111.2931647447986,N
1207530,1401106146,758022793,2026-03-20,El Jem,536.2423099514639,0.0,N
1095554,1400888900,758022794,2026-03-20,Bizerte,22.25863294895972,0.0,N
1395518,1414077514,758022795,2026-02-17,Gabès 4,546.0521841283581,0.0,N
1769134,1414114014,758022799,2026-03-20,Bardo,72.34055708411908,0.0,N
1371090,1401571090,758022800,2026-03-19,Lac II,50.08192413515937,0.0,N
1774166,1414101298,758022801,2026-03-20,Zarzis 1,111.2931647447986,0.0,N
1152958,1414179332,758022806,2026-03-18,Ain Zaghouan,111.2931647447986,0.0,N
1795490,1414172126,758022808,2026-03-20,Medjez El Bab,107.3147432528519,0.0,N
1389520,1401589520,758022816,2026-03-22,Bizerte,330.82356941911155,0.0,N
1815352,1414197666,758022817,2026-03-21,Soliman,75.72665162147959,0.0,N
1127314,1401949080,758022818,2026-03-22,Bab Benat,133.55179769375832,0.0,N
935138,1414135396,758022819,2026-03-22,Chebba,66.9205799610474,0.0,N
1615612,1401815988,758022820,2026-03-22,Béja II,111.2931647447986,0.0,N
1739894,1414139530,758022822,2026-03-22,Zarzis 1,80.68754443997898,0.0,N
1278958,1401353674,758022827,2026-03-23,Soukra,87.11719788542987,0.0,N
1335334,1401760878,758022829,2026-03-22,Ain Zaghouan,51.02791603549016,0.0,N
1531352,1414115332,758022833,2026-03-20,Sfax 4,64.2718026401212,0.0,N
1598074,1400198074,758022836,2026-03-23,Bizerte,41.734936779299474,0.0,N
1795478,1414154150,758022838,2026-03-04,Zarzis 1,57.19232077163261,0.0,N
1691710,1401967092,758022844,2026-03-22,Boussalem,77.51599839243207,0.0,N
1771388,1414117134,758022846,2026-03-22,Ain Zaghouan,23.649797508269703,0.0,N
1318926,1401295926,758022848,2025-11-09,Ariana,988.8542986984884,0.0,N
735554,1400748132,758022849,2026-03-02,Testour,370.250100472996,0.0,N
1532878,1401595276,758022850,2026-03-22,Zarzis 1,174.66843911336446,0.0,N
1735408,1414193552,758022852,2026-03-23,El Jem,74.20440844591462,0.0,N
1133206,1414156926,758022853,2026-03-23,Ghardimaou,81.35530342844777,0.0,N
1709728,1414000736,758022855,2026-02-25,Gabès 2,124.27736729835843,0.0,N
1395914,1401934670,758022856,2026-03-20,Medjez El Bab,411.47556187590817,0.0,N
1355470,1401135408,758022857,2026-03-23,Kairouan 1,47.29897672117971,0.0,N
1495126,1401589314,758022858,2026-03-20,Bizerte,111.2931647447986,0.0,N
1415532,1401535532,758022861,2026-02-23,Sfax 2,354.2523263362909,0.0,N
1368666,1401960816,758022863,2026-03-21,Djerba 2,125.20481033789842,0.0,N
1353674,1401219754,758022866,2026-03-22,Sousse 2,335.4808792160015,0.0,N
955818,1401957552,758022867,2026-03-20,Sfax 2,137.112869817912,0.0,N
1388078,1414187508,758022868,2026-03-05,Teboulba,1192.4465947383067,0.0,T
14153718,1415529538,758022871,2026-03-23,Boussalem,102.94617738893871,0.0,N
1311790,1401288958,758022873,2026-03-20,Sousse 3,402.69731350666217,0.0,N
1366154,1401566154,758022874,2026-03-23,El Menzah,87.44891334590534,0.0,N
1461494,1401871574,758022875,2026-03-22,Zarzis 1,61.211240609639226,0.0,N
1401134,1401521546,758022877,2026-03-22,Gabès 4,58.428911491019264,0.0,N
1727476,1414155756,758022878,2026-03-20,La Goulette,111.2931647447986,0.0,N
1531910,1414190948,758022881,2026-03-19,Bab Benat,61.211240609639226,0.0,N
1552070,1401701530,758022882,2026-03-22,Jendouba,56.32516152966272,0.0,N
1359958,1401573178,758022883,2026-03-20,Bizerte,111.2931647447986,0.0,N
1711690,1414013352,758022884,2026-03-22,El Menzah,111.2931647447986,0.0,N
1579554,1401761468,758022885,2026-03-22,Chebba,22.25863294895972,0.0,N
1394194,1401594194,758022887,2026-03-23,Jendouba,41.734936779299474,0.0,N
1737616,1414135274,758022888,2026-02-06,M'saken,86.56135035706558,0.0,N
1570016,1401747512,758022889,2026-03-21,Gabès 2,104.00377160169414,0.0,N
1519980,1400119980,758022892,2026-03-20,Bizerte,105.56156676044147,0.0,N
1557950,1401733472,758022893,2026-03-23,Monastir 1,64.2718026401212,0.0,N
937810,1401521326,758022895,2026-03-22,Ennasr,52.86425325377933,0.0,N
1419492,1401471590,758022896,2026-03-22,El Jem,47.118743623829104,0.0,N
815094,1415555778,758022899,2026-03-21,Bizerte,92.99100380251647,0.0,N
14149532,1415533152,758022902,2026-03-22,Sousse 3,243.58982285837945,0.0,N
1289208,1415553938,758022903,2026-03-18,Medjez El Bab,77.51599839243207,0.0,N
1734740,1415555388,758022904,2026-03-23,Enfidha,127.98713945651839,0.0,N
731554,1401526158,758022908,2026-02-13,Gabès 4,3361.712059850991,197.85451510186417,N
1816166,1414199292,758022911,2026-02-19,Ghardimaou,1506.6812996568462,0.0,N
1517312,1400117312,758022912,2026-03-19,Bizerte,111.2931647447986,0.0,N
1391954,1401553508,758022914,2026-03-21,M'saken,77.51599839243207,0.0,N
1619006,1401950872,758022921,2026-03-22,Lac II,136.64327449222495,0.0,N
14015988,1415550132,758022922,2026-02-26,Testour,174.31261013386094,0.0,N
1773130,1415555292,758022923,2026-03-22,Bizerte,0.0,111.2931647447986,N
1073928,1414112694,758022924,2026-03-22,El Menzah,96.05713049123567,0.0,N
1120974,1414098894,758022927,2026-03-22,Raoued,55.497573190713204,0.0,N
1539594,1401871374,758022931,2026-03-21,Soliman,57.05165857730238,0.0,N
1347938,1401130706,758022933,2026-03-22,Bizerte,123.65907193866511,0.0,N
1675380,1414126896,758022934,2026-03-20,Zarzis 1,21446.643274492228,100.9500108201688,N
1275494,1401560966,758022939,2026-03-18,El Jem,111.2931647447986,0.0,N
1595528,1401787332,758022941,2026-03-23,Sfax 1,74.20502674127431,0.0,N
1710988,1414015350,758022942,2026-03-09,Hammamet 2,24.73181438773302,0.0,N
1013300,1401877552,758022945,2026-03-22,Medjez El Bab,60.96114013664328,0.0,N
932126,1414157556,758022947,2026-03-06,Mutuelleville,181.99709401180945,0.0,N
1526016,1400126016,758022948,2025-08-30,Soukra,1770.1465360002474,0.0,N
14007098,1415527694,758022950,2026-03-21,Mahdia,56.720561412186605,0.0,N
1327512,1401527512,758022951,2026-02-25,Lac II,61.829535969332554,0.0,N
1609916,1401955266,758022952,2026-03-22,Ennasr,61.211240609639226,0.0,N
1352930,1401552930,758022953,2026-03-21,Testour,394.21924753454726,0.0,N
1553150,1401795276,758022956,2026-03-20,Ain Zaghouan,1471.5670695891429,0.0,N
1497928,1401953326,758022958,2026-03-23,Jendouba,111.2931647447986,0.0,N
1766912,1414109772,758022959,2026-03-19,El Ouerdia,111.2931647447986,0.0,N
1594980,1401768166,758022964,2026-03-22,Zarzis 1,94.59919003307881,0.0,N
1715570,1401986910,758022966,2026-03-21,Grombalia,97.38151915169877,0.0,N
1814920,1414196814,758022967,2026-03-18,Grombalia,1254.447707669954,0.0,N
1375546,1401927872,758022971,2026-03-23,Zarzis 1,123.65907193866511,0.0,N
953212,1414077694,758022974,2026-03-23,Zarzis 1,92.0385198009089,0.0,N
1295412,1400753348,758022977,2026-03-23,Bizerte,80.68785358765884,0.0,N
1275400,1401475400,758022981,2026-03-22,Ghardimaou,80.82697004358982,0.0,N
1391752,1401555730,758022984,2026-03-24,Djerba 1,47.7169443843324,0.0,N
14012014,1415408114,758022985,2026-03-20,Mutuelleville,2606.0367267443658,0.0,N
1294132,1401494132,758022987,2026-03-23,Zarzis 1,51.473088694469354,0.0,N
14140130,1415557356,758022988,2026-03-02,Sfax 2,409.1826135344854,0.0,N
1807136,1414193556,758022994,2026-03-22,Gabès 1,94.59919003307881,0.0,N
1487520,1401939206,758022998,2026-03-23,Gabès 4,100.69279995053638,0.0,N
1392728,1401754132,758023006,2026-03-21,Kairouan 2,111.2931647447986,0.0,N
1537014,1401759354,758023011,2026-03-24,Djerba 1,139.11645593099826,0.0,N
1575994,1401736150,758023012,2026-03-18,La Marsa,36.21355921723808,0.0,N
1412778,1400012778,758023013,2026-03-22,Bizerte,250.9824713265527,0.0,N
1121296,1415535888,758023014,2026-03-22,Zarzis 1,278.2329118619965,0.0,N
1753314,1401921260,758023018,2026-03-06,Ennasr,268.55658948279597,0.0,N
1569266,1401753060,758023025,2026-03-23,Ghardimaou,80.82697004358982,0.0,N
1373094,1401395292,758023026,2026-03-24,Ghardimaou,111.2931647447986,0.0,N
1093152,1400893734,758023028,2026-03-19,Chebba,92.74615884007791,0.0,N
1566808,1401127536,758023029,2026-03-22,Raoued,37.18551952267598,0.0,N
1271330,1414173326,758023030,2026-03-18,Lac II,433.89587906142765,0.0,N
1266600,1414014114,758023033,2026-03-23,Zarzis 1,25.040962067579684,0.0,N
1413510,1401460134,758023035,2026-03-23,Bizerte,86.45500355519832,0.0,N
1759552,1414093386,758023041,2026-03-22,Sfax 4,84.33517791448976,0.0,N
1558606,1401513772,758023047,2026-03-23,Bizerte,41.48978266918107,0.0,N
1154706,1401486780,758023049,2026-03-15,Ariana,534.5688935604538,0.0,N
1791200,1415407618,758023051,2026-03-21,Bizerte,111.2931647447986,0.0,N
1593086,1401793340,758023057,2026-03-08,El Menzah,692.3894024175349,0.0,N
14001368,1415415352,758023061,2026-03-15,Raoued,1837.913253161035,0.0,N
1692092,1401953750,758023062,2026-03-20,Djerba 2,216.40337589266395,0.0,N
1313914,1401513914,758023063,2026-03-18,Gabès 4,13.911645593099825,0.0,N
1557748,1401755334,758023065,2026-03-10,Beni Khalled,581.197638111726,0.0,N
1732976,1414127520,758023067,2026-03-22,Djerba 2,84.13794169474758,0.0,N
1335752,1414129218,758023071,2026-03-23,Béja,139.11645593099826,0.0,N
1095294,1414135314,758023072,2026-03-21,Gabès 2,111.2931647447986,0.0,N
1751354,1414078674,758023073,2026-03-23,El Mechtel,69.55822796549913,0.0,N
973608,1400781206,758023074,2026-03-20,Boussalem,111.2931647447986,0.0,N
1359666,1414121496,758023075,2026-03-22,Menzel Bourguiba,41.56799703218228,0.0,N
1535886,1401517418,758023079,2026-03-23,Zarzis 1,111.12591585000155,0.0,N
1737538,1414132806,758023088,2026-03-08,El Jem,108.20168794633197,0.0,N
1375606,1401575606,758023089,2026-03-16,Djerba 2,300.83408044022633,0.0,N
1375138,1401734712,758023090,2026-03-23,Sousse 1,111.2931647447986,0.0,N
1673596,1414011596,758023091,2026-03-16,Kairouan 2,543.3709463010481,0.0,N
1747350,1414135690,758023092,2026-03-22,Zarzis 1,100.69249080285653,0.0,N
1008870,1401613952,758023093,2026-02-07,Ghardimaou,225.67718799270412,0.0,N
1487318,1401595394,758023096,2026-03-24,Kairouan 1,111.2931647447986,0.0,N
1681476,1401948888,758023102,2026-03-25,Ain Zaghouan,33.212662688966525,0.0,N
1358880,1414190754,758023103,2026-03-20,Gabès 4,195.71521315732525,0.0,N
1414012,1400014012,758023106,2026-03-23,Gabès 4,278.2329118619965,0.0,N
1715070,1414153872,758023109,2026-03-23,Gabès 2,111.2931647447986,0.0,N
1149958,1400992968,758023111,2026-03-24,Ghardimaou,63.993569728259196,0.0,N
1537500,1400971768,758023113,2026-03-23,Mahdia,946.0206510650138,0.0,N
1357912,1414152952,758023116,2026-03-19,Beni Khalled,4637.215197699941,0.0,N
1758108,1414092952,758023117,2026-03-23,Mahdia,2572.270380560794,0.0,T
1368814,1401389520,758023119,2026-03-19,Djerba 2,117.82390948155935,0.0,T
1486118,1401594698,758023121,2026-03-24,Soliman,66.80093980894674,0.0,N
1357920,1401573808,758023122,2026-03-24,Djerba 1,27.252913716882556,0.0,N
1193694,1401979154,758023130,2026-03-23,Béja,185.48860790799765,0.0,N
894920,1401692160,758023137,2026-03-23,Grombalia,61.829535969332554,0.0,N
1391592,1401677728,758023138,2026-03-24,Grombalia,105.72850650755866,0.0,N
14010734,1415541510,758023139,2026-03-24,Grombalia,111.2931647447986,0.0,N
1309814,1401391532,758023146,2026-03-25,Raoued,42.151976999412625,0.0,N
1175376,1401155326,758023147,2026-03-26,Lac II,69.55822796549913,0.0,N
1739500,1414137316,758023148,2026-03-25,El Kram,75.12288620273905,0.0,N
1775938,1414115732,758023151,2026-03-27,Mutuelleville,83.46987355859895,0.0,N
1676600,1401939600,758023156,2026-03-26,Gabès 2,80.82697004358982,0.0,N
14149396,1415533576,758023158,2026-03-23,Sahloul,111.2931647447986,0.0,N
1321760,1415415914,758023161,2026-03-26,Ennasr,77.51599839243207,0.0,N
1715348,1414009916,758023167,2026-03-26,El Jem,102.94617738893871,0.0,N
1214154,1401414154,758023168,2026-02-17,El Menzah,219.95857421090057,0.0,N
1332130,1401160732,758023170,2026-03-26,Zarzis 1,123.65907193866511,0.0,N
1115088,1400915474,758023172,2026-03-27,Ezzahrouni,105.65863913191332,0.0,N
1013614,1400774774,758023173,2026-03-17,Raoued,58.305252419080595,0.0,N
994954,1400749952,758023174,2026-03-26,Ghardimaou,78.70652610752157,0.0,N
1701128,1415400000,758023175,2026-03-25,Soliman,38.95260766067951,0.0,N
1291366,1401954752,758023182,2026-01-16,Zarzis 1,27749.714347543824,286.2877546604013,N
14017552,1415550754,758023183,2026-03-26,Gabès 1,261.5389371502767,0.0,N
1779386,1414131990,758023185,2026-03-18,Bardo,488.1262559124494,0.0,N
1395354,1401595354,758023188,2026-03-20,Bizerte,111.2931647447986,0.0,N
1301176,1415412952,758023189,2026-03-25,Zarzis 1,139.11645593099826,0.0,N
1739274,1414136948,758023190,2026-03-09,Gabès 1,881.0684143815502,0.0,N
1553580,1415559590,758023193,2026-03-07,Gabès 1,216.40337589266395,0.0,N
1353408,1401553408,758023195,2026-03-27,Bizerte,100.16384827031874,0.0,N
1551528,1401493354,758023197,2026-03-24,Djerba 1,104.00377160169414,0.0,N
1413578,1401526954,758023201,2026-03-08,Sfax 2,987.3626611432281,0.0,N
1581326,1400181326,758023204,2026-03-27,Mutuelleville,96.540328314836,0.0,N
1501510,1414167380,758023205,2026-03-23,Soliman,55.090116548675304,0.0,N
1471534,1414095350,758023207,2026-03-26,Gabès 3,104.00315330633444,0.0,N
1369352,1401569352,758023208,2026-03-27,Sousse 3,111.2931647447986,0.0,N
1121526,1401314066,758023210,2026-03-26,Sousse 1,139.11645593099826,0.0,N
1774092,1414101518,758023211,2026-03-26,Menzel Bourguiba,87.44891334590534,0.0,N
1731350,1401889548,758023215,2026-03-25,Boussalem,89.39623458125948,0.0,N
1359532,1401687214,758023216,2026-03-18,Bizerte,218.1546974989953,0.0,N
1279010,1401813988,758023221,2026-03-27,Jendouba,22.28645624014592,0.0,N
1757536,1401861528,758023222,2026-03-26,Zarzis 1,72.54954091569543,0.0,N
1359466,1401151678,758023224,2026-03-26,Gabès 2,77.48910254428542,0.0,N
1609498,1414193152,758023228,2026-03-25,Djerba 2,124.19853463999753,0.0,N
1571370,1401747334,758023229,2026-03-26,Beni Khalled,89.10439917148422,0.0,N
1392188,1415532758,758023230,2026-03-25,Ezzahrouni,85.94614647417072,0.0,N
1501500,1400711914,758023231,2026-03-24,La Marsa,92.74430395399882,0.0,N
1719334,1415549886,758023236,2026-03-17,Sfax 4,139.11645593099826,0.0,N
1554152,1401527520,758023240,2026-03-24,Sfax 5,111.2931647447986,0.0,N
1479328,1401595510,758023241,2026-03-27,Zarzis 1,119.6256221597057,0.0,N
1755332,1415535074,758023243,2026-03-07,Gabès 1,368.08637586174916,0.0,N
1757590,1414169394,758023249,2026-03-26,Sidi Hessine,97.38151915169877,0.0,N
686688,1401496950,758023250,2026-03-11,Soukra,444.24490679197453,0.0,T
1331556,1415413286,758023252,2026-03-27,La Marsa,139.11645593099826,0.0,N
1681314,1415535334,758023253,2026-03-27,Medjez El Bab,50.51844065910286,0.0,N
769598,1401290798,758023254,2026-03-26,Ghardimaou,91.28821838192106,0.0,N
1487614,1414015594,758023256,2026-03-27,Ghardimaou,857.35895137107,0.0,N
1479374,1401581120,758023259,2026-03-27,Jendouba,111.2931647447986,0.0,N
1409894,1401535988,758023271,2026-02-09,La Goulette,933.7094630104801,0.0,N
1532688,1401694014,758023272,2026-03-27,Gabès 3,74.20502674127431,0.0,N
1558954,1401506194,758023274,2026-03-20,Grombalia,312.23884749744957,0.0,N
1509552,1401615732,758023276,2026-03-24,Mutuelleville,1921.9708164590227,0.0,N
1511938,1414175946,758023278,2026-03-23,Chebba,139.11645593099826,0.0,N
1755992,1414088746,758023279,2025-11-25,Teboulba,166.9397471171979,0.0,N
955948,1401921890,758023282,2026-03-21,Chebba,0.0,463.72151976999413,N
1691760,1401967170,758023283,2026-03-21,Chebba,373.25563421646524,0.0,N
1395350,1414127968,758023286,2026-02-28,Hammamet 1,250.44424521593967,0.0,N
1335328,1401535328,758023288,2026-03-28,Jendouba,111.2931647447986,0.0,N
1281536,1401481536,758023290,2026-03-27,Ain Zaghouan,70.56233962964109,0.0,N
1533498,1400133498,758023296,2026-03-27,La Goulette,989.2725755093209,0.0,N
895920,1401101018,758023297,2026-03-28,Sousse 3,152.30067703341888,0.0,N
1795968,1414172900,758023298,2026-03-27,Ain Zaghouan,66.92027081336755,0.0,N
1274994,1401474994,758023299,2026-03-28,Lac II,98.04371348193033,0.0,N
775210,1414099752,758023301,2026-03-22,Chebba,299.3412062942468,0.0,N
1512730,1400112730,758023305,2026-03-24,Gabès 4,47.299595016539406,0.0,N
1281736,1401351112,758023309,2026-03-27,El Menzah,64.13825084242742,0.0,N
1557808,1401513534,758023312,2026-03-28,Djerba 2,100.89312764707701,0.0,N
1770948,1414117666,758023313,2026-03-27,Ain Zaghouan,111.2931647447986,0.0,N
1211198,1401101206,758023318,2026-03-27,Ain Zaghouan,108.20137879865212,0.0,N
1675172,1401936954,758023320,2026-03-14,Testour,573.2259560392,0.0,N
1271572,1401211934,758023322,2026-01-23,Gabès 1,911.9856555476551,0.0,N
1597686,1401793332,758023332,2026-03-26,Ghardimaou,72.21782545521997,0.0,N
1473560,1401569296,758023335,2026-03-27,Gabès 4,111.2931647447986,0.0,N
1506616,1414172994,758023339,2026-03-27,Lafayette,127.84709555754785,0.0,N
1615148,1401953530,758023340,2026-03-27,Ain Zaghouan,46.06145855875352,0.0,N
1675534,1401937536,758023342,2026-03-28,Kairouan 2,251.32531610350264,0.0,T
813472,1401371920,758023343,2026-03-26,Bizerte,100.69279995053638,0.0,N
1729110,1414158972,758023344,2026-03-18,Lafayette,104.46780226914397,9.916839274121248,N
1372130,1401572130,758023345,2026-02-07,Bizerte,205.94212755433273,0.0,N
1517314,1414153708,758023346,2026-03-28,Nabeul 2,111.2931647447986,0.0,N
739920,1400676606,758023347,2026-02-13,Bizerte,480.4584660092126,0.0,N
1534148,1401969516,758023349,2026-03-28,Zarzis 1,38.95260766067951,0.0,N
1357406,1401693952,758023351,2026-03-28,Jendouba,95.72572417844005,0.0,N
955474,1400687392,758023353,2026-03-22,Ariana,13041.426098247133,0.0,N
1201752,1414174936,758023360,2025-11-09,Sfax 2,35724.80353664946,8369.80090889418,N
1101926,1400901486,758023361,2026-03-28,Bizerte,89.03453179583887,0.0,N
1538606,1414066126,758023362,2026-03-16,Kairouan 2,262.77552786966334,0.0,N
1611474,1401816136,758023364,2026-03-25,Djerba 2,72.34055708411908,0.0,N
1277374,1415413500,758023365,2026-03-26,Mahdia,53.74903391350048,0.0,N
1090952,1400894096,758023366,2026-03-27,Béja,552.7554332704733,0.0,N
1816940,1415401332,758023368,2026-03-23,Ariana,1365.3816428107707,0.0,T
1749272,1401927474,758023369,2026-03-28,Jendouba,139.11645593099826,0.0,N
1332688,1401953154,758023377,2026-03-25,Menzel Bourguiba,28.246205212229885,0.0,N
1321914,1401157534,758023379,2026-03-22,Ain Zaghouan,32536.312177327112,1345.0700219494854,N
1557534,1401689546,758023382,2026-03-27,Mahdia,168.29628713636504,0.0,N
1753312,1414159352,758023389,2026-03-25,Grombalia,108.5006337527437,0.0,N
14011594,1415419758,758023390,2026-03-26,Grombalia,111.2931647447986,0.0,N
1475008,1401700014,758023392,2026-03-28,Grombalia,278.2329118619965,0.0,N
1673746,1401933992,758023394,2026-03-27,Chebba,59.68003215135871,0.0,N
1730736,1414121894,758023395,2026-03-16,Hammamet 2,1336.0648591832319,0.0,N
1015534,1414133676,758023400,2026-03-27,Soliman,439.60800074195447,0.0,N
1313726,1401513726,758023405,2026-03-27,Ain Zaghouan,38.77732092620645,0.0,N
1486600,1414113534,758023407,2026-03-29,Bizerte,70.89405509011655,0.0,N
911480,1400728746,758023414,2026-03-29,Béja II,105.72850650755866,0.0,N
1134672,1401872812,758023415,2026-03-19,Djerba 1,2449.002689584815,0.0,N
919290,1415414134,758023416,2026-03-19,Sousse 3,111.2931647447986,0.0,N
1274698,1401218016,758023417,2026-03-29,Mutuelleville,52.683092713389186,0.0,N
1793750,1414160934,758023419,2026-03-28,Mutuelleville,97.38121000401893,0.0,N
1148616,1401956752,758023421,2026-03-19,Sousse 3,194.76303830339754,0.0,N
14001572,1415401554,758023423,2026-03-28,Bizerte,2009.459919003308,0.0,N
1133734,1401938814,758023424,2026-03-27,Lac II,0.0,139.11645593099826,N
1381472,1401953614,758023425,2026-03-19,Sousse 3,68.70559866448203,0.0,N
1599878,1401797332,758023426,2026-03-27,Enfidha,33.38794942343958,0.0,N
1594994,1400194994,758023427,2026-03-28,Bizerte,111.2931647447986,0.0,N
1339946,1401539946,758023428,2026-03-19,Bizerte,63.993569728259196,0.0,N
794676,1401306614,758023430,2026-03-19,Jendouba,94.59919003307881,0.0,N
1130874,1414132956,758023431,2026-03-27,Lafayette,139.11645593099826,0.0,N
1737208,1414134798,758023434,2026-03-19,Sousse 3,44.51726589791944,0.0,N
1573168,1401887354,758023435,2026-03-27,Gabès 3,111.10149318329367,0.0,N
1330894,1401473474,758023437,2026-03-28,Djerba 1,111.2931647447986,0.0,N
1359326,1401357496,758023440,2026-03-28,Sfax 2,111.2931647447986,0.0,N
1559556,1400939772,758023441,2026-03-29,Bizerte,67.5830834389588,0.0,N
1133950,1400953328,758023442,2026-03-29,Raoued,90.75926670170341,0.0,N
14011780,1415554128,758023443,2026-03-26,Soliman,97.38151915169877,0.0,N
1267498,1401926992,758023452,2026-03-28,Sousse 3,44.51726589791944,0.0,N
1418158,1401469908,758023455,2026-03-28,Bizerte,77.51599839243207,0.0,N
1373754,1401395390,758023458,2026-03-29,Chebba,179.59037932420318,0.0,N
14006808,1415412998,758023459,2026-03-29,Zarzis 1,72.31180634989335,0.0,N
1556614,1401735152,758023460,2026-03-29,Gabès 1,69.55822796549913,0.0,N
1179534,1401121512,758023468,2026-03-26,Lac II,69.23826011685783,0.0,N
1806936,1414192194,758023469,2026-03-28,Jendouba,29.471048319782362,0.0,N
1367348,1401751550,758023471,2026-03-26,Sousse 2,334.19173339104094,0.0,N
1708756,1401998714,758023474,2026-03-29,Soukra,103.00986181098712,0.0,N
1293688,1415533276,758023476,2026-03-25,Les Berges du Lac,111.2931647447986,0.0,N
14001730,1415415798,758023477,2026-03-28,Sfax 1,80.4955637307942,0.0,N
1514940,1414193676,758023478,2026-03-28,Djerba 2,50.08192413515937,0.0,N
973474,1415533550,758023481,2026-03-19,Sousse 3,139.11645593099826,0.0,N
781306,1401313188,758023482,2026-03-26,Ezzahrouni,84.13794169474758,0.0,N
1814876,1414177066,758023489,2026-03-28,Zarzis 1,66.21943302315516,0.0,N
1719368,1414153532,758023490,2026-03-28,Sfax 2,111.2931647447986,0.0,N
998918,1401959414,758023491,2026-03-28,Sousse 3,126.05342071907751,0.0,N
1752934,1414068674,758023510,2026-03-19,Sousse 3,71.76863387640276,0.0,N
1793510,1414159592,758023511,2026-03-28,Grombalia,86.25220267721892,0.0,N
1553574,1400153574,758023513,2026-03-29,Boussalem,170.0052555105574,0.0,N
1153546,1401537330,758023515,2026-03-30,Ghardimaou,110.62509660864995,0.0,N
1490112,1401419356,758023517,2026-03-28,Bizerte,1512.9743098278047,0.0,N
1293340,1401493340,758023518,2026-03-29,Ain Zaghouan,46.06145855875352,0.0,N
1555752,1400155752,758023520,2026-03-30,Bizerte,72.17918199523913,0.0,N
1311772,1401937150,758023523,2026-03-29,Lac II,905.0119021856741,0.0,N
1311772,1401937150,758023523,2026-03-29,Lac II,6101.12993476984,0.0,N
1535206,1401513328,758023529,2026-03-29,Sousse 3,83.46987355859895,0.0,N
1019132,1414116934,758023530,2026-03-29,Ain Zaghouan,78.83976875753548,0.0,N
1721088,1401870736,758023533,2026-03-29,Zarzis 1,80.52029554518194,0.0,N
1752752,1414093260,758023539,2026-03-30,Kelibia,76.86709741243392,0.0,N
1728698,1414158170,758023541,2026-03-30,Zarzis 1,111.2931647447986,0.0,N
1813370,1414180192,758023547,2026-03-19,Sousse 3,139.11645593099826,0.0,N
1355152,1401299540,758023549,2026-03-30,Bizerte,97.38182829937863,0.0,N
14009516,1415418132,758023550,2026-03-06,Zarzis 1,1034.098989087087,0.0,N
1089676,1401761476,758023554,2026-03-06,Bizerte,1190.2185674096518,0.0,N
1333952,1401533952,758023557,2026-03-29,Bizerte,55.772714625776736,0.0,N
1616978,1414015486,758023558,2026-03-27,Ezzahrouni,240.0528642532538,0.0,N
14148732,1415533738,758023560,2026-03-29,Médenine,8619.022475036325,22.053358889541535,N
14148732,1415533738,758023560,2026-03-29,Médenine,1545.7383992333139,0.0,N
1721338,1401871128,758023561,2026-03-29,Sfax 5,84.80570068321637,0.0,N
1511356,1400753610,758023563,2026-03-29,Mutuelleville,64.2718026401212,0.0,N
1757292,1414089732,758023565,2026-03-29,Sousse 3,107.3147432528519,0.0,N
1394674,1401678816,758023566,2026-03-02,Ghardimaou,109.9026184808483,0.0,N
797374,1400953390,758023572,2026-03-29,Bizerte,111.2931647447986,0.0,N
1557356,1401868756,758023573,2026-03-29,Soliman,111.2931647447986,0.0,N
1359312,1415407328,758023575,2026-03-29,Zarzis 1,75.12288620273905,0.0,N
1609152,1415534814,758023576,2026-03-26,Enfidha,417.3493677929947,0.0,N
1291312,1415533546,758023579,2026-03-28,El Jem,0.0,38723.838377592976,N
1291312,1415533546,758023579,2026-03-28,El Jem,3562.8073700806876,0.0,N
1490174,1414071078,758023583,2026-03-30,Bizerte,102.64012118589051,0.0,N
921488,1400661528,758023585,2026-03-30,Lac II,96.98271864469658,0.0,N
1301740,1401735552,758023590,2026-03-28,Bizerte,130.76946857513835,0.0,N
1212766,1401793490,758023593,2026-02-28,Bizerte,216.42687111633228,0.0,N
1489334,1414090736,758023595,2026-03-27,Kairouan 2,1390.9775249636753,0.0,N
1521210,1401973068,758023596,2026-03-30,Sousse 3,103.83621355921724,0.0,N
1727616,1401895336,758023601,2026-03-29,Sfax 2,80.82635174823014,0.0,N
14017616,1415552792,758023603,2026-03-22,Zarzis 1,9025.90781216187,0.0,N
1736610,1414133352,758023607,2026-03-19,Sousse 3,49.91498438804217,0.0,N
1741374,1414075532,758023608,2026-03-29,Teboulba,451.35561257612767,0.0,N
1679668,1401953576,758023610,2026-03-28,Gabès 2,82.81602621572326,0.0,N
1553572,1401532136,758023613,2026-03-30,Djerba 1,111.2931647447986,0.0,N
1071340,1400930794,758023614,2026-03-19,Gabès 4,69.55822796549913,0.0,N
1577332,1401759374,758023615,2026-03-29,Menzel Temim,111.2931647447986,0.0,N
1575672,1400175672,758023618,2025-11-22,Djerba 2,2009.2530992054906,0.0,N
1793752,1414146180,758023619,2026-03-25,Sfax 4,0.0,463.72151976999413,N
1533488,1401713294,758023623,2025-11-28,Enfidha,321.8845642563453,0.0,N
1589312,1401955734,758023625,2026-01-16,Korba,111.2931647447986,0.0,N
1514094,1401752978,758023626,2026-03-25,Grombalia,49.46362877546604,0.0,N
1301328,1401266816,758023631,2026-03-29,Chebba,75.12288620273905,0.0,N
1726718,1414155486,758023634,2026-03-29,Sfax 4,100.16384827031874,0.0,N
1338608,1401191388,758023637,2026-03-19,Sousse 3,105.72850650755866,0.0,N
14155390,1415534136,758023641,2026-03-30,Teboulba,130.4915448109562,0.0,N
14153192,1415527358,758023648,2026-03-28,Les Berges du Lac,2001.59303799425,0.0,N
1797556,1414167520,758023665,2026-03-28,Sfax 4,66.21943302315516,0.0,N
1393308,1401414736,758023668,2026-03-29,Ariana,406.3746251584382,0.0,N
1555486,1414134748,758023671,2026-03-29,Sousse 3,125.20481033789842,0.0,N
871418,1401776006,758023673,2026-03-30,El Menzah,19.47599468265991,0.0,N
1335706,1414193486,758023680,2026-03-28,Djerba 2,111.2931647447986,0.0,N
1513158,1401750930,758023681,2026-03-30,Medjez El Bab,21.4913284075803,0.0,N
1735294,1414129152,758023682,2026-03-26,La Marsa,83.46987355859895,0.0,N
879928,1400613188,758023684,2026-03-28,Medjez El Bab,83.97069279995054,0.0,N
1491800,1401751314,758023687,2026-03-15,Ariana,9569.53720592327,950.1681763378366,N
800816,1401332690,758023688,2026-03-30,La Goulette,139.11645593099826,0.0,N
1535340,1400875378,758023692,2026-03-30,Bizerte,231.86075988499707,0.0,N
1551910,1400875736,758023697,2026-02-20,Jendouba,211.766160694964,0.0,N
801866,1401333920,758023702,2026-03-28,Djerba 1,111.2931647447986,0.0,N
1709550,1414001570,758023703,2026-03-30,Gabès 2,125.20481033789842,0.0,N
1810178,1414187914,758023704,2026-03-28,Gabès 2,89.03453179583887,0.0,N
1769488,1414113270,758023705,2026-03-20,Zarzis 1,1018.6688100905803,0.0,N
953548,1414154154,758023706,2026-03-30,Mahdia,139.11645593099826,0.0,N
1769938,1414115928,758023709,2026-03-29,M'saken,222.5863294895972,0.0,N
1192080,1401108078,758023713,2026-03-28,Zarzis 1,69.55822796549913,0.0,N
1217286,1415536978,758023716,2026-03-30,Bizerte,111.2931647447986,0.0,N
775948,1401693558,758023718,2026-03-30,Korba,58.738059170865924,0.0,N
1773374,1414134932,758023719,2026-03-27,Testour,100.16384827031874,0.0,N
1600148,1401797794,758023725,2026-03-28,La Marsa,89.43487804124031,0.0,N
1794930,1414174896,758023726,2026-03-31,El Jem,124.4282313661236,0.0,N
1580910,1415401332,758023732,2026-03-31,Grombalia,166.9397471171979,0.0,N
1535292,1415554974,758023733,2026-03-30,Soliman,111.2931647447986,0.0,N
995388,1401353578,758023735,2026-03-30,Djerba 2,611.6486845766223,0.0,N
1754674,1414072750,758023743,2026-03-30,Grombalia,65.38473428756917,0.0,N
1581146,1414013292,758023744,2026-03-30,Jendouba,89.54091569542771,0.0,N
934998,1400957320,758023749,2026-03-31,Ghardimaou,105.72850650755866,0.0,N
1533092,1400133092,758023750,2026-03-28,Zarzis 1,63.4371039045352,0.0,N
1333732,1401347720,758023756,2026-02-05,Sfax 2,4941.548520728352,2120.7530837481067,N
1371920,1414151508,758023763,2026-03-29,Béja II,111.2931647447986,0.0,N
1309788,1401972892,758023765,2026-03-30,Bizerte,98.92725755093208,0.0,N
873946,1401151278,758023766,2026-03-31,Chebba,927.4430395399883,0.0,N
1558958,1401507552,758023768,2026-03-31,Kairouan 1,58.97393885058893,0.0,N
14147396,1415531346,758023772,2026-04-02,Ghardimaou,87.44891334590534,0.0,N
1073596,1401153274,758023777,2026-03-31,El Jem,233.7623272637339,0.0,N
915892,1401747290,758023778,2026-04-03,Enfidha,63.993569728259196,0.0,N
1513374,1401749606,758023780,2026-03-31,Chebba,107.97910161684237,0.0,N
1593358,1400193358,758023782,2026-03-31,Djerba 2,89.43487804124031,0.0,N
1617946,1415534936,758023783,2026-04-02,Sfax 1,96.05713049123567,0.0,N
1546940,1400947532,758023787,2026-04-03,Lac II,139.11645593099826,0.0,N
1133874,1401954168,758023789,2026-03-15,Sousse 2,114.38464154326522,0.0,N
1527288,1400127288,758023792,2026-03-31,Mutuelleville,111.2931647447986,0.0,N
1301496,1401267534,758023793,2026-04-03,Mutuelleville,80.02689584814667,0.0,N
1668108,1414015750,758023794,2026-03-24,Hammamet 2,1948.4032522335922,0.0,N
1311814,1401818186,758023795,2026-04-01,La Marsa,139.11645593099826,0.0,N
1671352,1401927320,758023800,2026-04-02,Djerba 1,1415.1244319411383,0.0,N
1571600,1400171600,758023801,2026-04-03,Djerba 2,94.59919003307881,0.0,N
889348,1401921594,758023806,2026-04-01,Bizerte,50.899928896033636,0.0,N
1587352,1401348868,758023808,2026-04-03,Sousse 3,66.21943302315516,0.0,N
1677066,1401941310,758023810,2026-03-31,Djerba 1,1353.7963335085171,0.0,N
1501266,1401998192,758023811,2026-04-01,Boussalem,92.70720623241724,0.0,N
1516932,1401732668,758023815,2026-04-03,Béja II,70.89374594243671,0.0,N
1814772,1414196674,758023818,2026-03-31,El Jem,111.2931647447986,0.0,N
1469558,1401572766,758023820,2026-03-31,Kairouan 2,75.13927102977092,0.0,N
1549518,1415532814,758023823,2026-04-01,Ghardimaou,108.30772560051938,0.0,N
1561314,1400161314,758023824,2026-04-02,Zarzis 1,46.37215197699941,0.0,N
1597972,1414155290,758023825,2026-03-11,Ghardimaou,1256.2132500695584,0.0,N
1500192,1414121874,758023826,2026-04-03,Mutuelleville,60.93733576529508,0.0,N
1373938,1401955530,758023828,2026-04-02,Mutuelleville,83.46987355859895,0.0,N
1094140,1401794186,758023831,2026-03-31,Medjez El Bab,96.72736266114323,0.0,N
1795792,1414172612,758023839,2026-03-03,Djerba 2,1082.9103162580766,0.0,N
1553354,1401481358,758023842,2026-03-31,Djerba 1,53.71131789655919,0.0,N
950974,1400697554,758023847,2026-04-02,Ghardimaou,104.00377160169414,0.0,N
1610940,1401817130,758023848,2026-03-17,Gabès 2,265.2487093084367,0.0,N
1354972,1401155728,758023850,2026-04-01,Lac II,85.4008099669212,0.0,N
14140746,1415559494,758023851,2026-04-02,Sfax 1,75.12288620273905,0.0,N
1616194,1401953874,758023853,2026-03-31,Gabès 1,94.49346152657125,0.0,N
1735952,1414132138,758023856,2026-04-02,Ain Zaghouan,1526.6847002813245,0.0,N
1133274,1400955972,758023861,2026-04-02,Bizerte,33.874857019198075,0.0,N
1527374,1400877180,758023864,2026-03-29,Bizerte,2576.3245432343033,226.2135592172381,N
1177092,1401157940,758023870,2026-04-01,Bizerte,85.94614647417072,0.0,N
1796754,1414167532,758023871,2026-04-01,Raoued,81.49380158901909,0.0,N
1699996,1401995372,758023875,2026-04-02,Djerba 2,334.9210127677992,0.0,N
1175814,1401155276,758023879,2026-04-02,Gabès 4,89.12387547531456,0.0,N
1732600,1415417572,758023880,2026-04-02,El Jem,73.73172164342907,0.0,N
1281952,1401481952,758023881,2026-03-28,Zarzis 1,457.1960305437908,0.0,N
1312012,1401273278,758023885,2026-04-03,Bizerte,26.432126626889666,0.0,N
1333274,1414130138,758023889,2026-04-01,Bizerte,111.2931647447986,0.0,N
871538,1401775474,758023890,2026-04-01,Zarzis 1,61.211240609639226,0.0,N
1261750,1401353478,758023892,2026-03-30,La Marsa,123.65907193866511,0.0,N
1751686,1414081360,758023896,2026-03-06,Sousse 1,154.57383992333138,0.0,T
1100008,1401732012,758023899,2026-03-11,Zarzis 1,86.56135035706558,0.0,N
752994,1415521346,758023904,2026-03-30,Ghardimaou,75.98849970630971,0.0,N
1717748,1414016132,758023911,2026-03-18,Zarzis 1,84.18122236992612,0.0,N
695936,1401736972,758023912,2026-03-25,Ariana,111.2931647447986,0.0,N
1355952,1401713210,758023914,2026-03-20,Zarzis 1,21.177234364856094,0.0,N
916768,1414097114,758023919,2026-04-01,Gabès 2,341.2613225337744,0.0,N
1575152,1400175152,758023923,2026-03-09,Bizerte,114.38464154326522,0.0,N
1757946,1414193358,758023924,2026-03-14,Beni Khalled,109.7322781092528,0.0,T
1572094,1401737594,758023925,2026-03-27,Ariana,2807.4792098185303,463.72151976999413,N
1533598,1401272732,758023926,2026-04-03,Lac II,97.38151915169877,0.0,N
1697728,1401979528,758023928,2025-12-26,Sfax 2,54.96027452313971,0.0,N
1798952,1415419336,758023929,2026-02-09,Sfax 2,127.8201997094012,0.0,N
1413334,1401529414,758023931,2026-04-03,Gabès 2,60.376232726373395,0.0,N
14155538,1415521754,758023934,2026-04-01,Grombalia,65.26787646458713,0.0,N
1668730,1401935588,758023935,2026-04-02,Grombalia,122.11240609639225,0.0,N
1735192,1414131386,758023937,2026-04-03,Sousse 3,71.61962469471668,0.0,N
1797732,1415526712,758023941,2026-04-04,Jendouba,75.19769994126194,0.0,N
1469112,1401727326,758023944,2026-04-04,Bizerte,139.06791974526232,0.0,N
1732952,1415533352,758023948,2026-04-01,Béja II,101.83324574149071,0.0,N
946150,1414181670,758023949,2026-04-04,Mutuelleville,57.89872322008224,0.0,N
1512890,1401395970,758023952,2026-04-03,Mutuelleville,83.46987355859895,0.0,N
1812000,1414191714,758023953,2026-04-03,Béja II,155.81043064271805,0.0,N
976906,1415559312,758023955,2026-04-02,Lac II,189.19868921383747,0.0,N
1774166,1414101298,758023956,2026-03-11,Zarzis 1,1537.099267319999,0.0,N
861330,1401391752,758023957,2026-03-23,Raoued,24331.79676631527,4544.470893745943,N
1333214,1401161176,758023958,2026-04-02,Lac II,98.70590781216187,0.0,N
1289332,1401308126,758023959,2026-04-04,Ariana,115.59155408538659,0.0,N
1072866,1400921350,758023962,2026-04-03,Bizerte,117.47611834173185,0.0,N
977272,1400727928,758023967,2026-04-02,Jendouba,120.72216898012181,0.0,N
1352132,1401896932,758023970,2026-04-04,Ain Zaghouan,451.9800908894179,0.0,N
1333314,1401501936,758023972,2026-04-03,Boussalem,111.2931647447986,0.0,N
1414932,1414109876,758023973,2026-03-23,Lac II,209.52205768695708,0.0,N
1355916,1401817474,758023974,2026-04-04,Chebba,105.39184468420565,0.0,N
1214156,1401095294,758023975,2026-04-03,Menzel Bourguiba,439.4123102606115,0.0,N
1769378,1414113154,758023977,2026-04-03,Ghardimaou,104.00377160169414,0.0,N
14154116,1415521192,758023978,2026-03-31,Djerba 2,83.46987355859895,0.0,N
1061536,1401941710,758023982,2026-04-03,Testour,111.2931647447986,0.0,N
1007338,1400775948,758023984,2026-03-22,La Marsa,893.3564163600953,0.0,N
1195352,1414017914,758023991,2026-04-03,Bizerte,0.0,111.2931647447986,N
1754098,1414107358,758023992,2026-04-03,Gabès 2,304.90926515596504,0.0,N
1795060,1414175274,758023993,2026-04-04,Gabès 1,111.2931647447986,0.0,N
1498186,1401707268,758023996,2026-03-25,Sousse 3,451.44835688008163,0.0,T
1081154,1401129218,758024000,2026-04-01,Sfax 2,111.2931647447986,0.0,N
1494134,1401189092,758024005,2026-04-04,Mutuelleville,28.45611648684577,0.0,N
1311976,1415527552,758024008,2026-03-02,Hammamet 1,139.11645593099826,0.0,N
1807136,1414193556,758024009,2026-04-03,Gabès 1,404.7896250038644,21.30460320895292,N
1558094,1401733932,758024015,2026-04-04,Sousse 3,75.12288620273905,0.0,N
1387576,1414101872,758024018,2026-04-04,Djerba 2,255.15070949392526,0.0,N
1572934,1414077480,758024020,2026-02-20,Sfax 4,1065.1185581352213,0.0,N
909320,1414121752,758024027,2026-04-04,Bizerte,166.9397471171979,0.0,N
1341016,1401541016,758024031,2026-03-13,El Jem,338.54947908615947,0.0,N
1539418,1401898112,758024032,2026-03-17,Beni Khalled,495.6499829968776,0.0,N
1571554,1401748734,758024040,2026-04-01,Ezzahrouni,87.0590781216187,0.0,N
1759568,1401981550,758024047,2026-04-03,Gabès 1,77.90521532135902,0.0,N
1339536,1401541346,758024049,2026-04-04,Kairouan 2,85.07002194948528,0.0,N
1533534,1400133534,758024053,2026-04-03,Bizerte,123.65907193866511,0.0,N
1334176,1401534176,758024056,2026-02-25,Zarzis 1,316.71252357251063,0.0,N
1270972,1414094676,758024057,2026-04-03,Djerba 2,111.2931647447986,0.0,N
909736,1400728120,758024058,2026-04-04,Raoued,60.29832751105203,0.0,N
1393888,1401593888,758024059,2026-04-03,Djerba 2,103.73945033542523,0.0,N
1760676,1414167340,758024060,2026-04-04,Nabeul 2,4241.336445419977,0.0,N
1747346,1414071414,758024061,2026-04-04,Teboulba,139.01443719664886,0.0,N
1341532,1401117892,758024065,2026-04-04,Djerba 2,69.55822796549913,0.0,N
1266926,1400977372,758024074,2026-03-15,Bizerte,61.52038828948589,0.0,T
1166992,1414107540,758024082,2026-01-27,La Marsa,231.86075988499707,0.0,N
927496,1400953318,758024087,2026-03-26,Sousse 3,424.49748044640927,0.0,N
949880,1401375992,758024088,2026-04-03,Menzel Bourguiba,94.07085664822085,0.0,N
1298874,1401917552,758024092,2026-04-04,Boussalem,109.96321142609825,0.0,N
1179894,1401152130,758024095,2026-04-01,Djerba 1,74.19544316319906,0.0,N
1815212,1414195988,758024096,2026-03-14,Lac II,203.53077565152876,0.0,N
1339090,1401338930,758024104,2026-03-29,Djerba 1,679.8157479828114,0.0,N
1717398,1415553138,758024105,2026-03-24,Bizerte,247.58926639255574,0.0,N
1556796,1401735494,758024108,2026-03-23,Bizerte,43.28067517853279,0.0,N
1487210,1401596672,758024111,2026-03-18,Ariana,369.431477416762,0.0,T
1751758,1415551554,758024112,2026-04-04,Sfax 3,194.76303830339754,0.0,N
959566,1401369946,758024116,2026-04-05,Bizerte,111.2931647447986,0.0,N
1512988,1400112988,758024117,2026-04-04,Ain Zaghouan,100.69279995053638,0.0,N
1540736,1401474752,758024124,2026-04-05,Ariana,75.8598942714935,0.0,N
1269514,1401213514,758024132,2026-04-05,Mutuelleville,111.2931647447986,0.0,N
1735958,1401898134,758024137,2026-04-02,Mutuelleville,111.2931647447986,0.0,N
1093120,1414113894,758024144,2026-04-04,Zarzis 1,60.60840263393823,0.0,N
1088710,1415546958,758024145,2026-04-05,Gabès 2,100.42755124122795,0.0,N
1495210,1401613550,758024146,2026-03-15,El Jem,2117.31876217269,0.0,N
1546938,1401707536,758024150,2026-04-05,Kelibia,83.46987355859895,0.0,N
1554600,1401719558,758024151,2026-04-04,Gabès 1,111.2931647447986,0.0,N
1316138,1415552190,758024153,2026-04-05,Jendouba,275.4505827433765,0.0,N
1354120,1401121120,758024155,2026-04-03,Ariana,100.69279995053638,0.0,N
1387670,1401418746,758024156,2026-04-04,El Menzah,131.48452715862368,0.0,N
1515380,1415529266,758024158,2026-04-05,Boussalem,13.911645593099825,0.0,N
1598136,1400198136,758024165,2026-03-23,Bizerte,61.829535969332554,0.0,N
910128,1401875340,758024166,2026-03-17,Lac II,515.2873527684175,0.0,N
14011272,1415541212,758024170,2026-04-05,Gabès 1,139.11645593099826,0.0,N
1747948,1414073966,758024173,2026-02-04,Sousse 3,560.7447367607507,0.0,N
1735554,1415407978,758024175,2026-03-15,Hammamet 2,244.76767551859524,0.0,N
1746774,1414072132,758024178,2026-03-18,Mutuelleville,139.11645593099826,0.0,N
1531812,1401995136,758024180,2026-03-25,Djerba 2,574.4186477880484,0.0,N
1735516,1414153260,758024181,2026-03-31,Gabès 2,207.1258540204656,0.0,N
1186120,1414175552,758024184,2026-03-08,Djerba 2,219.77308560299255,0.0,N
1793120,1414153112,758024185,2026-04-04,Hammamet 2,97.38182829937863,0.0,N
1601130,1401799534,758024189,2026-03-27,Chebba,63.993569728259196,0.0,N
1560738,1400160738,758024190,2026-04-04,Ezzahrouni,37.18551952267598,0.0,N
1534750,1414119294,758024192,2026-03-14,Sfax 5,682.7050421986584,0.0,N
669736,1414094776,758024193,2026-04-04,Chebba,70.23155161220515,0.0,N
1679540,1414129152,758024201,2026-04-05,Béja,111.2931647447986,0.0,N
1480152,1400080152,758024205,2026-04-04,Lac II,276.16100411166417,0.0,N
1533980,1401546106,758024208,2025-11-17,Bizerte,0.0,463.72151976999413,N
1260754,1401326008,758024209,2026-03-18,Gabès 2,2314.7686029616348,0.0,T
1752966,1414094932,758024216,2026-04-05,Gabès 2,83.46987355859895,0.0,N
1149972,1401550760,758024758,2026-03-16,Sfax 2,803.5366494574458,0.0,T
795134,1414130796,758024219,2026-03-30,Gabès 3,58.25300646118651,0.0,N
1815790,1414199392,758024221,2026-04-06,M'saken,72.84137632547068,0.0,N
1068986,1401288866,758024224,2026-04-05,Sfax 2,72.9409218783813,0.0,N
14148752,1415533874,758024226,2026-04-06,Testour,81.66877917581229,0.0,N
1491392,1415401340,758024238,2026-04-06,Medjez El Bab,70.89405509011655,0.0,N
1615536,1414013392,758024244,2026-03-17,Hammamet 2,1237.792376418215,0.0,N
1787272,1414149314,758024251,2026-03-15,Sousse 3,457.36606176770647,0.0,T
1573294,1401753488,758024252,2026-04-03,Soliman,11445.166785173278,7264.970476396575,N
1097352,1414013752,758024253,2026-03-22,Djerba 2,609.0209292979257,0.0,N
1177568,1401157312,758024254,2026-04-05,Béja II,20.867468389649737,0.0,N
14152750,1415527328,758024257,2026-04-06,Enfidha,97.38151915169877,0.0,N
1400130,1401472714,758024262,2026-04-05,El Jem,59.82007605032925,0.0,N
1270772,1401700608,758024266,2026-03-22,Zarzis 1,0.0,463.72151976999413,N
1267414,1401215586,758024269,2026-03-19,Sousse 3,111.2931647447986,0.0,N
1355808,1414132718,758024274,2026-03-29,La Marsa,104.48542368689523,0.0,N
1193290,1414018716,758024283,2026-03-25,Zarzis 1,234.03035830216095,0.0,T
1395508,1401411532,758024287,2026-04-04,Zarzis 1,211.2826537236838,0.0,N
1567386,1401741898,758024289,2026-04-06,Zarzis 1,72.88465700064921,0.0,N
1355738,1401673896,758024293,2026-04-06,Jendouba,989.2725755093209,0.0,N
1691332,1401967212,758024297,2025-08-16,Zarzis 1,7342.572108696325,203.9982069434569,N
1347578,1414119912,758024298,2026-03-25,Sousse 2,123.65907193866511,0.0,T
1815210,1414177720,758024299,2026-04-04,Sfax 4,105.72850650755866,0.0,N
1719012,1414018660,758024300,2026-02-23,Sfax 2,58.738059170865924,0.0,N
1359474,1401559474,758024307,2026-04-06,Ain Zaghouan,0.0,463.72151976999413,N
1153774,1401795356,758024308,2026-04-05,Djerba 2,227.86842674745728,0.0,N
1359292,1400691594,758024309,2026-04-06,Mutuelleville,30.05008192413516,0.0,N
1589192,1400189192,758024313,2026-04-05,Jendouba,44.51726589791944,0.0,N
1553756,1400860194,758024317,2026-04-06,Bizerte,111.2931647447986,0.0,N
1359678,1401555892,758024321,2026-04-06,Ariana,98.92725755093208,0.0,N
1492796,1414073174,758024323,2026-04-03,Bizerte,127.98713945651839,0.0,N
1335558,1401535558,758024326,2026-03-23,Gabès 4,2004.6684391133645,0.0,N
14148752,1415533750,758024327,2026-04-02,Kairouan 1,221.66599684669367,0.0,N
1549350,1401487752,758024328,2026-04-05,Ghardimaou,40.00680124895663,0.0,N
1689952,1401972152,758024330,2026-04-06,Enfidha,94.59919003307881,0.0,N
1769540,1415534152,758024335,2026-04-05,Djerba 1,111.2931647447986,0.0,N
1808952,1414193738,758024336,2026-04-06,Djerba 1,680.1248956626581,0.0,N
1315274,1401750158,758024338,2026-04-05,Grombalia,108.51083562617863,0.0,N
1180126,1401135512,758024341,2026-04-06,La Marsa,111.2931647447986,0.0,N
997534,1400753148,758024342,2026-04-06,Ghardimaou,58.17850187034347,0.0,N
1335194,1401959266,758024346,2026-04-06,Ain Zaghouan,60.96083098896343,0.0,N
1215496,1401415496,758024352,2026-04-06,La Marsa,123.65907193866511,0.0,N
1535538,1414093918,758024356,2026-04-06,Soliman,92.74615884007791,0.0,N
1750748,1401931552,758024357,2026-04-06,Sousse 3,87.20437753114663,0.0,N
1071576,1400933552,758024359,2026-04-07,Testour,111.2931647447986,0.0,N
1715368,1401988792,758024361,2026-04-05,Sousse 2,94.69378922311189,0.0,N
955694,1401351600,758024364,2026-03-28,Bizerte,70.7685411320988,0.0,N
1473534,1401200872,758024365,2026-04-03,Mahdia,700.8591214022939,0.0,N
773952,1401368778,758024371,2026-03-30,Lac II,168.6709741243392,0.0,T
1289526,1400610152,758024373,2026-04-06,Jendouba,53.03026555785699,0.0,N
1527926,1400127926,758024375,2026-04-06,Ezzahrouni,111.2931647447986,0.0,N
1295320,1401773358,758024377,2025-09-22,Djerba 1,166.9397471171979,0.0,N
1538152,1400138152,758024382,2026-04-05,Gabès 4,13.911645593099825,0.0,N
1287680,1401539756,758024383,2026-04-05,Sousse 3,62.612916190064,0.0,N
1557540,1401501154,758024384,2026-04-06,Grombalia,8724.422048412527,0.0,N
1554612,1400154612,758024385,2026-04-06,Sousse 3,111.2931647447986,0.0,N
1115806,1400915666,758024397,2026-04-07,Lac II,1544.030358302161,0.0,N
1060156,1400954158,758024403,2026-04-05,Chebba,54.669984851763694,0.0,N
1477294,1401397870,758024404,2026-04-06,Sousse 3,108.72136519615421,0.0,N
1701552,1401995138,758024409,2025-08-26,Zarzis 1,3301.247720035861,107.10545027359571,N
1588726,1401989568,758024410,2026-03-13,Bizerte,1733.1004420811823,0.0,N
1559568,1400159568,758024416,2026-03-30,Lac II,877.361115404829,0.0,N
1275940,1415539552,758024417,2026-04-06,Lac II,108.51083562617863,0.0,N
1780786,1414136694,758024418,2026-02-24,Boussalem,191.57108850898075,0.0,N
667394,1401359354,758024419,2026-04-06,Soukra,30.605620304819613,0.0,N
774878,1401298154,758024420,2026-04-05,Soukra,111.2931647447986,0.0,N
1794952,1414141126,758024426,2026-04-06,Enfidha,41.734936779299474,0.0,N
1614094,1401801276,758024428,2026-04-06,Ghardimaou,72.34055708411908,0.0,N
1813560,1414193516,758024431,2026-04-07,Chebba,68.90716295174205,0.0,N
795586,1401998878,758024432,2026-04-07,Sousse 3,989.3220391380963,0.0,N
1332008,1401532008,758024439,2026-04-02,Djerba 2,61.211240609639226,0.0,N
1759352,1401873718,758024442,2026-04-06,Béja,83.46987355859895,0.0,N
1557314,1414171506,758024443,2026-04-08,Korba,111.2931647447986,0.0,N
1713506,1414114914,758024444,2026-04-06,Sfax 1,50.08192413515937,0.0,N
891406,1400699526,758024445,2026-04-07,Zarzis 1,105.72850650755866,0.0,N
1548860,1401489532,758024448,2026-04-08,Djerba 1,63.993569728259196,0.0,N
1815394,1414178120,758024449,2026-04-07,L'Aouina,139.11645593099826,0.0,N
1557612,1401733112,758024450,2026-03-09,Sousse 3,109.95764676786101,0.0,N
1773930,1414135952,758024451,2026-04-07,Djerba 1,35.83454416174607,0.0,N
1095474,1414074140,758024452,2026-04-07,Béja II,139.11645593099826,0.0,N
1738952,1414157000,758024455,2026-04-07,Kelibia,44.225739635824034,0.0,N
1672694,1401931948,758024461,2026-02-13,Mutuelleville,135.55043744396698,0.0,N
1691590,1414137798,758024462,2026-04-09,Zarzis 1,278.2329118619965,0.0,N
1573936,1401752714,758024464,2026-04-06,Boussalem,400.82975237270847,0.0,N
14018154,1415553732,758024466,2026-03-20,Gabès 1,81.79212910007111,0.0,N
1747574,1414071296,758024467,2026-02-27,El Menzah,891.7658515472842,0.0,N
1673914,1401935510,758024469,2026-04-10,Jendouba,67.5830834389588,0.0,N
1739948,1401913874,758024470,2026-04-08,Ain Zaghouan,70.56233962964109,0.0,N
1275960,1401475960,758024471,2026-03-13,Jendouba,168.79463319627786,0.0,N
1551592,1401735890,758024475,2026-03-15,Sousse 2,1399.0169103780877,0.0,N
14007332,1415413486,758024476,2026-03-22,La Marsa,104.49191578817202,0.0,N
14141946,1415520752,758024480,2026-04-09,Kairouan 1,66.75333106625035,0.0,N
14007792,1415414888,758024483,2026-03-28,Sfax 4,200.99081831390856,0.0,N
1553892,1401790966,758024489,2026-04-09,Zarzis 1,106.47046093919066,0.0,N
1751474,1414078116,758024491,2026-03-13,Ghardimaou,43.58982285837945,0.0,N
1133354,1400812754,758024494,2026-04-08,Jendouba,111.2931647447986,0.0,N
801114,1401692752,758024495,2026-04-05,Lac II,117.90861594583734,0.0,N
1493208,1415411534,758024496,2026-03-19,Zarzis 1,317.26280644263767,0.0,N
1207974,1415415538,758024498,2026-04-02,Bizerte,4022.365288898507,0.0,N
1195206,1401069356,758024499,2026-04-01,Sousse 3,77.28691996166569,0.0,N
1728740,1415553278,758024502,2026-03-31,Soukra,964.0671468760628,0.0,N
1553814,1400153814,758024503,2026-04-06,Bizerte,4215.563112498841,0.0,T
1547214,1401493472,758024504,2026-04-01,Sfax 2,767.0392926701086,0.0,N
1711326,1414015532,758024506,2026-04-08,Djerba 1,99.32914953473275,0.0,N
1753886,1414090732,758024508,2026-03-08,Gabès 1,98.92725755093208,0.0,N
969152,1401468740,758024511,2026-04-07,Zarzis 1,7365.573005224596,394.0337589266393,N
1689096,1401975340,758024512,2026-03-07,Korba,194.41215568677157,0.0,N
1275000,1401475000,758024513,2026-04-08,Lac II,61.211240609639226,0.0,N
958666,1415415148,758024517,2026-04-10,La Goulette,70.9493925248091,0.0,N
955946,1401351746,758024520,2026-04-10,Medjez El Bab,111.1256067023217,0.0,N
1735926,1401898146,758024521,2026-04-10,Ain Zaghouan,75.86020341917335,0.0,N
1417468,1400017468,758024522,2026-04-08,Djerba 2,77.286301666306,0.0,N
1695394,1401973500,758024523,2026-04-10,Korba,117.24734905864533,0.0,N
1353872,1414119554,758024525,2026-04-06,Gabès 4,340.59789161282345,0.0,N
1326932,1401317554,758024527,2026-03-27,Bizerte,510.09367174699355,0.0,N
1340980,1401919492,758024529,2026-03-15,Ain Zaghouan,92.74430395399882,0.0,N
1269016,1401469016,758024531,2026-01-04,La Marsa,3803.361671870653,166.9397471171979,N
1355754,1401793326,758024534,2026-03-21,Zarzis 1,258.5550437443967,0.0,N
1538128,1400138128,758024535,2026-04-09,Ain Zaghouan,47.7169443843324,0.0,N
1133076,1400955560,758024537,2026-04-07,Lac II,83.4695644109191,0.0,N
1321606,1401954138,758024540,2026-04-03,Lac II,420.44084459146137,0.0,N
1541990,1401476906,758024541,2026-04-07,Ariana,49.78947043002442,0.0,N
1311394,1401511394,758024543,2026-04-09,Boussalem,111.2931647447986,0.0,N
1391474,1401597488,758024544,2026-03-12,Gabès 2,573.4735833307572,0.0,N
1533538,1400133538,758024545,2026-02-27,Bizerte,286.1542028627075,0.0,N
14007150,1415413730,758024546,2026-03-23,Zarzis 1,881.6295174204718,0.0,N
1131906,1415535276,758024547,2026-03-26,Zarzis 1,354.2714934924414,0.0,N
1607366,1414158920,758024550,2025-11-14,Gabès 2,1547.9837388320402,0.0,N
1414000,1401955940,758024551,2026-03-12,Ain Zaghouan,116.76136890592636,0.0,N
1120912,1400934600,758024554,2026-01-05,Lac II,85.54116301357159,0.0,N
1352936,1401552936,758024558,2026-04-10,Ain Zaghouan,27.211178780103257,0.0,N
1529534,1401677354,758024560,2026-03-16,Gabès 2,651.7896559186323,0.0,N
1501300,1401755358,758024561,2025-11-16,Sfax 4,61.829535969332554,0.0,N
1133928,1415529390,758024563,2026-04-07,Testour,122.91062540575633,0.0,N
1752876,1401921174,758024564,2026-04-10,Sousse 2,185.80208365536217,0.0,T
1730188,1414180156,758024573,2026-01-03,Djerba 1,139.11645593099826,0.0,T
1295206,1415537160,758024576,2026-04-09,Mahdia,111.2931647447986,0.0,N
1735330,1414147128,758024577,2026-04-09,Chebba,70.23155161220515,0.0,N
14152738,1415527346,758024578,2026-04-09,Korba,35.72510588308035,0.0,N
1381546,1401581546,758024583,2026-04-09,Chebba,77.38213744705847,0.0,N
1791554,1414154934,758024584,2026-04-10,Enfidha,102.94617738893871,0.0,N
1092666,1401353934,758024586,2026-04-08,Ezzahrouni,72.54954091569543,0.0,N
1295560,1401495560,758024595,2026-04-07,Bizerte,621.7633783658454,0.0,N
1472954,1415535520,758024599,2026-04-10,Enfidha,111.2931647447986,0.0,N
1213132,1400993968,758024602,2026-04-09,Ain Zaghouan,111.2931647447986,0.0,N
1469270,1401897466,758024604,2026-04-10,Lac II,102.01873434939871,0.0,N
1533376,1401533986,758024607,2026-02-24,Mahdia,60.28379757009924,0.0,N
1690950,1401973738,758024609,2025-12-28,Sousse 2,185.48860790799765,0.0,N
14009400,1415417954,758024613,2026-04-06,Bizerte,111.2931647447986,0.0,N
1475358,1401553126,758024622,2026-02-01,Chebba,2745.909048752589,20.96268587504251,N
1779136,1414133074,758024633,2026-04-08,La Marsa,77.90521532135902,0.0,N
1115612,1400932972,758024635,2026-03-29,Mahdia,100.4729959501654,0.0,N
1409352,1401533578,758024640,2026-03-29,Djerba 2,766.6627507960553,0.0,N
1295534,1401495534,758024641,2026-04-10,Bizerte,38.95260766067951,0.0,N
1007520,1401351152,758024643,2026-04-10,Bizerte,829.0351500911986,0.0,N
1273394,1401321552,758024648,2026-04-10,Djerba 1,30.512876000865614,0.0,N
14016106,1415551494,758024650,2026-04-09,Zarzis 1,72.64970476396574,0.0,N
1741518,1401953212,758024652,2026-03-28,Hammamet 2,304.64927195721395,0.0,N
1333492,1401533492,758024654,2025-11-22,Ennasr,1998.7668099050918,0.0,N
1752894,1401921192,758024655,2026-04-10,Sfax 5,72.3114972022135,0.0,N
1573520,1401292914,758024658,2025-10-26,Bizerte,1315.5612576127617,0.0,N
1755354,1414087406,758024660,2025-12-28,Chebba,2625.2437629455594,0.0,N
1575348,1401769554,758024664,2026-04-10,Béja II,111.2931647447986,0.0,N
1274132,1414011408,758024668,2026-02-01,Djerba 1,609.0209292979257,0.0,N
1736934,1414157512,758024669,2026-03-31,Sfax 4,233.80066157603488,0.0,N
1669532,1401933332,758024673,2026-04-10,Boussalem,13.911645593099825,0.0,N
959890,1415419940,758024676,2026-04-09,Ennasr,261.3466472934121,0.0,N
889526,1401761330,758024677,2026-04-10,Zarzis 1,196.43274492224936,0.0,N
1348610,1414141594,758024679,2026-04-11,M'saken,62.51306148947352,0.0,N
1099120,1401550086,758024681,2026-04-12,Djerba 2,106.65193062726065,0.0,N
1667494,1401949494,758024687,2026-03-14,Sfax 4,653.036139363774,27.08875629888398,N
1467414,1400067414,758024692,2026-04-09,Zarzis 1,102.82220916932019,0.0,N
1755574,1414067532,758024693,2025-08-09,Chebba,61.7695613194423,204.03746869879743,N
1191554,1414135554,758024695,2025-11-18,Sfax 4,170.03122391566453,0.0,N
1558918,1401875480,758024696,2026-04-11,Sfax 4,46.06145855875352,0.0,N
1120758,1401095140,758024701,2026-04-10,Djerba 2,528.6548984449872,0.0,N
1795134,1414175358,758024703,2026-04-03,Mutuelleville,108.20168794633197,0.0,N
1389130,1401589130,758024704,2026-04-01,Zarzis 1,171.8768355643491,0.0,N
1768136,1414112194,758024707,2026-04-05,Jendouba,1062.6599066374008,0.0,N
1074680,1401113606,758024709,2026-04-10,Sfax 4,80.68754443997898,0.0,N
1533794,1401920794,758024712,2026-04-10,Gabès 2,91.28821838192106,0.0,N
1400974,1401954918,758024713,2026-03-27,Djerba 2,825.5019012582311,0.0,N
1807136,1414193556,758024714,2026-04-03,Gabès 1,61.829535969332554,0.0,N
973572,1400713554,758024715,2026-04-03,Ain Zaghouan,77.51568924475222,0.0,N
1807136,1414193556,758024718,2026-04-10,Gabès 1,44.51726589791944,0.0,N
1261418,1401461418,758024719,2025-08-19,Ghardimaou,1294.8721674343835,154.57383992333138,N
1375130,1414169332,758024722,2026-04-10,Djerba 2,0.0,463.72151976999413,N
14000892,1415415348,758024724,2026-04-09,Gabès 1,127.98713945651839,0.0,N
1781788,1414138610,758024725,2026-03-30,Sousse 3,1240.7571026679445,0.0,N
1710776,1414014892,758024726,2026-03-24,Sousse 3,1498.3927412124772,0.0,N
1334754,1401309372,758024727,2026-01-20,La Marsa,669.7313506662133,0.0,N
1156734,1401929472,758024733,2026-04-02,Sfax 2,1237.8984140724024,0.0,N
1177336,1401793734,758024734,2026-04-12,Gabès 4,111.2931647447986,0.0,N
1375968,1401399136,758024738,2026-04-12,Menzel Bourguiba,77.51599839243207,0.0,N
14007068,1415413512,758024739,2026-04-11,Mahdia,106.8497851423625,0.0,N
1559860,1400993672,758024741,2026-03-07,Bizerte,157.82514607227873,0.0,N
1314874,1414132734,758024743,2025-10-11,Testour,244.22635793118374,0.0,N
1556106,1401734146,758024744,2026-04-09,Djerba 1,1804.7349058645316,0.0,N
1375714,1401913520,758024745,2026-02-01,Ghardimaou,200.9459919003308,0.0,N
1017374,1400777014,758024747,2026-03-01,Medjez El Bab,414.3478529693635,0.0,N
1534798,1401693666,758024749,2026-04-08,Kairouan 2,109.90200018548862,0.0,N
1552788,1400152788,758024755,2026-04-11,Lac II,80.69867375645346,0.0,N
767886,1401291506,758024756,2026-04-12,Jendouba,67.71941756577117,0.0,N
1357410,1400747734,758024757,2026-04-10,El Jem,1163.6933873311282,0.0,N
1286192,1401359972,758024765,2026-04-11,Lac II,111.2931647447986,0.0,N
1815352,1414196156,758024767,2026-04-08,Chebba,6880.380560793892,5823.513463381458,N
1815352,1414196156,758024767,2026-04-08,Chebba,4349.386341855505,0.0,N
1137296,1400948794,758024769,2026-04-11,Boussalem,111.2931647447986,0.0,N
14155334,1415477336,758024772,2025-08-13,Place Barcelone,3497.6980863758617,212.07407178409127,N
1775468,1414126754,758024777,2026-03-03,El Jem,2785.38349769685,0.0,N
771680,1401295352,758024782,2025-09-20,Mutuelleville,3711.0634680186727,0.0,N
1587870,1414086928,758024785,2025-12-20,Kairouan 1,3608.425820014221,1287.6000865613505,N
1759748,1414095906,758024787,2026-04-10,La Marsa,857.875227996414,0.0,N
951336,1401696918,758024788,2026-04-11,Sfax 2,111.2931647447986,0.0,N
1712148,1415558930,758024793,2026-03-23,Les Berges du Lac,0.0,463.72151976999413,N
1134732,1401737596,758024795,2026-03-23,Boussalem,30.914767984666277,0.0,N
1461418,1400061418,758024798,2026-04-10,La Marsa,13.911645593099825,0.0,N
1309534,1401281540,758024800,2026-01-03,Lafayette,2826.349584196371,0.0,N
1369374,1401389272,758024802,2026-04-10,Sfax 2,77.32061705876897,0.0,N
1672172,1401930934,758024806,2025-09-28,Mutuelleville,3107.6483135994067,0.0,N
1521526,1414120940,758024807,2026-04-11,Ariana,83.46987355859895,0.0,N
1495292,1414192074,758024814,2026-04-10,Soliman,10511.021114786534,0.0,N
1339554,1401539554,758024817,2026-04-12,Bizerte,54.13021300275142,0.0,N
1506756,1401753754,758024818,2026-03-18,Zarzis 1,45.290135097536094,0.0,N
877806,1400610794,758024819,2026-04-07,Chebba,106.07042384146908,0.0,N
1267368,1400947212,758024820,2026-04-12,La Marsa,111.2931647447986,0.0,N
991392,1400753748,758024822,2026-04-11,La Goulette,76.56784245834235,0.0,N
1519672,1414015718,758024825,2026-04-11,Sousse 2,52.97554641852413,0.0,N
1553734,1401871294,758024828,2026-04-04,Ghardimaou,27.82329118619965,0.0,N
1395180,1415411674,758024831,2026-04-02,El Jem,1050.0293690295855,0.0,N
1335140,1414148666,758024832,2026-04-01,Djerba 2,172.12879092342413,0.0,N
1673340,1401933274,758024837,2026-01-24,Sousse 3,241.89167465298175,0.0,N
1208790,1401408790,758024838,2026-03-22,Lac II,967.6322379200544,0.0,N
1330754,1401960760,758024841,2026-04-11,Jendouba,85.37051349429623,0.0,N
1509214,1401756918,758024842,2026-04-06,Beni Khalled,0.0,2078.7634092806134,N
1770756,1414117514,758024845,2026-04-12,Nabeul 2,520.6989829041333,0.0,N
1315546,1401515546,758024852,2026-04-11,Djerba 2,72.38229202089839,0.0,N
1358754,1414151606,758024854,2026-04-12,Ain Zaghouan,74.73336012613225,0.0,N
1201968,1414097312,758024859,2026-04-13,Gabès 2,58.97424799826878,0.0,N
1701874,1401986152,758024860,2026-04-12,Zarzis 1,104.00346245401428,0.0,N
1553328,1401495492,758024863,2026-03-31,Sousse 2,77.28691996166569,0.0,N
1081720,1414097534,758024865,2026-04-02,Testour,148.39088632639812,0.0,N
1755686,1414174680,758024868,2026-04-10,Grombalia,161.9065137416144,0.0,N
1572788,1401737594,758024869,2026-03-28,Bab Benat,41.10334806937274,0.0,N
1079114,1401129408,758024870,2026-04-13,Gabès 2,69.55822796549913,0.0,N
1766756,1414109552,758024871,2026-03-20,Gabès 4,272.29974959037935,0.0,N
1479534,1400079534,758024873,2026-04-12,Sousse 1,129.75175441308315,0.0,N
956712,1414133274,758024876,2026-04-12,Ghardimaou,91.28821838192106,0.0,N
1753952,1414071530,758024881,2026-04-12,Sfax 3,111.2931647447986,0.0,N
1687568,1401959728,758024884,2026-04-10,Bizerte,975.3921538318856,0.0,N
1756796,1414091494,758024886,2026-04-12,Sousse 3,163.50913531393948,0.0,N
1151172,1400989532,758024887,2026-04-09,Béja II,111.2931647447986,0.0,N
1307606,1401507606,758024889,2026-03-29,La Goulette,154.57383992333138,0.0,N
1166876,1401019590,758024891,2026-04-04,El Menzah,1503.3848579466412,0.0,N
1721732,1414135548,758024893,2026-04-03,Sfax 4,2815.502519553591,0.0,N
1333958,1401329872,758024894,2026-04-12,Djerba 2,44.51726589791944,0.0,N
1518908,1401693736,758024901,2026-04-12,Zarzis 1,194.76303830339754,0.0,N
1407120,1401775528,758024908,2026-04-09,Mutuelleville,37.56144310136953,0.0,N
1061272,1414158128,758024909,2026-01-23,Raoued,23775.177605342073,1219.4123102606115,N
14011998,1415555312,758024910,2026-03-27,Lac II,1383.4275203264601,0.0,N
1720158,1414140756,758024911,2025-09-21,Ghardimaou,1073.6677280737008,49.46362877546604,N
1159092,1415411594,758024912,2026-04-13,Béja,105.21408476829382,0.0,N
1571758,1400171758,758024913,2026-03-13,La Marsa,343.1245556002102,0.0,N
956990,1401366956,758024914,2026-02-11,Djerba 1,77.28691996166569,0.0,N
1539760,1415401356,758024916,2026-04-10,La Marsa,50.08192413515937,0.0,N
14011700,1415554140,758024919,2026-04-12,Ain Zaghouan,77.90521532135902,0.0,N
1327906,1401912738,758024922,2026-04-13,Ariana,66.77589884687916,0.0,N
1274932,1401572148,758024924,2026-04-12,Ain Zaghouan,111.2931647447986,0.0,N
1500988,1414173354,758024928,2026-04-10,La Marsa,111.2931647447986,0.0,N
792014,1400878678,758024933,2026-04-11,Béja,326.33505425541784,0.0,N
1569310,1414097294,758024942,2026-04-11,Chebba,78.37542894240579,0.0,N
1360886,1415553490,758024944,2026-03-31,La Marsa,58.738059170865924,0.0,T
1541200,1401696952,758024947,2026-04-12,Ghardimaou,53.87145639471976,0.0,N
1346154,1400708154,758024949,2026-04-09,Chebba,593.2599622839831,0.0,N
1295090,1401495090,758024950,2025-11-08,Moknine,301.5710885089808,0.0,N
975148,1414139276,758024951,2026-04-10,Djerba 2,102.83766655331252,0.0,N
1751940,1414081016,758024952,2026-04-10,Boussalem,50.08192413515937,0.0,N
773506,1415413150,758024953,2026-04-12,Ennasr,47.299595016539406,0.0,N
1274600,1401194660,758024954,2026-04-01,Ghardimaou,350.0349336878227,0.0,N
1180734,1415537532,758024956,2026-04-10,Sousse 3,237.94045815686155,0.0,N
1791892,1414157674,758024966,2026-04-13,El Jem,74.20502674127431,0.0,N
1734150,1401873214,758024967,2026-04-12,Sousse 3,128.83544069001763,0.0,N
1513314,1401695672,758024968,2026-04-12,Jemmal,82.48214672148886,0.0,N
1693376,1401955280,758024972,2025-12-25,Bizerte,5968.821219896745,0.0,N
794790,1401306774,758024977,2026-04-11,Menzel Bourguiba,87.44891334590534,0.0,N
1729578,1414157490,758024984,2026-04-13,Gabès 2,106.16904195134016,0.0,N
1334720,1401534720,758024985,2026-04-09,El Menzah,104.49191578817202,0.0,N
1139500,1400968934,758024989,2026-04-13,Djerba 1,111.12684329304109,0.0,N
1080138,1401531358,758024990,2026-04-11,Raoued,111.2931647447986,0.0,N
1335518,1401913538,758024991,2026-04-13,Jendouba,139.11645593099826,0.0,N
911366,1401755394,758025000,2026-04-13,Beni Khalled,47.11843447614926,0.0,N
797966,1401379280,758025001,2026-03-27,Sousse 3,267.04022011314805,0.0,N
1691192,1401966172,758025006,2026-04-10,Testour,67.17006213868365,0.0,N
1157352,1400814686,758025008,2026-04-13,Sousse 2,66.21943302315516,0.0,N
1335958,1401927552,758025010,2026-01-08,Ariana,81.07397903978732,0.0,N
1586066,1400915872,758025015,2026-04-14,Mutuelleville,42.81448047732402,0.0,N
1681328,1414137408,758025018,2025-11-04,Zarzis 1,231.67496212940924,0.0,N
1129814,1401569552,758025019,2026-04-04,Grombalia,460.4754691316042,0.0,N
1793992,1414161330,758025022,2026-04-13,Ain Zaghouan,99.03700497727765,0.0,N
757948,1401949372,758025028,2026-04-06,Ariana,698.0248554734598,0.0,N
1358776,1401372074,758025029,2026-04-06,Jendouba,563.2775837017343,0.0,N
1561958,1400161958,758025031,2026-04-12,Bizerte,788.2276563514391,0.0,N
1537860,1414179572,758025048,2026-04-13,Les Berges du Lac,13.911645593099825,0.0,N
933392,1400675366,758025049,2026-04-01,Bizerte,439.66271988128733,0.0,N
1733952,1414127952,758025054,2025-11-17,Bardo,10350.731134262838,0.0,N
1419212,1401470752,758025055,2026-04-10,Zarzis 1,154.57383992333138,0.0,N
1593272,1400193272,758025064,2026-04-11,La Marsa,77.25600519368102,0.0,N
1792686,1414153594,758025068,2026-03-19,Béja II,717.2226172442577,0.0,N
1191926,1415557734,758025070,2026-04-13,Ennasr,80.82635174823014,0.0,N
1328098,1400752698,758025074,2026-04-10,Bizerte,57.03774693170928,0.0,N
1668070,1401935466,758025078,2026-03-11,Medjez El Bab,190.32336847311961,0.0,N
1333274,1414130138,758025087,2026-04-02,Bizerte,77.28691996166569,0.0,N
1575978,1401736152,758025089,2026-04-04,Kairouan 1,1694.1379416947477,0.0,N
1376608,1401576608,758025092,2026-04-14,Mutuelleville,83.46987355859895,0.0,N
1531510,1414121134,758025096,2026-04-14,Jendouba,829.512164961202,0.0,N
1094898,1401798958,758025097,2025-11-26,Mutuelleville,1155.8923547778775,0.0,N
1476192,1401576816,758025101,2026-04-14,Bizerte,69.53040467431292,0.0,N
1091714,1401298126,758025105,2026-04-13,Ezzahrouni,128.83544069001763,0.0,N
14013334,1415553148,758025107,2026-04-14,Bab Benat,29.436423779639536,0.0,N
1313134,1401513134,758025108,2026-04-12,El Menzah,102.01873434939871,0.0,N
14151552,1415536920,758025112,2026-04-11,Mahdia,4978.654898444987,0.0,N
1774116,1415412660,758025113,2025-12-18,Gabès 3,2170.945682752651,0.0,N
1537156,1401689708,758025116,2026-04-12,Sfax 5,136.6741892602096,0.0,N
1507754,1401755678,758025117,2026-04-14,Gabès 4,47.11843447614926,0.0,N
1340174,1401540174,758025124,2026-04-09,Bizerte,1645.9331622716172,0.0,N
1515734,1401748134,758025125,2026-04-14,Zarzis 1,111.2931647447986,0.0,N
1755748,1401861514,758025126,2026-04-15,La Marsa,154.57383992333138,0.0,N
1793540,1414159330,758025128,2026-04-15,Mutuelleville,78.43725847837513,0.0,N
1553326,1401900680,758025132,2026-04-12,Gabès 4,230.4788697560825,0.0,N
1517294,1401731954,758025134,2026-04-15,Lac II,111.2931647447986,0.0,N
1267094,1401215000,758025136,2026-04-14,Lac II,77.90521532135902,0.0,N
1735972,1401952616,758025138,2026-04-14,Gabès 4,111.2931647447986,0.0,N
873546,1401393570,758025141,2026-04-11,Sfax 2,74.20440844591462,0.0,N
1533736,1401955280,758025143,2026-04-12,Ghardimaou,154.57383992333138,0.0,N
1759186,1414019740,758025146,2026-04-14,Gabès 2,75.86051256685319,0.0,N
789074,1401314154,758025147,2026-04-15,Zarzis 1,24.917921291000713,0.0,N
1576946,1401757692,758025153,2026-04-13,Grombalia,108.5006337527437,0.0,N
1493552,1414099018,758025155,2026-04-01,Grombalia,125.20419204253872,0.0,N
1332090,1400815074,758025157,2026-04-12,Menzel Bourguiba,1281.0838717655424,0.0,N
1092946,1401490776,758025158,2026-04-16,Mahdia,161.37508887995796,0.0,N
1390190,1401737374,758025163,2026-04-16,Lac II,55.6465823723993,0.0,N
1493510,1401608894,758025165,2026-04-04,Sfax 2,2984.6183571892293,0.0,N
1541958,1400141958,758025167,2026-04-14,Chebba,56.720561412186605,0.0,N
893672,1401419548,758025171,2026-04-03,Djerba 2,92.66918106779609,0.0,N
1479350,1401347330,758025172,2026-04-08,Bizerte,318.80545336507254,0.0,N
1089406,1401354130,758025173,2026-04-16,Djerba 1,83.46987355859895,0.0,N
14013278,1415555520,758025176,2026-04-15,Ghardimaou,111.2931647447986,0.0,N
1746008,1414181576,758025177,2026-04-15,Sfax 4,52.86425325377933,0.0,N
1769578,1414112732,758025179,2026-04-15,Ettadhamen,402.30716913469564,0.0,N
1747348,1414072936,758025183,2026-04-17,El Menzah,111.2931647447986,0.0,N
1333274,1401161274,758025186,2026-04-15,Béja,109.3010170958667,0.0,N
1215272,1401921418,758025188,2026-04-13,Gabès 4,102.34828577611526,0.0,N
935938,1401927140,758025192,2026-04-14,Gabès 4,140.42445976442949,0.0,N
815130,1414096072,758025193,2026-04-16,Sousse 3,139.11645593099826,0.0,N
956930,1401293494,758025195,2025-08-08,Medjez El Bab,58.738059170865924,0.0,N
1381520,1401947180,758025202,2026-04-17,Ezzahrouni,54.48727857297431,0.0,N
1157980,1401001934,758025203,2026-04-17,Béja,111.51265959748973,0.0,N
1477090,1400077090,758025204,2026-04-17,Jendouba,0.0,463.72151976999413,N
1175214,1401154076,758025206,2026-04-16,Zarzis 1,115.55940272668255,0.0,N
14014712,1415555556,758025207,2026-04-16,Gabès 2,7958.214981296565,17.795158747333602,N
14014712,1415555556,758025207,2026-04-16,Gabès 2,0.0,1700.3122391566453,N
993510,1401495536,758025208,2026-04-15,Djerba 1,117.76702630846756,0.0,N
1791306,1414195332,758025209,2026-04-14,El Mechtel,851.7995486443875,0.0,N
1177394,1414121306,758025210,2026-04-15,Soukra,103.00986181098712,0.0,N
895696,1401019414,758025213,2026-04-15,Menzel Bourguiba,86.7867190156738,0.0,N
1715148,1401988074,758025215,2025-08-04,Ghardimaou,1088.8824311373544,351.74575694809414,N
1216672,1414197534,758025219,2026-04-16,Sousse 2,101.38683649179214,0.0,N
1395216,1401693812,758025220,2026-04-16,Mahdia,234.33394132377038,0.0,T
1388078,1414187508,758025221,2026-04-14,Teboulba,0.0,463.72151976999413,T
14016946,1415551720,758025223,2026-04-15,Ain Zaghouan,4212.2227718180975,0.0,N
798606,1401334106,758025224,2026-04-15,Sousse 3,66.92027081336755,0.0,N
995752,1400913946,758025226,2026-04-17,Sousse 1,111.2931647447986,0.0,N
1533354,1401533736,758025230,2026-04-17,Gabès 1,73.73172164342907,0.0,N
786778,1415533120,758025232,2026-04-16,Zarzis 1,111.2931647447986,0.0,N
1800910,1414173758,758025236,2026-04-15,Soliman,91.09067301449903,0.0,N
1333016,1401533016,758025238,2026-03-20,Djerba 1,1085.1584381859216,0.0,N
1327532,1401333706,758025242,2026-04-12,Djerba 1,917.4758091940521,0.0,T
1814166,1414175794,758025244,2026-04-16,Beni Khalled,93.3873311280799,0.0,N
907592,1401993934,758025258,2026-04-15,Boussalem,152.86765387825764,0.0,N
1674716,1401911534,758025261,2026-04-16,Teboulba,361.2548304324976,0.0,N
1197914,1401612752,758025262,2026-04-16,Sfax 2,74.20440844591462,0.0,N
1533312,1401935740,758025265,2025-10-09,Zarzis 1,3010.0055646582373,0.0,N
1569580,1401755490,758025267,2026-04-17,Bab Benat,85.4008099669212,0.0,N
1469876,1401573394,758025270,2026-04-17,Raoued,101.68547315052402,0.0,N
1815330,1414197540,758025273,2026-04-15,Gabès 2,111.2931647447986,0.0,N
1752708,1414095332,758025274,2026-03-03,Chebba,2076.522397749405,0.0,N
1751412,1401931352,758025275,2026-04-05,Gabès 4,611.4260982471327,0.0,N
1199950,1414166732,758025277,2026-04-17,Chebba,71.09129130985872,0.0,N
1069294,1400928792,758025278,2026-04-08,Sousse 2,219.99567193248217,0.0,N
14008718,1415416752,758025284,2026-04-15,Bizerte,17003.122391566452,0.0,N
14147790,1415532154,758025287,2026-04-16,El Jem,240.6405539926423,0.0,N
1019294,1400779488,758025288,2026-04-17,Lac II,70.6399356972826,0.0,N
920788,1401949554,758025289,2026-04-17,El Jem,109.13531393946889,0.0,N
1613416,1401819418,758025290,2025-10-26,Djerba 2,4987.662225245,0.0,N
1701192,1401992772,758025291,2026-04-13,Gabès 2,94.07085664822085,0.0,N
1355314,1401937314,758025293,2026-04-17,Sousse 3,384.71728444678024,0.0,N
1809758,1414186932,758025303,2026-04-16,Grombalia,139.11645593099826,0.0,N
1475352,1401575394,758025306,2026-04-17,Zarzis 1,111.2931647447986,0.0,N
1694954,1401972978,758025310,2026-04-17,Chebba,2402.524499953628,0.0,N
1615334,1401955272,758025312,2026-04-18,Béja II,63.993569728259196,0.0,N
1117516,1401372150,758025320,2026-04-17,Bizerte,100.16384827031874,0.0,N
1089350,1400879120,758025322,2026-04-06,Lac II,2056.51219587597,0.0,N
1352772,1414132154,758025324,2026-02-22,Gabès 3,153.95554456363806,0.0,N
913374,1401888134,758025329,2026-04-10,Bizerte,211.45701301511733,0.0,N
1371732,1401591812,758025330,2026-04-17,Sfax 4,64.2718026401212,0.0,N
1734178,1414152952,758025332,2026-04-17,Zarzis 1,111.2931647447986,0.0,N
14152952,1415461376,758025334,2026-04-18,Béja II,94.59919003307881,0.0,N
1381210,1401406168,758025337,2026-04-05,Boussalem,457.1530590162921,0.0,N
1395540,1415555750,758025338,2026-04-13,Bizerte,234.5215939654373,0.0,N
14149296,1415534932,758025340,2026-03-29,Zarzis 1,165.6258694778496,0.0,N
1273156,1401931714,758025342,2026-03-23,Djerba 1,158.96744674931216,0.0,N
1601532,1414081148,758025347,2026-04-01,Ain Zaghouan,111.2931647447986,0.0,N
1334812,1401937334,758025348,2026-04-17,Kairouan 2,139.11645593099826,0.0,N
866950,1401873276,758025350,2026-04-17,Djerba 2,77.15676878845025,0.0,N
1531600,1401680138,758025353,2026-04-16,Boussalem,100.54966457476738,0.0,N
1273732,1401216172,758025358,2026-04-17,Béja,66.77589884687916,0.0,N
1807136,1414193556,758025360,2026-01-03,Gabès 1,86.56135035706558,0.0,N
1612080,1415536154,758025361,2026-04-14,Chebba,105.72850650755866,0.0,N
932930,1401681496,758025367,2026-04-17,Bab Benat,73.54252326336291,0.0,N
1395730,1401595730,758025371,2026-04-16,El Jem,187.31659813893097,0.0,N
1529600,1401526940,758025373,2026-04-09,Ariana,60.28379757009924,0.0,N
1532152,1401555548,758025374,2026-03-24,Djerba 1,61.449284323121155,0.0,N
1155158,1401060806,758025375,2026-03-29,Bizerte,946.4664420193527,0.0,N
1419306,1401473494,758025376,2026-04-17,El Menzah,111.1215877824837,0.0,N
1366006,1400999330,758025377,2026-04-17,El Menzah,63.60960830988964,0.0,N
1813296,1414193374,758025378,2026-04-08,Mutuelleville,1121.5713976566606,0.0,N
877292,1414196158,758025380,2026-04-18,Djerba 1,75.12288620273905,0.0,N
1734154,1401873596,758025392,2026-01-30,Kairouan 2,741.7689430240827,0.0,N
1526734,1401413540,758025393,2026-04-18,Mutuelleville,99.81172906297338,0.0,N
1152694,1414113378,758025394,2026-04-18,El Jem,59.116765078678085,0.0,N
1014732,1414153552,758025399,2026-04-17,Gabès 1,721.994002535011,0.0,N
1753548,1414139518,758025406,2026-04-10,La Goulette,850.1561195783227,0.0,N
1555534,1400155534,758025407,2026-04-08,Bizerte,139.11645593099826,0.0,N
1813468,1414179614,758025408,2026-04-14,Mahdia,3256.389773394751,0.0,N
1788076,1414150614,758025409,2026-04-06,Korba,298.63665873187625,0.0,N
1731506,1401889810,758025411,2026-03-19,Zarzis 1,343.5177914489752,0.0,N
1736608,1414133336,758025413,2026-02-23,Kairouan 2,450.0643027174081,0.0,N
1016766,1414134872,758025414,2026-02-03,Zarzis 1,2095.8175410393546,0.0,N
1127934,1414138928,758025415,2026-03-26,Medjez El Bab,77.28691996166569,0.0,T
1694708,1401973354,758025416,2026-04-17,Lafayette,36.17027854205954,0.0,N
1361108,1414173354,758025417,2026-02-13,Grombalia,559.1458249605837,0.0,N
1755320,1414149666,758025418,2026-03-23,Gabès 1,287.72869199616656,0.0,N
1333166,1401533166,758025419,2026-01-11,La Marsa,1488.2570253810245,0.0,N
990606,1401873346,758025420,2026-03-25,Testour,250.27977865026125,0.0,N
961150,1401152774,758025421,2026-03-16,Jendouba,1026.4209973104153,0.0,N
1695586,1401951298,758025425,2026-04-17,Zarzis 1,133.5317030945683,0.0,N
1807136,1414193556,758025426,2026-03-17,Gabès 1,789.4837233746562,0.0,N
772740,1401953596,758025427,2025-09-13,Béja,1050.7122762543668,46.37215197699941,N
1295288,1414173548,758025428,2026-04-05,Djerba 2,199.5758493832504,0.0,N
1001378,1400957266,758025431,2026-03-02,Medjez El Bab,244.42328500324606,0.0,N
1559376,1400159376,758025433,2026-03-06,Gabès 4,130.8433548706217,0.0,N
1676754,1414160992,758025434,2026-04-04,Sfax 5,112.49513092404243,0.0,N
1541668,1401477518,758025436,2026-02-22,Bizerte,524.7954988097814,0.0,N
1807136,1414193556,758025441,2026-03-02,Gabès 1,755.0694036541256,0.0,N
1293526,1401495958,758025446,2026-02-26,Ain Zaghouan,1707.0430024422667,0.0,N
1391512,1401298180,758025448,2026-04-06,Bizerte,272.04995826506325,0.0,N
1356732,1401369158,758025453,2026-03-31,Bizerte,223.89433332302843,0.0,N
1494018,1414173514,758025454,2026-03-03,Korba,316.4760255974279,0.0,T
14147516,1415529354,758025456,2026-03-25,Mahdia,1217.6687173462765,0.0,N
1567954,1401754750,758025457,2026-01-30,Zarzis 1,167.49621294092188,0.0,N
1327554,1401727492,758025458,2026-04-17,Ain Zaghouan,111.2931647447986,0.0,N
1133414,1414077520,758025460,2026-04-14,Ariana,620.5861440009893,0.0,N
1531726,1401681410,758025461,2026-04-09,Bizerte,1185.4947908615945,0.0,T
1559174,1401727798,758025466,2026-04-17,Sousse 2,125.81692274399481,0.0,N
1533772,1414095528,758025467,2025-09-01,La Marsa,1341.4047670572234,0.0,N
1528814,1401412952,758025470,2026-04-17,Bizerte,184.53674220174977,0.0,N
1589312,1401819126,758025472,2026-04-17,Korba,98.70590781216187,0.0,N
1535212,1415401312,758025473,2026-04-16,Lac II,166.9397471171979,0.0,N
1347752,1401131556,758025475,2026-04-15,Mahdia,111.2931647447986,0.0,N
1535352,1401693300,758025477,2026-04-18,Zarzis 1,111.2931647447986,0.0,N
1514012,1415537418,758025481,2026-04-18,Sfax 2,100.16384827031874,0.0,N
1737570,1414135178,758025483,2026-04-16,Gabès 2,95.72603332611989,0.0,N
1521552,1401738914,758025486,2026-04-17,Mutuelleville,111.2931647447986,0.0,N
1540708,1401999614,758025487,2026-04-18,Mutuelleville,111.2931647447986,0.0,N
1796710,1414166194,758025488,2026-04-13,Sfax 4,4726.270442390331,0.0,N
1747560,1401933928,758025491,2026-04-17,Boussalem,75.86051256685319,0.0,N
14017874,1415553180,758025503,2026-04-18,Mutuelleville,111.2931647447986,0.0,N
1553474,1401715934,758025504,2026-04-19,Chebba,69.55822796549913,0.0,N
792738,1401306066,758025506,2026-04-12,Menzel Bourguiba,90.7598849970631,0.0,N
773496,1401090776,758025508,2026-04-19,Sfax 5,0.0,463.72151976999413,N
1681750,1414133530,758025510,2026-04-18,Béja,109.96321142609825,0.0,N
1128692,1401707474,758025513,2026-04-18,Boussalem,49.664574767366375,0.0,N
1535346,1401515328,758025519,2026-04-18,El Jem,84.13794169474758,0.0,N
791514,1414192872,758025520,2026-04-18,Soliman,111.2931647447986,0.0,N
1355334,1401555334,758025522,2026-04-19,El Menzah,80.95619377376573,0.0,N
914018,1400733146,758025524,2026-04-18,Lac II,58.428911491019264,0.0,N
14015380,1415547480,758025526,2026-04-19,Jendouba,86.46087736111541,0.0,N
992992,1400747734,758025528,2026-04-19,Ezzahrouni,520.2871981945776,0.0,N
1759340,1414095216,758025535,2026-04-19,Gabès 2,37.18582867035583,0.0,N
1769592,1414115106,758025540,2026-04-16,Monastir 1,139.11645593099826,0.0,N
1747394,1401933534,758025548,2026-04-18,Sousse 2,94.07085664822085,0.0,N
1597128,1401792096,758025549,2026-04-17,Jemmal,1502.2104059109038,0.0,N
791892,1401316072,758025550,2026-04-18,El Jem,31.88796488082357,0.0,N
1775578,1414151200,758025554,2026-04-14,Teboulba,278.16829999690856,0.0,N
1207932,1414078860,758025557,2026-04-18,Gabès 4,86.08526293010172,0.0,N
1074074,1400937558,758025558,2026-04-18,Jendouba,61.60880452592204,0.0,N
1552894,1401929472,758025560,2026-04-18,Bardo,80.97814325903485,0.0,N
1101496,1401121338,758025562,2026-04-18,Zarzis 1,111.2931647447986,0.0,N
1728812,1401892688,758025565,2026-04-16,Gabès 2,108.51083562617863,0.0,N
1354748,1401615376,758025566,2026-03-22,Djerba 2,103.56447274863203,0.0,N
1286018,1401486018,758025567,2026-01-30,Béja,271.7408105852166,0.0,N
1615292,1401955352,758025568,2026-04-17,Gabès 2,64.27211178780104,0.0,N
967936,1401106954,758025569,2026-04-17,Sousse 2,94.07147494358055,0.0,N
1141738,1401933526,758025574,2026-04-10,Zarzis 1,170.03122391566453,0.0,N
1373140,1401866160,758025575,2026-04-17,Boussalem,107.9488051442174,0.0,N
1461674,1401913774,758025582,2026-04-10,El Menzah,322.9804927814017,0.0,N
954926,1401350660,758025583,2026-04-19,Chebba,78.17788357498378,0.0,N
1179346,1401681392,758025591,2026-04-19,Béja,57.44953164126503,0.0,N
1333710,1401371150,758025592,2026-04-19,Raoued,88.1104893807772,0.0,N
1009718,1401529752,758025594,2026-04-19,Béja,63.60960830988964,0.0,N
1296894,1401496894,758025597,2026-04-19,Zarzis 1,123.65907193866511,0.0,N
1813534,1414195500,758025599,2026-04-18,Zarzis 1,419.01567378736826,0.0,N
1539996,1401695388,758025600,2026-03-30,Chebba,981.1664141960615,0.0,N
1391468,1401471390,758025601,2026-04-07,Sousse 2,303.5057346894612,0.0,N
1180716,1414012108,758025604,2026-04-05,Chebba,168.82894858874084,0.0,N
14009512,1415418134,758025607,2026-04-07,Gabès 1,71.10396636473244,0.0,N
1311332,1401511332,758025613,2026-04-20,Zarzis 1,52.73193804680496,0.0,N
1510686,1401966754,758025614,2026-04-17,Bizerte,86.56135035706558,0.0,N
1319332,1401519332,758025615,2026-04-19,El Menzah,57.382755742418155,0.0,N
1509114,1401534172,758025620,2026-04-19,La Marsa,459.48094104553746,0.0,N
1546672,1401987408,758025622,2026-04-20,Béja II,72.34055708411908,0.0,N
1709320,1401999408,758025631,2026-04-19,Mahdia,36.69768448387795,0.0,N
807358,1400867416,758025636,2026-04-20,Djerba 1,111.2931647447986,0.0,N
1752770,1414095358,758025641,2026-04-20,Jendouba,482.51769870467126,0.0,N
1133320,1414141752,758025643,2026-04-20,Jendouba,71.4223884749745,0.0,N
1333728,1401329558,758025644,2026-04-19,Bizerte,529.4324048598015,0.0,N
1773472,1415409474,758025645,2026-04-16,Bab Benat,57.501159303799426,0.0,N
1159728,1400806748,758025646,2026-04-20,Béja,78.77886666460569,0.0,N
1417094,1401595532,758025649,2026-04-20,Chebba,131.81284199462084,0.0,N
1551974,1401714894,758025659,2026-04-19,Chebba,58.73775002318608,0.0,N
1697718,1401979508,758025661,2026-03-30,Kairouan 1,417.3493677929947,0.0,N
1533348,1401517378,758025662,2026-03-20,Djerba 2,166.52734411228244,0.0,N
1361536,1401561536,758025663,2026-04-18,Bizerte,72.54954091569543,0.0,N
1370952,1401812758,758025665,2026-02-23,Sfax 2,58.738059170865924,0.0,N
1596700,1401791538,758025667,2025-09-15,Korba,2879.6284044888243,0.0,N
1417814,1401469376,758025669,2026-04-10,Djerba 1,108.99588833585804,0.0,N
1409940,1400009940,758025670,2026-04-13,Bizerte,475.4443997897796,0.0,N
1357548,1401557548,758025674,2026-04-19,Djerba 1,23.186075988499706,0.0,N
1731576,1401887730,758025676,2026-04-19,Kelibia,0.0,463.72151976999413,T
1609546,1401812734,758025677,2026-04-20,Menzel Bourguiba,67.5830834389588,0.0,N
1295212,1401687328,758025681,2026-04-18,Bizerte,78.6570624787461,0.0,N
1397356,1401554686,758025687,2026-04-20,Sfax 1,94.07085664822085,0.0,N
1279206,1401352958,758025695,2026-04-20,Zarzis 1,104.00346245401428,0.0,N
1411356,1414172752,758025696,2026-04-19,Raoued,108.6385136179553,0.0,N
1332954,1401753534,758025697,2026-04-20,Djerba 1,55.6465823723993,0.0,N
1270980,1414167770,758025698,2026-04-20,Zarzis 1,97.38151915169877,0.0,N
1497074,1401615732,758025705,2026-02-04,Ariana,299.7075462948651,0.0,N
1727312,1414153920,758025712,2026-04-21,Gabès 2,80.10356447274863,0.0,N
1338086,1401538086,758025713,2026-04-19,La Marsa,206.61266887192014,0.0,N
1409554,1415401572,758025714,2026-04-20,Sousse 3,130.76946857513835,0.0,N
14155696,1415533576,758025716,2026-04-15,Bardo,1854.484187096176,0.0,T
1795218,1414175554,758025722,2026-04-20,Zarzis 1,111.2931647447986,0.0,N
931516,1401381118,758025734,2026-04-21,Menzel Bourguiba,67.5830834389588,0.0,N
1739552,1414137596,758025735,2026-04-01,Gabès 2,686.1789346770953,0.0,N
1491536,1401330116,758025737,2026-04-21,Lac II,22.25863294895972,0.0,N
14152140,1415533274,758025748,2026-04-20,Sfax 2,105.99035459238878,0.0,N
1731616,1414135546,758025750,2026-04-20,Sfax 2,83.44081367669337,0.0,N
1472920,1400072920,758025751,2026-04-21,Bizerte,55.6465823723993,0.0,N
1549392,1400149392,758025756,2026-04-17,Sousse 1,261.5757257241785,0.0,N
913598,1401920060,758025759,2026-04-21,Mutuelleville,51.61251429808019,0.0,N
1577546,1401758936,758025760,2026-03-15,Testour,123.65907193866511,0.0,T
909748,1400728174,758025761,2026-04-09,Bizerte,384.6248492905061,0.0,N
1612812,1401941570,758025766,2026-04-21,Mutuelleville,111.2931647447986,0.0,N
1757992,1401872934,758025768,2026-04-05,Sfax 2,108.20168794633197,0.0,N
1575152,1401755368,758025772,2026-04-20,Ghardimaou,105.99035459238878,0.0,N
1493346,1400093346,758025776,2026-04-04,Mahdia,559.9387887593904,0.0,N
1409786,1401954674,758025777,2026-02-16,Djerba 2,102.01873434939871,0.0,N
1460914,1414117312,758025783,2026-04-06,Bizerte,308.36986428416856,0.0,N
1715888,1414012734,758025787,2026-04-02,Zarzis 1,635.9742789130368,0.0,N
1415352,1414153686,758025791,2026-04-21,Djerba 1,5564.65823723993,0.0,N
1173372,1401015776,758025792,2026-04-21,Béja II,111.2931647447986,0.0,N
1772928,1415548934,758025795,2026-04-07,Sfax 2,379.95981080161994,0.0,N
1736872,1414133814,758025798,2026-04-20,Grombalia,75.86020341917335,0.0,N
1201348,1401526010,758025805,2026-04-19,Mahdia,105.99035459238878,0.0,N
993332,1400739206,758025807,2026-04-22,Zarzis 1,263.7029709092033,0.0,N
1526718,1400126718,758025808,2026-04-22,Mutuelleville,55.6465823723993,0.0,N
1619720,1401951994,758025809,2026-04-20,Ghardimaou,28.908399542461435,0.0,N
1775192,1415547270,758025817,2026-04-17,Soliman,66.9205799610474,0.0,N
1555690,1400155690,758025819,2026-04-21,Mahdia,756.0407456642039,0.0,N
1301754,1401268948,758025822,2026-04-22,Zarzis 1,83.77283828484867,0.0,N
1599588,1414186928,758025823,2026-04-22,Zarzis 1,105.72850650755866,0.0,N
1273554,1401737686,758025829,2026-04-18,Grombalia,556.465823723993,0.0,N
1395494,1415520756,758025832,2026-04-20,Grombalia,221.1951649302872,0.0,N
1153340,1401532100,758025835,2026-04-21,Sfax 4,114.07549386341856,0.0,N
14151134,1415539408,758025836,2026-04-21,Chebba,65.5961913005843,0.0,N
1129378,1400951516,758025840,2026-04-23,Djerba 2,114.38464154326522,0.0,N
1753146,1414154736,758025842,2026-04-23,Sousse 3,190.552446903886,0.0,N
932876,1414133328,758025844,2026-04-24,El Jem,278.2329118619965,0.0,N
1206128,1401746612,758025845,2026-04-23,Boussalem,93.3032429591616,0.0,N
958010,1414134912,758025847,2026-04-23,Ghardimaou,111.2931647447986,0.0,N
1173692,1401151326,758025855,2026-03-07,El Jem,68.36800939808947,0.0,N
1318674,1401314132,758025859,2026-04-23,Bizerte,28.089158190867778,0.0,N
14001272,1415415194,758025862,2026-04-23,Ezzahrouni,123.65907193866511,0.0,N
1140756,1401133566,758025863,2026-04-23,Béja II,47.299595016539406,0.0,N
1001320,1401819350,758025864,2026-04-22,Soukra,0.0,463.72151976999413,N
1355750,1401555750,758025875,2026-04-23,Bizerte,99.32914953473275,0.0,N
1572112,1401737212,758025877,2026-04-21,Djerba 1,272.9433950598201,0.0,N
1738134,1414136138,758025878,2026-04-24,El Jem,139.11645593099826,0.0,N
14007516,1415415592,758025879,2026-04-04,Hammamet 1,1649.4348780412404,0.0,N
1060970,1414074734,758025880,2026-04-23,Djerba 2,552.4159891180017,0.0,N
1575546,1400175546,758025885,2026-04-22,Zarzis 1,72.88032893313137,0.0,N
1731300,1401887892,758025890,2026-04-22,Zarzis 1,105.11021114786534,0.0,N
1699290,1415411950,758025892,2026-04-20,Chebba,136.50106655949548,0.0,N
1331532,1401979576,758025894,2026-04-06,Sousse 2,119.79472594058183,0.0,N
1475668,1401554018,758025896,2026-04-05,Testour,413.1359940643646,0.0,T
932138,1401373498,758025897,2026-04-02,Djerba 2,608.947661297802,0.0,N
1617908,1401948910,758025898,2026-04-04,Gabès 2,256.76136890592636,0.0,T
1773332,1414134926,758025900,2026-04-22,Gabès 2,2049.6970352737503,207.08102760688783,N
1773332,1414134926,758025900,2026-04-22,Gabès 2,999.0045444708938,0.0,N
1496752,1401615130,758025901,2026-04-24,Gabès 2,111.2931647447986,0.0,N
1326728,1401581466,758025906,2026-04-24,Bizerte,246.38791850867162,0.0,N
1393548,1401389518,758025908,2026-04-04,Sousse 2,247.31814387733021,0.0,N
1491492,1415533574,758025910,2026-04-11,Sousse 2,360.7518471573871,0.0,N
1793886,1414161094,758025911,2026-04-22,Kairouan 1,349.02773054688225,0.0,N
1749338,1414075330,758025912,2026-04-20,Zarzis 1,52.810152409806165,0.0,N
1571572,1401773534,758025914,2026-03-25,La Marsa,1079.4481713914738,0.0,N
1758192,1414168718,758025918,2026-04-23,Kelibia,111.2931647447986,0.0,N
1573478,1401750090,758025919,2026-04-03,Djerba 2,57.19232077163261,0.0,N
1133952,1400953330,758025921,2026-04-23,El Menzah,108.93745942436702,0.0,N
1534818,1401693696,758025925,2026-04-23,Nabeul 2,94.07085664822085,0.0,N
913112,1415553574,758025930,2026-04-23,Béja II,89.2135283024701,0.0,N
14006958,1415413130,758025932,2026-04-19,Zarzis 1,163.84827031873127,0.0,N
1681356,1401947350,758025934,2026-04-23,Sfax 4,262.2679073793551,0.0,N
1313314,1401392154,758025936,2026-04-23,Bizerte,105.99035459238878,0.0,N
1795078,1414175292,758025937,2026-04-09,Chebba,61.829535969332554,0.0,N
1467600,1401933568,758025938,2026-04-16,Ariana,220.36046619470122,0.0,N
992868,1401787816,758025940,2026-04-14,Ariana,335.7643676384209,0.0,N
14011414,1415541494,758025941,2026-03-13,Grombalia,448.85460784616816,0.0,N
1359352,1401559352,758025945,2026-03-14,La Marsa,58.738059170865924,0.0,N
1555756,1401598106,758025946,2026-04-17,Bizerte,96.78300924351564,0.0,N
1571874,1401749372,758025951,2026-04-24,Ghardimaou,123.65907193866511,0.0,N
1391158,1400872752,758025954,2026-04-23,Ain Zaghouan,67.5824651435991,0.0,N
1309152,1400877154,758025959,2026-04-10,Lac II,74.19544316319906,0.0,N
1548954,1401955070,758025960,2026-04-03,Sousse 2,61.829535969332554,0.0,N
1295578,1414149506,758025962,2026-04-21,Zarzis 1,166.9397471171979,0.0,N
1739918,1401906068,758025963,2026-03-29,Ennasr,441.1738337403778,0.0,N
998860,1414013708,758025967,2026-04-24,Mutuelleville,52.244412155686774,0.0,N
1339534,1401539534,758025969,2026-04-14,La Marsa,113.56509104399173,0.0,N
14154926,1415534674,758025970,2026-04-13,Ghardimaou,1312.1062231427954,0.0,N
1691358,1401973120,758025972,2026-04-06,Nabeul 2,462.71184344761497,0.0,N
1813556,1414192128,758025973,2026-04-13,Bizerte,283.10198781958144,0.0,N
1313994,1401276950,758025981,2026-04-22,El Jem,185.02488638822766,0.0,N
1772976,1414113932,758025982,2026-04-10,Djerba 2,156.42130645809505,0.0,N
1500952,1401754768,758025985,2026-04-13,Lac II,7889.333477602251,0.0,N
1477272,1401578732,758025987,2026-04-23,Menzel Temim,881.8660153955545,0.0,N
1572974,1401737936,758025992,2026-04-24,Djerba 1,94.07085664822085,0.0,N
1559932,1401155328,758025993,2026-04-11,Gabès 3,340.8232602714317,0.0,N
1138890,1400953476,758025994,2026-04-04,Béja II,155.8413454107027,0.0,N
975176,1400727530,758025996,2026-04-24,Lac II,172.19525767459118,0.0,N
1293372,1401493372,758025997,2026-01-31,Gabès 4,545.5529106254058,0.0,N
1811332,1414191576,758025998,2026-04-10,Boussalem,61.829535969332554,0.0,N
1755912,1414066874,758026000,2026-03-22,Nabeul 2,304.147216125143,0.0,N
1777934,1415557398,758026001,2026-04-06,El Menzah,181.12344266856277,0.0,N
787712,1401394732,758026002,2026-04-24,Sousse 3,111.2931647447986,0.0,N
1201540,1414139152,758026009,2025-12-26,Sfax 4,275.14143506352985,0.0,N
1528000,1401535940,758026011,2026-04-23,La Marsa,48.445296318051135,0.0,N
1277280,1401493532,758026013,2025-08-11,Sfax 4,0.0,933.0531424861657,N
954890,1401554096,758026014,2026-04-24,La Goulette,111.2931647447986,0.0,N
1529596,1414133532,758026016,2026-04-23,Grombalia,40.28998052369617,0.0,N
14013572,1415553478,758026018,2026-04-24,Chebba,70.23155161220515,0.0,N
1533694,1401519336,758026019,2026-04-25,Menzel Bourguiba,104.00377160169414,0.0,N
815540,1401577526,758026023,2026-04-22,Djerba 2,123.65907193866511,0.0,N
1792812,1414152720,758026025,2026-04-23,Chebba,82.48214672148886,0.0,N
1371736,1415475392,758026026,2026-04-24,Chebba,752.2144248307417,0.0,N
1753328,1415537274,758026033,2026-04-17,Lac II,184.85052709679414,0.0,N
1533328,1401949514,758026048,2026-03-31,El Jem,1123.0107892540268,0.0,N
1754674,1414072750,758026050,2026-03-18,Grombalia,610.4998917983121,0.0,N
1495808,1401527894,758026052,2026-03-30,La Marsa,108.20168794633197,0.0,N
14011352,1415419712,758026054,2026-03-23,L'Aouina,76.38544532723283,0.0,N
1531868,1401818066,758026057,2026-03-25,Lac II,138.11945466349275,0.0,N
14001014,1415414778,758026058,2026-02-05,Enfidha,991.0878906853804,0.0,N
1201518,1414158932,758026060,2026-03-03,Les Berges du Lac,287.5073422573964,0.0,N
1414736,1401915514,758026066,2026-03-09,Djerba 2,45.444708937459424,0.0,N
1132138,1401974194,758026072,2026-04-25,Bizerte,111.2931647447986,0.0,N
1710006,1414001418,758026076,2026-04-25,Zarzis 1,111.2931647447986,0.0,N
1326814,1401526814,758026079,2026-04-24,Zarzis 1,30.914767984666277,0.0,N
14015512,1415407158,758026083,2026-04-24,Zarzis 1,65.8546387609361,0.0,N
1667920,1401921732,758026089,2026-03-15,Sousse 2,577.0191980709185,0.0,T
1154950,1415521072,758026091,2026-04-15,Menzel Bourguiba,157.35616904195135,0.0,T
1807136,1414193556,758026094,2026-04-05,Gabès 1,600.3184221102421,0.0,N
1715738,1414157528,758026096,2026-04-24,Ghardimaou,111.2931647447986,0.0,N
1277334,1401477334,758026097,2026-04-02,Gabès 4,214.64123411753795,0.0,N
14155968,1415532974,758026099,2026-04-12,Ain Zaghouan,77.28691996166569,0.0,N
1739948,1401913874,758026100,2026-04-10,Ain Zaghouan,230.89683741923517,0.0,N
769600,1401998012,758026105,2026-04-23,Raoued,111.2931647447986,0.0,N
1214720,1414169316,758026106,2026-04-13,Boussalem,200.01854886079082,0.0,N
1595140,1401788734,758026107,2026-04-25,Sousse 3,108.6385136179553,0.0,N
14013590,1415555276,758026108,2026-04-12,La Marsa,1501.345101555013,0.0,N
1359214,1414141700,758026111,2025-08-19,Djerba 2,273.92555723869293,0.0,T
1313792,1401513792,758026119,2026-04-24,Sousse 3,68.47281046155749,0.0,N
1372946,1414141540,758026121,2026-04-20,Gabès 2,114.38464154326522,0.0,N
1529720,1401676916,758026123,2026-04-25,Zarzis 1,46.37184282931957,0.0,N
1518954,1415411586,758026127,2026-04-22,La Goulette,170.1258231056976,0.0,T
1695134,1401973338,758026130,2026-04-24,Zarzis 1,154.57383992333138,0.0,N
1359726,1415552132,758026134,2026-04-01,Djerba 2,371.90094908337716,0.0,N
1590140,1400975912,758026135,2026-04-25,La Goulette,43.26800012365907,0.0,N
1535356,1401513746,758026136,2026-04-25,Sousse 3,111.2931647447986,0.0,N
1313816,1401277316,758026139,2026-04-17,Bizerte,872.0898383157635,0.0,N
1367488,1401714754,758026140,2026-04-21,La Goulette,200.32769654063748,0.0,N
1669880,1401926180,758026142,2026-04-24,Bizerte,75.86020341917335,0.0,N
1513574,1401895508,758026146,2026-04-25,Zarzis 1,111.2931647447986,0.0,N
1481300,1401692132,758026148,2026-01-25,Sfax 2,22396.223761090674,44486.351129934774,N
1013194,1400775490,758026155,2026-04-13,Gabès 4,299.8312053668037,0.0,N
1751696,1414081388,758026161,2026-04-26,Ghardimaou,26.78208180047609,0.0,N
14141932,1415520792,758026162,2026-04-22,Sfax 4,6535.70593872693,0.0,N
14141932,1415520792,758026162,2026-04-22,Sfax 4,9950.975979225277,0.0,N
1737094,1414135530,758026164,2026-04-25,Lafayette,64.36454694407519,0.0,N
1539556,1401693816,758026165,2026-04-24,Zarzis 1,108.2542430519059,0.0,N
1115300,1414089752,758026170,2026-04-26,Gabès 2,123.66680063066127,0.0,N
1752752,1414095316,758026171,2026-04-24,Kelibia,111.2931647447986,0.0,N
1289334,1401333888,758026177,2026-04-25,Bizerte,77.90521532135902,0.0,N
1480754,1401593132,758026178,2026-04-21,Djerba 1,396.945620923115,0.0,N
1353974,1401553974,758026179,2026-04-26,La Marsa,57.05165857730238,0.0,N
955580,1401351478,758026180,2026-04-25,Sousse 3,104.89380777197267,0.0,N
1775552,1414132946,758026181,2025-08-01,Chebba,3476.6451293783043,229.41602003276967,T
1292920,1401478172,758026182,2026-01-29,Bizerte,1469.9341515441927,0.0,N
616614,1401736974,758026183,2025-11-22,Djerba 2,806.3681330571615,90.16013849816058,N
1315558,1401271500,758026184,2025-10-24,Testour,1207.5215630506693,0.0,N
1392948,1414139014,758026185,2026-04-25,Ain Zaghouan,56.50848610381179,0.0,N
989354,1400754180,758026187,2026-04-26,Mutuelleville,60.37128636349585,0.0,N
1773088,1414135594,758026189,2026-04-17,Hammamet 1,222.27718180975054,0.0,N
1587594,1414177326,758026190,2026-04-25,Gabès 3,1810.8742696386064,0.0,N
1319972,1401075460,758026191,2026-04-25,Gabès 3,139.11645593099826,0.0,N
1789336,1414151320,758026193,2026-04-26,Boussalem,111.2931647447986,0.0,N
1319972,1401075460,758026194,2026-04-21,Gabès 3,370.1873434939871,0.0,N
1315950,1401515950,758026195,2026-04-06,El Jem,120.52122298822148,0.0,N
14141888,1415520732,758026196,2026-04-13,Djerba 1,371.4749435805484,0.0,N
1318088,1401755416,758026200,2026-04-01,Zarzis 1,125.20481033789842,0.0,N
1366928,1414127674,758026209,2026-04-25,La Goulette,23.09333168454571,0.0,N
1361786,1414199332,758026211,2026-04-25,Sousse 3,569.1408785977062,0.0,N
1750134,1414133560,758026212,2026-04-17,Ghardimaou,508.84131449593474,0.0,N
1339092,1401539092,758026216,2026-04-20,Ain Zaghouan,510.75555692954526,0.0,N
789954,1414156152,758026758,2026-04-11,Hammamet 2,1298.4202553559837,0.0,N
1739952,1414139574,758026219,2026-02-04,Djerba 2,247.31814387733021,0.0,N
1288874,1401488874,758026220,2026-04-07,El Jem,382.30284106717784,0.0,N
967508,1401333216,758026221,2026-04-22,Menzel Bourguiba,37.09772158159953,0.0,N
1369174,1401555520,758026223,2026-04-26,Béja II,111.2931647447986,0.0,N
1696754,1401977332,758026224,2026-04-24,La Goulette,111.2931647447986,0.0,N
1521998,1401774932,758026226,2025-09-28,Gabès 4,295.5451819334096,0.0,N
1681774,1401949526,758026227,2026-04-25,Grombalia,205.75231087890685,0.0,N
1541080,1415553492,758026231,2026-04-24,Grombalia,194.76303830339754,0.0,N
1712896,1414006772,758026232,2026-04-06,Grombalia,11058.12780165085,0.0,N
1338176,1401355334,758026233,2026-04-26,Sousse 3,111.2931647447986,0.0,N
1533270,1401533748,758026235,2026-04-26,El Jem,111.2931647447986,0.0,N
1513470,1401347200,758026241,2026-04-12,Bizerte,913.9790397873064,466.47015179151083,N
1401094,1401521754,758026242,2026-04-13,Bizerte,1705.0678579157263,0.0,N
1275154,1401195680,758026244,2026-04-26,Béja,100.69249080285653,0.0,N
993910,1401701298,758026245,2026-04-14,Testour,1209.1931245556002,0.0,T
1512138,1415537332,758026248,2026-03-31,Monastir 2,1067.8486412959471,0.0,N
1155876,1401460812,758026252,2026-04-26,Chebba,95.72603332611989,0.0,N
935538,1400676660,758026254,2026-04-26,Djerba 1,78.37542894240579,0.0,N
1555594,1401119268,758026255,2026-04-27,Bizerte,54.76953040467431,0.0,N
1581468,1401775752,758026257,2025-08-27,El Menzah,5162.583547160479,0.0,N
1717132,1414014886,758026261,2026-04-26,Ain Zaghouan,1010.1301511732155,0.0,T
1493954,1401595546,758026263,2026-04-22,Bizerte,0.0,1545.7383992333139,N
1473072,1401571354,758026273,2026-04-20,Bizerte,95.600828515782,0.0,N
1129120,1401935746,758026278,2026-04-18,Kairouan 2,111.2931647447986,0.0,N
1333272,1401533272,758026280,2026-04-26,La Marsa,102.94617738893871,0.0,N
1060154,1414114938,758026282,2026-04-25,Sousse 3,111.2931647447986,0.0,N
1807136,1414193556,758026283,2026-03-27,Gabès 1,669.7669026493957,0.0,N
1112954,1400913806,758026286,2026-04-26,Béja,100.69249080285653,0.0,N
1733558,1415549732,758026289,2026-04-26,Enfidha,41.734936779299474,0.0,N
1376868,1401513156,758026298,2026-04-14,Kairouan 2,837.9259282159088,0.0,N
1501340,1401754956,758026301,2026-03-25,Sfax 2,540.4937088447151,0.0,N
1597932,1400935726,758026304,2026-04-26,Chebba,932.624972949578,0.0,N
871956,1401533938,758026305,2026-04-12,Zarzis 1,498.74795189662103,0.0,N
1349332,1401549332,758026307,2026-04-27,Mahdia,70.89405509011655,0.0,N
1317126,1401377218,758026308,2026-04-13,Ain Zaghouan,348.441586545893,0.0,N
1807136,1414193556,758026309,2026-04-18,Gabès 1,381.9609237332674,0.0,T
1159912,1401013926,758026311,2026-04-27,Zarzis 1,114.38464154326522,0.0,N
1535472,1401135366,758026312,2026-04-25,La Goulette,111.2931647447986,0.0,N
1807136,1414193556,758026314,2026-04-27,Gabès 1,33.38794942343958,0.0,N
1577498,1401756952,758026316,2026-04-07,Sfax 4,616.1313259343989,0.0,N
1417334,1401773734,758026317,2026-04-07,Zarzis 1,60.22815098772684,0.0,N
1714090,1414009218,758026322,2026-04-27,Medjez El Bab,72.34055708411908,0.0,N
1268078,1401701216,758026324,2026-04-26,Zarzis 1,97.38182829937863,0.0,N
1575534,1401614738,758026326,2026-04-20,Sfax 2,426.8343277583702,0.0,N
1347336,1401467540,758026328,2026-04-26,Djerba 1,1052.0295545181934,0.0,T
1277326,1401477326,758026332,2026-04-27,Djerba 2,0.0,463.72151976999413,N
1460690,1401549592,758026335,2026-04-27,Sfax 2,142.07190775033234,0.0,N
987900,1400741596,758026337,2026-04-25,Ariana,111.2931647447986,0.0,N
1395952,1401928910,758026342,2026-04-24,Jendouba,94.07085664822085,0.0,N
1287328,1401672694,758026344,2026-04-26,Chebba,111.2931647447986,0.0,N
1356014,1401573340,758026348,2026-04-22,El Jem,1391.1645593099825,0.0,N
1749536,1401927340,758026350,2026-04-27,Gabès 2,84.28911491019261,0.0,N
1527596,1401535136,758026357,2026-03-18,Bizerte,139.11645593099826,0.0,N
1321270,1415552694,758026361,2026-04-23,Ezzahrouni,61.829535969332554,0.0,N
935346,1415533352,758026370,2026-04-27,Menzel Bourguiba,139.3514081676817,0.0,N
1008660,1414155346,758026371,2026-04-26,El Menzah,70.23155161220515,0.0,N
1330928,1401173474,758026372,2026-04-27,Bizerte,74.20502674127431,0.0,N
728140,1401759378,758026375,2026-04-27,Bizerte,231.49040096454078,0.0,N
1395556,1401733492,758026376,2026-04-28,El Jem,61.211240609639226,0.0,N
994918,1400750128,758026377,2026-04-27,Zarzis 1,154.57383992333138,0.0,N
1219920,1401695558,758026378,2026-04-27,Gabès 4,48.5828670355829,0.0,N
1347598,1401547598,758026379,2026-04-01,La Marsa,77.03434630723096,0.0,N
1309518,1401357348,758026382,2026-01-15,Zarzis 1,0.0,2009.459919003308,N
1186726,1401137474,758026384,2025-12-10,La Marsa,1016.6404921631064,0.0,N
1757570,1414091734,758026387,2026-04-16,Kairouan 2,1238.6604631032244,0.0,N
1356156,1401556156,758026388,2026-04-27,Zarzis 1,110.23587967972301,0.0,N
1751792,1401933328,758026391,2026-04-27,Sousse 3,94.73243268309272,0.0,N
1499312,1401619476,758026396,2026-04-27,El Jem,111.2931647447986,0.0,N
1351316,1401357534,758026401,2026-04-26,La Marsa,78.30092435156274,0.0,N
1371350,1401571350,758026403,2026-04-25,Lac II,97.38151915169877,0.0,N
1378148,1401915350,758026405,2026-04-27,Menzel Bourguiba,111.2931647447986,0.0,N
1295346,1401613298,758026406,2026-04-27,Djerba 2,139.11645593099826,0.0,N
1568932,1400913572,758026407,2026-04-27,Mahdia,94.07085664822085,0.0,N
1473516,1400073516,758026408,2026-04-28,Bizerte,104.00377160169414,0.0,N
1807136,1414193556,758026410,2026-04-26,Gabès 1,0.0,463.72151976999413,N
1108192,1414187674,758026418,2026-03-22,Ariana,47.28135530342845,0.0,N
1617170,1414121998,758026423,2026-03-27,Zarzis 1,190.11345719850374,0.0,N
1355172,1401521558,758026425,2026-04-07,Lac II,949.3229665811359,0.0,N
1417294,1401901260,758026431,2026-04-15,Gabès 4,834.6987355859894,0.0,N
887350,1401179206,758026435,2026-04-27,Bizerte,70.89405509011655,0.0,N
1769932,1414115672,758026439,2026-04-23,Zarzis 1,450.70176523325193,0.0,N
1353540,1401393534,758026441,2026-04-10,Djerba 2,490.4671221442483,0.0,N
14155574,1415532150,758026442,2026-04-15,Gabès 1,184.252017188611,0.0,N
1757214,1401875336,758026445,2026-04-10,Sfax 4,2600.6074751908986,0.0,N
1761948,1414099952,758026446,2026-04-20,Zarzis 1,606.1674962129409,0.0,N
1499376,1414007474,758026447,2026-03-16,Béja,46.37215197699941,0.0,N
1320126,1401520126,758026452,2026-04-27,Zarzis 1,101.3157325254274,0.0,N
1539892,1401695594,758026454,2026-03-26,Testour,460.3484094351872,0.0,N
1553406,1401794112,758026457,2026-04-27,Gabès 2,50.83037066806814,0.0,N
1731552,1414135552,758026458,2026-04-28,Djerba 2,53.740377778464776,0.0,N
14011352,1415419712,758026462,2026-04-27,L'Aouina,0.0,463.72151976999413,N
1751592,1415552126,758026463,2026-04-25,Sousse 2,1798.0029059881906,0.0,N
1547320,1401493672,758026464,2025-08-14,Gabès 4,3621.5921105512107,0.0,N
1310790,1401510790,758026465,2026-04-22,El Jem,46.37215197699941,0.0,N
1477532,1401579132,758026467,2025-12-05,Ghardimaou,61.829535969332554,0.0,T
1538190,1400138190,758026468,2026-04-19,Lac II,112.73595696664297,0.0,N
1307952,1401507952,758026469,2026-04-17,Lac II,200.9459919003308,0.0,N
1306092,1401277148,758026476,2026-04-28,Zarzis 1,91.81686091445884,0.0,N
1109272,1401546748,758026477,2026-04-28,Ain Zaghouan,47.7169443843324,0.0,N
1528894,1401695152,758026478,2026-04-27,Bizerte,1143.5196463350544,0.0,N
1753206,1401935580,758026481,2026-04-28,Sfax 4,25.32846940983708,0.0,N
1194740,1401193340,758026482,2026-04-28,Sousse 2,403.80962685875045,0.0,N
1807136,1414193556,758026483,2026-04-28,Gabès 1,146.47417071134882,0.0,N
815094,1415555536,758026485,2026-04-28,Djerba 1,752.8188085448419,0.0,N
1680780,1401947740,758026487,2026-04-29,Grombalia,107.28661081398585,0.0,N
1753890,1414092668,758026494,2026-04-26,Grombalia,23.381148174482952,0.0,N
1207294,1415555394,758026498,2026-04-30,Béja,80.76544965530034,0.0,N
1575950,1401756176,758026500,2026-04-30,Bab Benat,50.06213868364918,0.0,N
875292,1401591154,758026501,2026-04-26,Lac II,65.34609082758834,0.0,N
792896,1401357368,758026503,2026-04-27,La Goulette,127.80195999629024,0.0,N
1533474,1401681332,758026508,2026-04-30,Béja,134.32466689337497,0.0,N
1339474,1401539474,758026509,2026-04-14,Bizerte,45.46387609360992,0.0,N
1559770,1401508152,758026511,2026-04-29,Sfax 4,107.11967106686865,0.0,N
1613480,1401819520,758026512,2026-05-01,Ariana,83.4145361239064,0.0,N
992172,1400746696,758026514,2026-04-29,Djerba 1,371.46968806999104,0.0,N
1497754,1415559558,758026516,2026-05-01,Mutuelleville,78.10770705165858,0.0,N
1272714,1401592614,758026517,2026-04-30,Sousse 1,104.56147401613751,0.0,N
1297536,1414073492,758026520,2026-04-28,La Goulette,222.5863294895972,0.0,N
1187336,1401577012,758026523,2026-04-29,Sousse 2,225.9869539679105,0.0,N
1558952,1401727410,758026526,2026-04-30,Zarzis 1,94.59919003307881,0.0,N
1812738,1414192860,758026528,2026-04-29,Kelibia,111.2931647447986,0.0,N
1670952,1415412106,758026530,2026-04-29,Mahdia,76.11246792592821,0.0,N
1528728,1401593340,758026531,2026-04-19,Jemmal,4671.5460475469135,106.59782978328748,N
1701514,1401995092,758026534,2026-04-30,Sfax 2,57.64955019012583,0.0,N
1715540,1401986928,758026535,2026-04-30,Ghardimaou,68.50032460506384,0.0,N
1473998,1401559216,758026537,2026-05-01,Jemmal,111.2931647447986,0.0,N
14155352,1415535552,758026541,2026-04-30,Hammamet 1,222.5863294895972,0.0,N
1217588,1401799608,758026542,2026-04-30,Chebba,86.45531270287817,0.0,N
14017092,1415551894,758026544,2026-04-29,Zarzis 1,66.77589884687916,0.0,N
1812740,1414181348,758026549,2026-05-01,Zarzis 1,111.2931647447986,0.0,N
1213208,1401114892,758026550,2026-04-30,Lac II,58.428911491019264,0.0,N
1533336,1401533514,758026551,2026-04-30,Bizerte,98.92725755093208,0.0,N
1593930,1400932094,758026552,2026-04-25,El Jem,97.3332921136427,0.0,N
1532106,1400132106,758026556,2026-05-01,Ezzahrouni,70.89405509011655,0.0,N
1318092,1401212954,758026557,2026-04-15,Gabès 4,12058.99588833586,1375.7071753176492,T
1306780,1401506780,758026560,2026-05-01,El Menzah,31.63693696478808,0.0,N
1739374,1415473376,758026565,2026-04-30,Ariana,278.2329118619965,0.0,N
1814140,1414175572,758026570,2026-05-01,Ghardimaou,39.74773549324512,0.0,N
1511478,1401734872,758026572,2026-05-01,Sfax 5,70.89405509011655,0.0,N
1413812,1401528896,758026575,2026-04-26,La Goulette,76.85318576684082,0.0,N
14012758,1415409326,758026578,2026-05-01,Enfidha,111.2931647447986,0.0,N
1495616,1401612994,758026579,2026-04-30,Sfax 1,109.17673972856835,0.0,N
14151538,1415538754,758026580,2026-04-27,Monastir 2,200.9459919003308,0.0,N
1127392,1400947938,758026586,2026-05-01,Djerba 1,278.2329118619965,0.0,N
1341268,1414135334,758026587,2026-04-29,Sfax 5,92.74430395399882,0.0,N
1773972,1414132134,758026588,2026-02-01,Chebba,151.48236312486475,0.0,N
1811526,1414190940,758026594,2026-05-01,Ghardimaou,66.776207994559,0.0,N
933352,1401117392,758026596,2026-05-01,Bizerte,546.9425294463165,0.0,N
1590918,1400190918,758026598,2026-04-28,La Marsa,0.0,420.07295885244383,N
1800774,1414173400,758026601,2026-05-01,Raoued,200.9459919003308,0.0,N
1736720,1415415930,758026602,2026-04-30,Raoued,139.11645593099826,0.0,N
1701540,1401995134,758026610,2026-05-01,Chebba,58.428911491019264,0.0,N
1751592,1414157412,758026611,2026-04-17,Ariana,1537.4770457847715,0.0,N
1671812,1401930186,758026612,2026-05-01,Mutuelleville,61.211240609639226,0.0,N
1135556,1400975296,758026613,2026-04-30,Raoued,80.82635174823014,0.0,N
1790128,1414155338,758026614,2026-04-30,Testour,111.2931647447986,0.0,N
1671406,1401929372,758026615,2026-04-28,Ezzahrouni,48.67499304417721,0.0,N
1413094,1415541554,758026619,2025-12-30,Lafayette,881.344792407333,0.0,N
1520972,1415415290,758026622,2026-05-01,Kairouan 2,125.81692274399481,0.0,N
1535410,1414108816,758026624,2025-10-25,Kairouan 2,66.4667511670325,0.0,N
1389706,1401909354,758026627,2026-05-01,Chebba,252.9978050514731,0.0,N
1321328,1401521328,758026628,2025-11-23,El Ouerdia,154.77231273379294,0.0,N
1767350,1414109156,758026633,2025-09-25,Djerba 2,55.07404086932328,0.0,N
1293552,1401333710,758026636,2026-04-15,Djerba 2,664.6662750796056,0.0,N
1321306,1401306736,758026639,2026-04-30,Soukra,94.59919003307881,0.0,N
1699546,1415409354,758026640,2026-05-01,Gabès 1,194.76303830339754,0.0,N
1536060,1401687872,758026642,2026-04-29,Les Berges du Lac,111.2931647447986,0.0,N
1507386,1401755016,758026643,2026-04-30,Béja,123.65907193866511,0.0,N
1351530,1415541914,758026645,2026-04-15,Raoued,559.3325501592111,0.0,N
1099578,1401949546,758026647,2026-05-01,Ghardimaou,80.82697004358982,0.0,N
1394008,1415539528,758026649,2026-04-29,Kairouan 2,97.38151915169877,0.0,N
1393328,1401568790,758026650,2026-04-25,Sousse 3,111.2931647447986,0.0,N
1149570,1401676092,758026656,2026-03-25,Gabès 2,685.3389804309519,0.0,N
14017418,1415553214,758026659,2026-04-30,Djerba 1,917.2182891767397,0.0,N
1012672,1401731114,758026664,2026-05-01,M'saken,106.81608804525922,0.0,N
666688,1401558014,758026665,2026-05-02,Sousse 2,84.13794169474758,0.0,N
14009546,1415418112,758026666,2026-04-29,Djerba 2,530.5345163384549,0.0,N
14018730,1415554738,758026669,2026-05-01,Sousse 3,52.86425325377933,0.0,N
1689296,1401961350,758026672,2026-04-29,Djerba 2,69.55822796549913,0.0,N
1359974,1415535154,758026674,2026-04-29,Gabès 2,79.99721767088138,0.0,N
1335152,1401332120,758026676,2026-04-15,Ariana,268.9087086901413,0.0,N
14150068,1415537352,758026678,2026-04-29,Sousse 3,213.37372863016665,0.0,N
794720,1401813510,758026681,2026-05-01,Lafayette,108.34946053729867,0.0,N
794720,1401813510,758026681,2026-05-01,Lafayette,341.21464123411755,0.0,N
14147140,1415531394,758026683,2026-05-02,Soliman,44.93461526571243,0.0,N
1211934,1401101692,758026685,2026-04-25,Djerba 1,1123.5644727486322,0.0,N
14141580,1415557796,758026692,2026-04-25,Chebba,102.3479766284354,0.0,N
1716992,1414014792,758026693,2026-04-30,Boussalem,66.8596778681176,0.0,N
1534612,1401675296,758026695,2026-03-19,Sousse 3,89.03453179583887,0.0,N
1119338,1400931672,758026696,2026-05-02,Béja II,110.62571490400966,0.0,N
1139754,1401729128,758026702,2025-09-18,Menzel Bourguiba,0.0,3536.649457445822,N
779332,1400927798,758026703,2026-05-02,Bizerte,111.2931647447986,0.0,N
1816712,1415401490,758026704,2026-04-25,Lac II,964.3119918385013,0.0,N
1489416,1401989414,758026706,2026-05-02,Gabès 2,71.4409373357653,0.0,N
896812,1400721376,758026709,2026-05-01,Ghardimaou,123.65907193866511,0.0,N
1338768,1401553296,758026710,2026-05-02,Jendouba,80.22815098772683,0.0,N
1811532,1414189536,758026711,2026-05-01,Jemmal,111.2931647447986,0.0,N
1606972,1415411392,758026712,2026-05-01,Sousse 3,105.72850650755866,0.0,N
1321274,1401607552,758026713,2026-05-01,El Jem,111.2931647447986,0.0,N
1419978,1401473474,758026714,2026-04-23,El Jem,575.32259560392,0.0,N
1371590,1401571590,758026718,2026-04-26,Ain Zaghouan,1536.195937799487,0.0,N
1681796,1414136060,758026719,2026-04-13,Djerba 2,275.9143042631465,0.0,N
1367488,1401714754,758026723,2026-04-12,La Goulette,137.27517234983154,0.0,N
1547774,1401707932,758026724,2026-05-01,M'saken,64.49964448016819,0.0,N
1371974,1401876710,758026728,2026-05-01,Sousse 2,89.36531981327481,0.0,N
1139594,1401778920,758026743,2026-05-02,Sfax 5,2720.4995826506324,0.0,N
997736,1401997088,758026745,2026-05-02,Chebba,78.17788357498378,0.0,N
1353280,1401553280,758026748,2026-05-01,Jendouba,2579.7619562865184,0.0,N
1799354,1414170792,758026750,2026-05-02,Ariana,74.20502674127431,0.0,N
1200956,1401527512,758026754,2026-04-30,Gabès 1,94.59919003307881,0.0,N
994140,1400734718,758026764,2026-05-02,Testour,97.2087055986645,0.0,N
1159974,1401559674,758026765,2026-05-03,Djerba 2,111.2931647447986,0.0,N
14013316,1415555510,758026769,2026-04-29,Testour,228.76928308653044,0.0,N
1494978,1415461346,758026770,2026-04-28,Ariana,490.01514823631254,0.0,N
1741610,1401955532,758026771,2026-05-02,Medjez El Bab,111.2931647447986,0.0,N
1791688,1414157352,758026772,2025-11-08,Sfax 1,683.8547624200081,770.6850712585402,N
1593330,1401907216,758026775,2026-02-06,Mahdia,37.09772158159953,0.0,N
1369758,1401569758,758026779,2026-05-02,Ariana,111.2931647447986,0.0,N
14151992,1415539730,758026780,2026-04-30,Sousse 2,77.90521532135902,0.0,N
1755590,1401861552,758026781,2026-05-02,Zarzis 1,111.2931647447986,0.0,N
1094926,1415533580,758026782,2026-05-01,Lac II,84.52344885151638,0.0,N
1315926,1401331556,758026784,2026-05-01,Zarzis 1,66.74683896497358,0.0,N
1377954,1400913312,758026786,2026-05-02,Béja,67.4492224935852,0.0,N
1407154,1400007154,758026791,2026-05-02,Bizerte,1331.1191146010449,0.0,N
1353210,1401361130,758026792,2026-05-02,Béja,119.6401521006585,0.0,N
1572958,1401751116,758026794,2026-04-24,Sousse 3,2561.084799208582,0.0,N
1481870,1401977752,758026795,2026-05-02,Sfax 5,22.286147092466074,0.0,N
1733726,1414127674,758026798,2026-03-28,Menzel Temim,266.7839366865552,0.0,N
875320,1401494192,758026799,2026-05-02,Sfax 2,84.1373233993879,0.0,N
1613078,1401807372,758026803,2026-04-16,Sousse 2,132.78418400469906,0.0,N
1693332,1401969376,758026807,2026-05-02,Ain Zaghouan,98.70559866448203,0.0,N
1809266,1414187556,758026808,2026-05-02,Jean Jaurès,111.2931647447986,0.0,N
1350754,1401751150,758026809,2026-05-02,Sfax 3,91.81686091445884,0.0,N
1546668,1415531394,758026812,2026-05-03,Béja II,107.3147432528519,0.0,N
14007872,1415415070,758026813,2026-05-02,El Jem,70.89405509011655,0.0,N
1093310,1400907552,758026814,2026-05-02,Sousse 3,97.38151915169877,0.0,N
991594,1414158128,758026816,2026-05-01,Raoued,111.2931647447986,0.0,N
1740126,1414139952,758026819,2026-05-03,Menzel Bourguiba,55.4796426252821,0.0,N
1408134,1401533594,758026820,2026-05-02,Béja,94.88978885213467,0.0,N
1615538,1401861554,758026822,2026-04-15,Kelibia,309.48155934089715,0.0,N
1595492,1414149350,758026825,2026-04-15,Ghardimaou,1407.719726713451,0.0,N
14150138,1415537354,758026826,2026-05-02,Lafayette,7313.3177729001145,0.0,N
921558,1414093530,758026836,2026-04-30,Sfax 4,153.02810152409808,0.0,N
1712818,1401991552,758026838,2026-05-02,Ennasr,63.60960830988964,0.0,N
1309492,1401509492,758026839,2026-05-02,Gabès 3,111.2931647447986,0.0,N
1807136,1414193556,758026853,2026-04-06,Gabès 1,130.4603208952917,0.0,T
1371506,1401892758,758026857,2026-05-03,Sfax 1,23.928030420131698,0.0,N
1549700,1401339526,758026864,2026-05-03,Zarzis 1,211.9643243577457,0.0,N
1361512,1401561512,758026870,2026-05-02,Béja,32.66361640955885,0.0,N
14007494,1415415574,758026880,2026-05-03,El Menzah,59.36933873311281,0.0,N
1209532,1401489300,758026883,2026-04-27,Ain Zaghouan,35.55198318236622,0.0,T
1595574,1401798932,758026884,2026-02-03,Djerba 1,2207.788357498377,0.0,N
14015352,1415536712,758026889,2026-05-03,Gabès 2,290.42074999227134,0.0,N
1209412,1401095532,758026890,2026-04-18,Kairouan 2,126.95922342102823,0.0,N
1215496,1401415496,758026893,2026-05-02,La Marsa,52.697313506662134,0.0,N
1151340,1414166978,758026894,2026-05-04,Béja II,74.33208643769129,0.0,N
1675990,1401939272,758026895,2026-05-03,Ariana,111.2931647447986,0.0,N
970890,1401955496,758026897,2026-04-20,Zarzis 1,369.27690357683866,0.0,N
929752,1415532926,758026899,2026-05-03,Grombalia,101.35437598540824,0.0,N
1333906,1401213320,758026900,2026-05-03,Ariana,2447.5435125359386,0.0,N
1797150,1414166972,758026901,2026-04-19,Zarzis 1,149.9854700590472,0.0,N
1678952,1401955972,758026903,2026-03-13,Gabès 2,178.16180789563177,0.0,N
1411014,1401537934,758026907,2026-05-02,Djerba 2,55.6465823723993,0.0,N
14000892,1415415334,758026910,2026-05-04,Chebba,138.86604631032245,0.0,N
1507280,1401754752,758026911,2026-04-17,Chebba,399.72795004173497,0.0,N
1149548,1400995126,758026912,2026-05-03,Bizerte,610.8380993600643,0.0,N
1735110,1414131332,758026915,2026-05-03,Soliman,107.04423903298607,0.0,N
1759778,1414095976,758026917,2026-05-04,Zarzis 1,130.7691594274585,0.0,N
1110974,1400917530,758026922,2026-04-15,Ghardimaou,57.656042291402606,0.0,N
1715296,1401987094,758026923,2026-05-04,Gabès 1,309.14767984666275,0.0,T
1787394,1414149546,758026924,2026-05-02,Bizerte,137.112869817912,0.0,N
1713512,1401992812,758026927,2025-08-29,Mutuelleville,6189.530404674313,0.0,N
1573098,1401751368,758026931,2026-04-03,Gabès 4,671.246174297462,0.0,N
1573098,1401751368,758026931,2026-04-03,Gabès 4,1022.0932389402418,0.0,N
1721608,1401871700,758026932,2026-03-02,Ennasr,12036.83803753053,4065.6784245834237,T
1311072,1415547356,758026935,2026-01-09,Sfax 2,4782.417534856401,21.507094939252482,N
1738152,1401915348,758026936,2026-05-04,Chebba,72.88032893313137,0.0,N
1271552,1401209618,758026937,2026-05-03,Zarzis 1,84.86103811790893,0.0,N
14018720,1415554754,758026939,2026-05-03,Zarzis 1,139.11645593099826,0.0,N
14017336,1415553538,758026944,2026-01-26,Ennasr,8079.695798683031,96.52919899836152,N
876798,1401147334,758026946,2026-05-04,Raoued,71.09098216217888,0.0,N
939092,1401389926,758026956,2026-05-03,Lac II,54.25572696076916,0.0,N
14017112,1415551912,758026966,2026-05-03,Grombalia,203.00151482363125,0.0,N
1094608,1401214912,758026967,2026-04-01,Béja,136.45778588431693,0.0,N
1571280,1401747074,758026968,2026-05-03,Mutuelleville,449.2688657371627,0.0,T
1489930,1401614014,758026970,2026-04-15,El Menzah,592.6401211858905,0.0,N
1491156,1401950748,758026973,2026-05-03,Soliman,76.85349491452067,0.0,N
935738,1414087592,758026975,2026-05-02,Lac II,68.2449686215105,0.0,N
1753936,1401937136,758026976,2026-04-30,Bizerte,1141.929699817603,0.0,N
1571472,1401139498,758026980,2026-01-03,Mutuelleville,13760.972887748478,680.1248956626581,N
1329394,1401167520,758026982,2026-04-30,El Jem,445.1726589791944,0.0,N
14013330,1415555392,758026983,2026-05-03,Sfax 3,394.6752403623211,0.0,N
14153892,1415474974,758026989,2026-05-03,Zarzis 1,69.55822796549913,0.0,N
14016680,1415551208,758026991,2026-05-03,Korba,136.11988747024455,0.0,N
1573698,1414178074,758026993,2025-10-29,Sousse 3,154.57383992333138,0.0,N
1313472,1401513472,758026994,2026-05-03,La Marsa,706.9542770581508,0.0,N
1752092,1414081286,758026996,2026-04-18,Nabeul 2,279.69765356911,0.0,N
1546146,1401189718,758026997,2026-04-24,Bizerte,202.2431755649674,0.0,N
1591380,1401861672,758026998,2026-05-03,Monastir 2,180.15611957832257,0.0,N
1327072,1414075916,758027001,2025-11-22,Bizerte,408.07493739759485,0.0,T
1067560,1401748994,758027002,2026-02-15,Ennasr,73.57714780350574,0.0,N
1772734,1414121520,758027006,2026-05-03,Enfidha,497.2099421893839,0.0,N
1297354,1401555334,758027007,2026-05-01,Testour,396.60617677064334,0.0,N
1735752,1414147730,758027012,2026-04-30,El Jem,340.3378984140724,0.0,T
1078734,1400875738,758027023,2026-05-03,Zarzis 1,86.45314866911924,0.0,N
1392676,1401590614,758027024,2026-04-24,Sousse 3,126.66305994373513,0.0,N
1501292,1400101292,758027026,2026-04-27,Lac II,591.0903638668192,0.0,T
1479492,1400955098,758027027,2026-05-04,Boussalem,100.05873805917088,0.0,N
1294994,1401336748,758027030,2026-04-20,Sfax 2,294.5627106068569,0.0,N
1351792,1414153336,758027037,2026-05-02,Bizerte,80.68754443997898,0.0,N
1377152,1415408728,758027041,2026-05-04,La Marsa,379.9863975020868,0.0,N
1351334,1401357330,758027049,2026-04-21,Testour,105.0582743376511,0.0,N
1714070,1414009196,758027051,2026-04-30,Sousse 3,2056.1659504745417,0.0,N
1072156,1400959926,758027052,2025-11-11,La Goulette,2600.915077132346,119.02185674096516,T
1327212,1401527212,758027053,2026-05-04,Bizerte,52.54861347265589,0.0,N
1292706,1401492706,758027055,2026-04-09,Ain Zaghouan,3375.512412279346,0.0,N
1612080,1401874090,758027057,2026-04-23,Gabès 1,201.10334806937274,0.0,N
1753188,1414189986,758027061,2026-01-14,Djerba 2,343.0738553807154,0.0,N
1607946,1401811960,758027064,2026-05-04,Sousse 2,406.28930039880055,0.0,N
1718614,1414099666,758027070,2026-05-04,Sousse 2,111.2931647447986,0.0,N
1154748,1400800194,758027079,2026-04-24,El Jem,521.4647417071135,0.0,N
1407550,1414075074,758027088,2026-05-03,Medjez El Bab,466.84700281324393,0.0,N
1411590,1414194672,758027091,2026-05-05,Djerba 1,84.28880576251275,0.0,N
1395346,1401595346,758027094,2026-05-05,Zarzis 1,80.52060469286178,0.0,N
949340,1400695274,758027097,2026-02-27,Ghardimaou,2043.7004977277647,0.0,N
1386772,1400913930,758027103,2026-05-04,Bizerte,28.906544656382355,0.0,N
14150932,1415537886,758027108,2026-05-03,Sfax 4,111.2931647447986,0.0,N
1756154,1401861338,758027114,2025-09-25,Gabès 2,1417.9429313383005,0.0,N
1389314,1414015348,758027117,2026-05-02,Bizerte,67.69746808050206,0.0,N
1332170,1401532170,758027118,2026-05-04,Chebba,76.19130058428912,0.0,N
14007732,1415414740,758027121,2026-04-26,Hammamet 2,649.3647015179151,0.0,T
1687526,1415534938,758027122,2026-05-04,Sousse 2,57.1889201471543,0.0,N
1795728,1414173554,758027124,2026-05-05,Menzel Bourguiba,117.24765820632517,0.0,N
1610148,1401815932,758027126,2026-05-05,Djerba 2,142.2079327294649,0.0,N
1558766,1414175474,758027132,2026-05-05,Djerba 1,125.20481033789842,0.0,N
1332814,1401677396,758027140,2026-04-29,El Jem,111.2931647447986,0.0,N
1532196,1414074734,758027142,2026-05-05,El Jem,91.97143475438217,0.0,T
14016674,1415551194,758027146,2026-05-05,Ghardimaou,54.33919683432776,0.0,N
1701276,1401995392,758027152,2026-05-04,Sfax 4,76.51405076204904,0.0,N
14013592,1415553514,758027154,2026-05-04,Chebba,216.40337589266395,0.0,N
14015936,1415407926,758027156,2026-05-05,Djerba 1,91.28821838192106,0.0,N
1326150,1414167358,758027171,2026-05-02,La Goulette,57.51630754011192,0.0,N
1697550,1401977800,758027172,2026-05-07,Ghardimaou,80.82697004358982,0.0,N
14001468,1415415498,758027175,2026-05-06,Soukra,79.50196308776702,0.0,N
1753328,1401921312,758027177,2026-05-08,Jendouba,278.2329118619965,0.0,N
799572,1401613334,758027178,2025-09-24,Ennasr,1872.7650168485486,0.13509753609299163,N
1329308,1401529308,758027181,2026-05-06,Ezzahrouni,104.00377160169414,0.0,N
1279994,1415411734,758027184,2026-05-08,Ariana,17.088138003524286,0.0,N
1353590,1401541614,758027188,2026-05-02,Gabès 4,597.8789377685721,0.0,T
1534148,1401941394,758027192,2026-05-04,Gabès 1,1424.7308869446936,0.0,N
1701466,1401994996,758027203,2025-09-30,Ghardimaou,4732.778619346462,0.0,N
1339070,1414089292,758027205,2026-05-07,Djerba 1,46.06145855875352,0.0,N
1337216,1400873808,758027206,2026-05-06,Mahdia,123.65907193866511,0.0,N
775588,1401177532,758027207,2026-05-06,La Marsa,89.43487804124031,0.0,N
14014790,1415413948,758027209,2026-05-07,Soliman,97.71261631681455,0.0,N
1091554,1400895354,758027211,2026-05-08,Gabès 2,80.24206263331995,0.0,N
1201792,1401661554,758027213,2026-05-08,Béja,7781.759050298328,0.0,N
1181146,1401788080,758027217,2026-05-05,Raoued,19.785451510186416,0.0,N
774138,1401754676,758027758,2026-05-05,Menzel Bourguiba,70.89405509011655,0.0,N
955894,1401947354,758027220,2026-05-07,Kairouan 2,38.99743407425728,0.0,N
966786,1414193398,758027221,2026-05-07,L'Aouina,61.21185890499892,0.0,N
1386752,1401586752,758027223,2026-04-29,Bizerte,88.1070887562989,0.0,N
1597998,1400197998,758027224,2026-05-07,Bizerte,44.4699663029029,0.0,N
14008754,1415417314,758027227,2026-05-06,Ghardimaou,123.868983213281,0.0,N
1688136,1415553592,758027230,2026-05-07,Gabès 1,111.2931647447986,0.0,N
1159168,1400806008,758027233,2026-05-08,Bizerte,80.68754443997898,0.0,N
1373672,1401877348,758027234,2026-05-07,Bizerte,764.764274894117,0.0,N
1709932,1414001348,758027235,2026-05-07,Ghardimaou,111.2931647447986,0.0,N
709336,1401553494,758027237,2026-05-08,Bizerte,391.4304263146505,0.0,N
1511818,1401735488,758027238,2026-01-12,Ariana,86.56135035706558,0.0,N
1159534,1400908134,758027240,2026-05-01,Bizerte,0.0,154.57383992333138,N
14013370,1415553132,758027247,2026-05-06,Sfax 1,111.2931647447986,0.0,N
14010120,1415419212,758027248,2026-05-07,Kelibia,107.3147432528519,0.0,N
14151294,1415539268,758027252,2026-05-05,Nabeul 2,401.8919838006616,0.0,N
14153386,1415526120,758027254,2026-04-29,Jemmal,6810.351810059666,0.0,N
14153386,1415526120,758027254,2026-04-29,Jemmal,2919.163137230655,0.0,N
1389134,1401589134,758027258,2025-11-07,Zarzis 1,9011.665687699015,417.3493677929947,N
1332134,1401341366,758027260,2026-05-08,La Marsa,50.23340649828423,0.0,N
1373350,1401573350,758027262,2026-05-05,El Jem,111.2931647447986,0.0,N
1796752,1414166134,758027270,2026-05-08,El Ouerdia,166.9397471171979,0.0,N
1813018,1414180892,758027272,2026-05-08,Zarzis 1,278.2329118619965,0.0,N
1273156,1401931714,758027274,2026-05-08,Djerba 1,139.11645593099826,0.0,N
1549106,1414073312,758027278,2025-12-26,Zarzis 1,3121.1460104491916,0.0,T
1079754,1414171934,758027279,2026-05-08,Gabès 2,64.30549973722448,0.0,N
14151554,1415538696,758027284,2026-05-08,Ariana,630.6118032584166,0.0,T
1807136,1414193556,758027286,2026-02-08,Gabès 1,128.01805422450306,0.0,N
1569130,1414192686,758027288,2026-05-07,Nabeul 2,5979.620057501469,0.0,N
1191214,1414170726,758027291,2026-05-07,Ariana,94.57043929885307,0.0,N
1406770,1401819732,758027294,2026-05-06,Mahdia,0.0,463.72151976999413,N
1799472,1414170994,758027295,2026-05-07,Lafayette,107.3147432528519,0.0,N
1372014,1401393294,758027296,2026-05-07,Sfax 1,70.23155161220515,0.0,N
813500,1401331556,758027306,2026-05-07,El Menzah,91.81686091445884,0.0,N
14019534,1415556148,758027308,2026-05-08,Sfax 5,139.11645593099826,0.0,N
1772092,1414121474,758027311,2026-05-07,Sfax 5,86.3217609051844,0.0,N
14153214,1415461572,758027312,2026-05-07,El Menzah,69.55822796549913,0.0,N
1777992,1414131094,758027315,2026-05-06,Grombalia,69.55822796549913,0.0,N
1695394,1401973530,758027318,2026-05-06,Grombalia,31.996784864129598,0.0,N
1212606,1415411910,758027322,2026-05-08,Testour,100.02998732494513,0.0,N
1518660,1401735746,758027325,2026-05-09,Mutuelleville,111.2931647447986,0.0,N
1691314,1401972972,758027331,2026-05-08,Soliman,54.255417813089316,0.0,N
1595676,1401769318,758027332,2026-03-20,Gabès 1,52.55510557393267,0.0,T
1169612,1401973312,758027335,2026-05-09,Mutuelleville,61.62271617151514,0.0,N
1013690,1401532796,758027338,2026-04-04,Testour,512.6892756669862,0.0,N
1531274,1401679474,758027340,2026-05-09,Jendouba,108.51083562617863,0.0,N
1292752,1400957594,758027343,2026-05-08,Ain Zaghouan,63.90175286734473,0.0,N
1660950,1401908070,758027344,2026-03-24,Ghardimaou,2390.563267072681,0.0,N
1813710,1414194772,758027353,2026-05-01,Grombalia,105.72850650755866,0.0,N
1198934,1401951398,758027354,2026-05-09,Gabès 1,18.08513927102977,0.0,N
1715130,1414112114,758027357,2026-05-02,Grombalia,617.4792098185303,0.0,N
1715130,1414112114,758027357,2026-05-02,Grombalia,401.1784709555755,0.0,N
975476,1414015978,758027358,2026-05-06,Bizerte,30.605620304819613,0.0,N
949100,1400695180,758027366,2026-05-09,Soukra,27.89470430024423,0.0,N
1781574,1414138188,758027368,2026-05-02,Gabès 3,13.911645593099825,0.0,N
1513158,1401750748,758027371,2026-05-08,La Goulette,111.2931647447986,0.0,N
1575278,1415415538,758027373,2026-03-16,Menzel Temim,353.30076977772285,0.0,N
1747156,1414073326,758027378,2026-04-18,Teboulba,534.5253037375954,0.0,N
1673158,1415550954,758027379,2026-05-09,Gabès 2,139.11645593099826,0.0,N
1213486,1415551110,758027380,2026-05-07,Lac II,94.07054750054101,0.0,N
1081388,1401598090,758027387,2026-04-02,Sfax 2,238.3899588833586,0.0,N
1075406,1401929340,758027388,2026-05-08,Lac II,94.59455281788111,0.0,N
1557412,1414148768,758027392,2026-05-05,Gabès 2,123.65907193866511,0.0,N
1016876,1414159138,758027394,2026-05-09,Sousse 2,395.70903020372833,0.0,N
1175206,1414073736,758027396,2026-05-08,Lafayette,92.74430395399882,0.0,N
1175206,1414073736,758027396,2026-05-08,Lafayette,759.5307138219928,0.0,N
1731400,1414135392,758027399,2026-05-08,Nabeul 2,46.3409280613349,0.0,N
1307508,1401507508,758027403,2026-05-08,El Jem,19.476303830339756,0.0,N
1493778,1401593994,758027407,2026-02-01,Ariana,3239.5535907503017,0.0,N
1532098,1414193180,758027410,2026-03-23,Gabès 2,174.51386527344113,0.0,N
1751208,1414079710,758027412,2026-01-30,Soliman,13064.452035737473,90.695582279655,N
1779414,1414133934,758027413,2026-05-03,Sfax 4,488.7627909852537,0.0,N
1099954,1400897346,758027417,2026-04-21,Ezzahrouni,182.15630506693049,0.0,N
1691560,1401966894,758027421,2026-04-30,Teboulba,470.4309518657063,0.0,N
1693960,1401971156,758027422,2026-05-07,Djerba 2,246.90697746313415,0.0,N
1713532,1414135468,758027424,2026-05-09,Gabès 3,243.1282653723684,0.0,N
1154792,1414175554,758027426,2026-04-17,Djerba 2,576.5285807030018,0.0,T
1217206,1401112074,758027428,2026-05-09,Mutuelleville,83.46987355859895,0.0,N
1552710,1401997740,758027429,2026-03-30,Djerba 2,61.829535969332554,0.0,N
1579480,1401760158,758027430,2026-05-08,Ariana,111.2931647447986,0.0,N
14150074,1415537352,758027436,2026-04-27,Hammamet 2,46.37215197699941,0.0,N
757354,1401952068,758027437,2026-05-02,Béja,147.15429560701148,0.0,N
1695992,1401975014,758027448,2026-04-03,Sousse 2,222.64506754876805,0.0,N
1287752,1401487752,758027449,2025-11-03,Bizerte,3080.2915262620954,0.0,N
1297170,1414134812,758027451,2026-02-26,Zarzis 1,1262.6181717006214,0.0,N
1393012,1401593012,758027452,2026-04-06,Bizerte,77.28691996166569,0.0,N
949970,1401113956,758027453,2026-04-23,Bizerte,290.764213064581,0.0,N
14014978,1415549552,758027454,2026-05-01,Sfax 5,61.829535969332554,0.0,T
968140,1400717958,758027456,2026-05-10,Mutuelleville,66.77589884687916,0.0,N
14014126,1415475172,758027463,2026-05-09,Hammamet 1,74.15679970321823,0.0,N
1001712,1414015316,758027467,2026-05-10,Mutuelleville,43.75614431013695,0.0,N
1531294,1414139338,758027471,2026-01-18,Mahdia,5389.798126565061,287.6990138189013,N
1680006,1414160952,758027474,2026-05-08,Gabès 2,69.55822796549913,0.0,N
1275092,1400869478,758027477,2026-05-10,Soukra,82.48183757380902,0.0,N
1609874,1401815414,758027486,2026-05-09,Jemmal,61.211240609639226,0.0,N
1729334,1414159346,758027490,2026-05-09,Djerba 1,154.57383992333138,0.0,N
1748018,1401999214,758027492,2026-05-08,Korba,89.31276470770088,0.0,N
1371594,1401571594,758027495,2025-11-10,Lac II,2707.0130151173216,2.3594150925897304,N
953800,1401993976,758027499,2026-04-26,Boussalem,61.829535969332554,0.0,N
1756190,1414193700,758027503,2026-05-10,Béja II,222.5863294895972,0.0,N
1206014,1401135932,758027506,2026-04-28,Gabès 4,59.51092837048258,0.0,N
1781134,1415412134,758027507,2026-04-21,Enfidha,60.43837141002257,0.0,N
1360154,1401553578,758027512,2026-05-02,Sousse 2,1388.4848672210717,0.0,N
1729076,1414158914,758027516,2026-04-17,Chebba,61.829535969332554,0.0,N
1710734,1414015390,758027517,2026-05-02,El Menzah,207.83998516091137,0.0,N
1329968,1401355314,758027521,2026-05-10,Soukra,72.89702290784308,0.0,N
953748,1414115146,758027522,2026-05-07,Gabès 4,351.19176430580893,0.0,N
1515786,1401748140,758027523,2026-05-10,Ain Zaghouan,111.2931647447986,0.0,N
1766172,1415415346,758027539,2026-05-08,Lac II,222.5863294895972,0.0,N
1772914,1415521328,758027543,2026-04-22,Sfax 4,1055.0997001267506,0.0,N
901592,1414153136,758027548,2026-05-09,Lac II,80.68754443997898,0.0,N
1667130,1415415568,758027550,2026-05-10,Kelibia,222.5863294895972,0.0,N
1740926,1414061330,758027551,2026-05-08,Gabès 2,94.59919003307881,0.0,N
1772992,1415408134,758027552,2026-04-21,Sousse 3,722.1071505858349,0.0,N
1341572,1401120158,758027561,2025-09-22,Djerba 2,1807.6606795066004,0.0,N
14010736,1415540194,758027562,2026-05-09,Gabès 2,42.15228614709247,0.0,N
1358994,1401332778,758027563,2026-05-09,El Jem,41.857359260518756,0.0,N
1573860,1401739466,758027568,2026-05-10,Kairouan 1,58.738059170865924,0.0,N
1729112,1414193338,758027571,2026-01-22,Mahdia,4637.215197699941,0.0,N
1555154,1400155154,758027572,2026-05-10,Ariana,100.16384827031874,0.0,N
1335752,1401535752,758027576,2026-05-09,Lac II,66.77558969919932,0.0,N
955740,1401539860,758027582,2026-05-08,Ghardimaou,120.56759514019848,0.0,N
1535812,1401579474,758027587,2026-05-10,Jendouba,363.5171731536155,0.0,N
1807136,1414193556,758027594,2026-05-11,Gabès 1,139.11645593099826,0.0,N
955212,1401735520,758027595,2026-05-05,Gabès 4,293.69029585432963,0.0,T
1507808,1401934666,758027596,2026-04-27,Lac II,185.48860790799765,0.0,N
1347566,1401935732,758027603,2026-04-30,Zarzis 1,770.6575571150339,0.0,N
1415948,1401991516,758027608,2026-05-11,Djerba 2,194.76303830339754,0.0,N
14153340,1415474132,758027612,2026-05-10,Djerba 1,470.15797446440166,0.0,N
1375486,1414195340,758027618,2026-02-23,Testour,758.2774291278945,0.0,N
1733730,1414153514,758027619,2026-05-10,Ariana,111.2931647447986,0.0,N
997512,1401520156,758027622,2026-05-10,Ghardimaou,110.62509660864995,0.0,N
819496,1414075128,758027625,2026-05-09,Lac II,105.72850650755866,0.0,N
1270906,1401775374,758027627,2026-05-11,Raoued,94.73243268309272,0.0,N
1735612,1414147712,758027629,2026-05-10,Zarzis 1,111.2931647447986,0.0,N
1533210,1401751156,758027631,2026-05-01,La Goulette,275.14143506352985,0.0,N
1475406,1401671668,758027636,2026-04-22,Lac II,383.2528518873466,0.0,N
1337478,1401999012,758027642,2026-01-01,El Menzah,6064.031285745201,0.0,T
1798726,1414169766,758027646,2026-04-05,Lac II,0.0,309.14767984666275,N
1079972,1400994780,758027647,2026-04-20,Sousse 3,324.60506383899593,0.0,N
1353168,1401087478,758027648,2026-05-11,Ghardimaou,111.2931647447986,0.0,N
1734790,1414146112,758027649,2026-05-10,Nabeul 2,94.23068599870159,0.0,N
1472140,1415556916,758027654,2026-05-11,Sousse 1,217.18830185179462,0.0,N
1293274,1414129746,758027655,2026-05-10,Djerba 1,104.00377160169414,0.0,N
1813468,1414179614,758027658,2026-05-11,Mahdia,2006.3817355550748,0.0,N
1781170,1414137370,758027660,2026-05-11,Zarzis 1,191.6715615049309,0.0,N
781996,1401358072,758027662,2026-02-22,Les Berges du Lac,1708.183448233221,0.0,N
1395912,1400751766,758027663,2026-05-11,Mutuelleville,111.2931647447986,0.0,N
1536156,1401595332,758027664,2025-12-26,Gabès 4,595.4184313846725,0.0,N
973386,1401749868,758027665,2026-05-08,Zarzis 1,615.0675487680465,0.0,N
1157752,1401001534,758027666,2026-05-11,Ezzahrouni,59.41818406652858,0.0,N
1296706,1401993532,758027668,2026-05-07,Ariana,62.908461371997404,0.0,N
1792148,1414158094,758027675,2026-05-03,Boussalem,555.8512381364578,0.0,N
773286,1414155406,758027683,2026-05-01,Gabès 4,367.11503385167094,0.0,N
894728,1400751580,758027686,2026-05-08,Ghardimaou,106.73632794385878,0.0,N
1693016,1401955208,758027688,2026-05-09,Sousse 3,186.88595542090457,0.0,N
1699580,1401979606,758027690,2026-05-10,Grombalia,111.2931647447986,0.0,N
1140766,1401479758,758027693,2026-05-10,Chebba,65.38473428756917,0.0,N
14015478,1415546788,758027697,2026-05-11,Djerba 1,516.9938479611711,0.0,T
14015478,1415546788,758027697,2026-05-11,Djerba 1,418.72600241135194,0.0,N
14013546,1415533120,758027698,2026-05-11,Gabès 2,3105.436052802424,0.0,N
14146874,1415531510,758027699,2026-04-26,Sfax 4,129.84202553559837,0.0,T
1706130,1401993958,758027700,2026-05-07,Zarzis 1,1222.0895291680836,0.0,T
1799488,1414169152,758027704,2026-04-19,Teboulba,1021.2384456054658,0.0,T
1389100,1401589100,758027706,2026-05-09,Zarzis 1,111.2931647447986,0.0,N
1307930,1401507930,758027717,2026-05-11,Ezzahrouni,139.11645593099826,0.0,N
1666612,1401919094,758027718,2026-04-03,Mutuelleville,4658.457662225245,28.221164250162303,N
1666612,1401919094,758027718,2026-04-03,Mutuelleville,1100.0420440844591,0.0,N
1415158,1401532926,758027719,2026-05-11,Jendouba,32.219371193619196,0.0,N
1810954,1414189534,758027721,2026-05-08,Ain Zaghouan,158.129038241568,0.0,N
987750,1401353916,758027722,2026-05-10,Bizerte,163.95554456363806,0.0,N
1741340,1401953338,758027726,2026-02-10,Bizerte,14205.96995084552,4892.905369895199,N
1317214,1401153354,758027727,2026-05-11,Mahdia,66.258076483136,0.0,N
1559076,1401939274,758027728,2026-05-11,Béja II,43.5808575756639,0.0,N
1573380,1400173380,758027731,2026-05-12,Bizerte,83.4145361239064,0.0,N
1013614,1400774774,758027732,2026-05-11,Raoued,111.2931647447986,0.0,N
1535514,1414193130,758027736,2026-05-10,Zarzis 1,63.60960830988964,0.0,N
941550,1400931514,758027738,2026-05-11,Ennasr,111.2931647447986,0.0,N
1752940,1414068800,758027739,2026-05-11,Teboulba,87.44829505054565,0.0,N
921068,1414093532,758027740,2026-05-11,Sousse 3,695.0341608186231,0.0,N
1367954,1401567954,758027741,2026-05-10,Mahdia,111.2931647447986,0.0,N
800098,1415419738,758027749,2026-05-11,Sousse 3,100.52524190805948,0.0,N
1277370,1415475172,758027751,2026-05-12,El Jem,70.89405509011655,0.0,N
947154,1400814786,758027753,2026-05-10,Zarzis 1,111.2931647447986,0.0,N
941520,1401734098,758027757,2026-05-10,Zarzis 1,111.2931647447986,0.0,N
1768940,1414113954,758027760,2025-10-17,Testour,319.4262219062046,0.0,N
1557080,1414135878,758027765,2026-05-11,Soliman,111.2931647447986,0.0,N
1513336,1414151468,758027766,2026-05-12,Béja,111.2931647447986,0.0,N
1533352,1401794134,758027768,2025-08-18,Zarzis 1,4806.085262930102,0.0,N
956816,1401950196,758027769,2026-05-12,Sousse 3,72.33962964107955,0.0,N
1061906,1400956752,758027771,2025-10-07,Sfax 2,3245.3924629795656,0.0,N
1461094,1415529120,758027773,2026-04-29,Ghardimaou,971.663214517575,0.0,N
1553956,1414181358,758027775,2026-05-11,Chebba,70.23155161220515,0.0,N
959218,1401750710,758027779,2026-05-03,Bizerte,380.28503416081867,0.0,N
1499128,1401619538,758027786,2026-04-21,Zarzis 1,3326.259622221535,0.0,N
1107798,1401955558,758027787,2026-04-08,La Marsa,108.20168794633197,0.0,N
1528154,1401532072,758027790,2026-05-11,Ain Zaghouan,1007.6798466627508,0.0,N
1755466,1414093388,758027791,2026-05-11,Mutuelleville,111.2931647447986,0.0,N
1586750,1401774756,758027792,2026-05-02,Hammamet 1,146.91346956441092,0.0,N
1787334,1414147772,758027794,2026-05-06,Ariana,37.09772158159953,0.0,T
1290760,1401957408,758027795,2026-05-11,Gabès 4,66.77589884687916,0.0,N
795114,1414115946,758027796,2026-03-15,Lac II,506.5149782050886,0.0,N
1759326,1414095194,758027799,2026-05-11,Medjez El Bab,96.38822765635145,0.0,N
14147594,1415531786,758027802,2026-05-12,Bardo,119.1949794416793,0.0,N
14157530,1415467212,758027803,2026-05-11,Mahdia,1210.657557115034,0.0,N
930730,1401401374,758027806,2026-05-09,Sousse 3,292.7690357683866,0.0,N
1153730,1401938752,758027814,2026-04-28,Zarzis 1,60.09830896219124,0.0,N
1708012,1414151166,758027815,2026-05-11,Ghardimaou,110.62509660864995,0.0,N
1094754,1400871328,758027816,2026-05-01,Lac II,92.74430395399882,0.0,N
1775370,1414127360,758027817,2026-05-11,Enfidha,58.428911491019264,0.0,N
1374988,1401574988,758027820,2026-05-01,El Jem,58.738059170865924,0.0,N
1015528,1400772978,758027822,2026-05-12,Boussalem,44.51726589791944,0.0,N
1271694,1401471694,758027824,2026-05-12,Mahdia,111.2931647447986,0.0,N
1559952,1401741738,758027828,2026-05-13,Ain Zaghouan,91.7139147370699,0.0,N
1570988,1401747914,758027830,2026-05-13,Mahdia,165.28920765449655,0.0,N
1749414,1415413540,758027832,2026-05-12,Teboulba,75.86051256685319,0.0,N
1531546,1401679954,758027833,2026-05-12,Lac II,93.73945033542523,0.0,N
1080940,1400867208,758027837,2026-05-13,Lac II,55.6465823723993,0.0,N
1321866,1401521866,758027838,2026-05-12,Djerba 1,62.32417225708721,0.0,N
1737546,1414133332,758027839,2026-05-13,Bizerte,89.03453179583887,0.0,N
1693772,1401957332,758027840,2026-05-05,Nabeul 2,70.23433394132377,0.0,N
1334140,1401309494,758027843,2026-05-13,Djerba 1,1274.7596376789193,0.0,N
1553350,1401495536,758027845,2026-05-12,Ariana,88.38099360064304,0.0,N
1413566,1401529366,758027846,2026-05-12,Lac II,89.03484094351873,0.0,N
1759294,1414095128,758027847,2026-05-12,Enfidha,254.95409156954278,0.0,N
1752138,1414067336,758027848,2026-05-12,Bardo,187.93396605558476,0.0,N
1337550,1401899994,758027853,2026-05-15,Bizerte,33.38794942343958,0.0,N
780136,1401359928,758027854,2026-05-14,El Jem,612.707824527777,0.0,T
1019892,1401909208,758027861,2026-05-08,Bizerte,84.1373233993879,0.0,N
1334774,1401739354,758027862,2026-05-13,Bizerte,99.32914953473275,0.0,N
1728072,1401949212,758027863,2026-05-15,Sousse 3,94.07023835286117,0.0,N
1349534,1414195732,758027869,2026-05-03,Sfax 4,2698.9563174328377,0.0,N
1351330,1400666092,758027870,2026-05-12,Bizerte,169.5056728599252,0.0,N
1395972,1401979594,758027871,2026-05-01,Kairouan 2,55.6465823723993,0.0,N
1295872,1401555526,758027873,2026-05-02,Sfax 2,92.74430395399882,0.0,N
1711946,1415472714,758027875,2026-05-14,Enfidha,112.61415278078339,0.0,N
1335280,1401333548,758027878,2026-03-31,Djerba 2,834.9843880421678,0.0,N
1579414,1400179414,758027879,2026-05-13,Bizerte,74.20440844591462,0.0,N
1318740,1401314150,758027887,2026-05-15,Mahdia,1626.1167959934462,0.0,N
1139952,1401271210,758027896,2026-04-14,Djerba 2,191.5117321544502,0.0,N
1489392,1401599328,758027898,2026-05-05,Bizerte,428.38593996352057,0.0,N
1689538,1401975156,758027901,2026-05-15,Hammamet 2,139.11645593099826,0.0,N
811994,1415558892,758027903,2026-05-16,Béja II,111.2931647447986,0.0,N
952818,1400689874,758027905,2026-04-30,Zarzis 1,130.4603208952917,0.0,N
1349956,1401357294,758027916,2026-04-05,Ain Zaghouan,95.90595727579066,5.04776331653631,N
1678934,1401952148,758027921,2026-05-01,Sfax 4,307.2040683834668,0.0,N
1348138,1401335296,758027922,2026-05-15,Ain Zaghouan,59.59748972083965,0.0,N
1599876,1414147546,758027923,2026-05-12,El Jem,1597.4102698859247,0.0,N
1212740,1401211136,758027925,2026-05-08,Bizerte,77.51599839243207,0.0,N
860706,1401392080,758027926,2026-05-15,Ghardimaou,83.46987355859895,0.0,N
1753616,1414155292,758027927,2026-04-29,Sfax 1,859.6157294339506,0.0,N
1311374,1414075132,758027930,2026-05-15,Gabès 1,448.3986150183943,0.0,N
1332192,1414113330,758027932,2026-05-14,Ghardimaou,300.3456271060686,0.0,N
14013070,1415409976,758027933,2026-05-15,El Menzah,72.88032893313137,0.0,N
1767354,1414109152,758027936,2026-05-15,Zarzis 1,49.209818530311935,0.0,N
1789578,1415535390,758027941,2026-05-12,Béja II,111.2931647447986,0.0,N
1748612,1414075372,758027946,2026-05-14,Ghardimaou,2318.6075988499706,0.0,N
1587972,1401776798,758027951,2026-04-05,Gabès 2,350.3416081862306,0.0,N
1747676,1414073678,758027954,2026-05-16,Sfax 5,81.80047608742697,0.0,N
1537288,1414089354,758027955,2026-05-15,Ennasr,72.88032893313137,0.0,N
1593332,1401793492,758027961,2026-05-15,Ghardimaou,30.563885368040314,0.0,N
1527516,1401933360,758027965,2026-05-07,Boussalem,125.08115126595976,0.0,T
959558,1401355550,758027972,2026-05-16,Gabès 3,111.2931647447986,0.0,N
1536146,1414195518,758027973,2026-04-24,Jendouba,195.78013417009308,0.0,T
1473914,1414133738,758027975,2026-03-15,Lac II,141.0891272760998,0.0,N
1092888,1401749296,758027976,2026-05-16,Sousse 2,111.2931647447986,0.0,N
1278608,1401478608,758027977,2026-05-14,Bizerte,44.93461526571243,0.0,N
1732012,1415467358,758027980,2026-05-15,Béja II,94.59919003307881,0.0,N
1539766,1401694156,758027982,2026-05-16,Mutuelleville,61.24679259282159,0.0,N
1339374,1415528934,758027986,2026-05-15,La Goulette,139.11645593099826,0.0,N
14155754,1415533492,758027990,2026-05-15,Grombalia,67.38244659473831,0.0,N
1469914,1414095990,758027996,2026-01-18,Chebba,25278.71270906112,163.66401830154265,N
1555530,1400721540,758028005,2026-04-19,La Marsa,170.9895817231892,0.0,T
1596600,1401949760,758028007,2026-05-14,Lac II,141.75193990169106,0.0,T
1216154,1401415574,758028008,2026-05-16,Bizerte,110.05348254861347,0.0,N
14013712,1415411074,758028015,2026-05-14,Ariana,399.0824496862151,0.0,N
1811100,1414189920,758028017,2025-12-14,Sousse 2,35.86113086221288,0.0,N
1527074,1414155372,758028022,2026-05-16,Sousse 2,139.11645593099826,0.0,N
1335512,1401501598,758028024,2026-05-08,Zarzis 1,83.46987355859895,0.0,N
1533954,1401692134,758028032,2026-05-11,M'saken,67.47951896621016,0.0,N
1460734,1400735776,758028035,2026-04-29,Moknine,703.2611988747025,0.0,T
1276098,1401555214,758028036,2026-05-15,Zarzis 1,111.2931647447986,0.0,N
1611132,1415413550,758028037,2026-05-15,Medjez El Bab,20.838717655424,0.0,N
1326698,1401316948,758028038,2026-05-15,Lac II,0.0,463.72151976999413,N
1713352,1414079686,758028039,2026-05-16,Soukra,111.2931647447986,0.0,N
1275470,1401475470,758028044,2026-05-15,Ezzahrouni,65.10217330818932,0.0,N
14008160,1415415756,758028047,2026-05-16,Gabès 2,92.3485949237951,0.0,N
1615198,1414174072,758028051,2026-05-15,Gabès 2,41.734936779299474,0.0,N
1570910,1401992740,758028052,2026-05-16,Monastir 2,62.21689801218042,0.0,N
1817398,1415400116,758028053,2026-03-29,Gabès 1,8022.475963767893,0.0,N
14006978,1415413332,758028058,2026-05-15,Zarzis 1,111.2931647447986,0.0,N
1293572,1401335216,758028062,2026-05-12,Béja,77.90521532135902,0.0,N
1330774,1415467406,758028065,2026-05-16,Zarzis 1,278.2329118619965,0.0,N
752158,1400861112,758028068,2026-05-17,Ain Zaghouan,102.94617738893871,0.0,N
1159310,1401532812,758028070,2026-05-17,Sousse 3,166.9397471171979,0.0,N
1550774,1415535574,758028073,2026-05-06,Ezzahrouni,9416.759823167527,463.72151976999413,N
1336116,1401536116,758028077,2026-05-14,Zarzis 1,326.42748941169197,0.0,N
1129528,1400817778,758028080,2026-05-16,Zarzis 1,80.4955637307942,0.0,N
1061260,1401936170,758028083,2026-05-02,Gabès 4,531.6428107707052,0.0,T
1678754,1414178932,758028086,2026-05-16,Sousse 3,395.090734844035,0.0,N
1374750,1414161490,758028088,2026-05-16,Chebba,70.23155161220515,0.0,N
1769294,1414115314,758028090,2026-05-16,Ennasr,75.86051256685319,0.0,N
953736,1401375134,758028093,2026-05-17,Béja,81.88394596098557,0.0,N
1613494,1401819554,758028094,2025-12-15,Kairouan 2,1803.3947506723964,86.56135035706558,N
1495880,1414101148,758028096,2026-05-15,Djerba 1,828.5680279469503,0.0,N
1371396,1401531334,758028101,2026-05-11,Lac II,199.40118094413702,0.0,N
1597070,1401792130,758028103,2026-05-16,Gabès 1,61.252975546418526,0.0,N
1154158,1400794986,758028107,2026-05-16,Bizerte,56.76909759792253,0.0,N
1354746,1401373480,758028108,2026-03-02,Sfax 2,113.05530651992457,0.0,N
1731580,1415473526,758028110,2026-05-16,Enfidha,111.2931647447986,0.0,N
14154000,1415475150,758028113,2026-05-15,Hammamet 2,42.151976999412625,0.0,N
1329398,1401170740,758028114,2025-08-03,Lac II,2225.575169258355,105.39833678548243,N
1534154,1401535194,758028115,2026-05-15,Sousse 3,198.6582990694655,0.0,N
1540748,1401696158,758028116,2026-05-13,Bizerte,1099.6723034593626,0.0,N
1810120,1414187752,758028117,2026-05-15,El Jem,111.2931647447986,0.0,N
1753794,1414093294,758028118,2026-05-16,Jemmal,105.72819735987882,0.0,N
1353992,1414193352,758028120,2025-12-28,La Marsa,29875.783843942252,1307.3097968899745,T
1541390,1401697154,758028128,2025-10-16,Kelibia,0.0,2473.181438773302,N
1529952,1400129952,758028131,2026-05-16,La Marsa,825.4892262033574,0.0,N
1695808,1414113748,758028133,2026-05-16,Ain Zaghouan,59.568120691254215,0.0,N
1133492,1414069092,758028135,2026-05-16,Djerba 1,52.86425325377933,0.0,N
1195900,1401935290,758028138,2026-05-17,Béja,54.43255943364145,0.0,N
1555666,1401499916,758028141,2026-05-15,Chebba,166.9397471171979,0.0,N
1759494,1414093212,758028143,2026-05-15,Medjez El Bab,139.11645593099826,0.0,N
1331720,1401326092,758028146,2026-05-16,Zarzis 1,45.90843045722942,0.0,N
1333280,1401312756,758028148,2026-01-16,Lac II,140.0355519831824,0.0,N
1574134,1401733006,758028149,2026-05-12,Gabès 3,716.6043218845643,0.0,T
1320126,1414073292,758028156,2026-04-20,Kairouan 1,189.9403344977896,0.0,N
1529308,1400949878,758028158,2026-05-14,Ariana,111.2931647447986,0.0,N
1591660,1401794952,758028160,2026-04-24,Ain Zaghouan,12429.816984573532,2157.850805329706,N
1591660,1401794952,758028160,2026-04-24,Ain Zaghouan,4683.587349676941,0.0,N
1288076,1401335740,758028167,2026-01-08,Ghardimaou,2893.08560299255,0.0,T
1111580,1401535754,758028171,2025-08-01,Gabès 2,1530.310693418246,179.27597613379913,N
1695492,1401974078,758028172,2026-05-14,Gabès 2,912.282437320308,0.0,N
1155512,1414116952,758028203,2026-05-16,Menzel Bourguiba,70.89405509011655,0.0,N
1488786,1401599694,758028204,2026-05-17,Gabès 3,153.66834636906052,0.0,N
1555598,1401698792,758028205,2026-05-17,La Marsa,261.2730701456086,0.0,N
1547976,1401486730,758028207,2026-05-17,Chebba,65.38473428756917,0.0,N
1719786,1415552726,758028211,2026-05-14,Bardo,139.11645593099826,0.0,N
957570,1414087526,758028213,2026-05-18,Djerba 1,117.47611834173185,0.0,N
1335546,1414155150,758028214,2026-05-13,Bizerte,377.776300738863,0.0,N
1473274,1401555606,758028215,2026-05-16,Menzel Bourguiba,111.2931647447986,0.0,N
1532792,1414074992,758028217,2026-05-17,Zarzis 1,75.12288620273905,0.0,N
1009118,1401932714,758028220,2026-04-10,Djerba 2,535.2514916375553,0.0,N
1793934,1414161006,758028226,2026-05-17,Beni Khalled,110.62509660864995,0.0,N
931074,1401875134,758028227,2026-05-17,El Jem,85.07002194948528,0.0,N
1713958,1414008992,758028228,2026-05-17,Soliman,97.38151915169877,0.0,N
1614108,1401955350,758028229,2026-05-17,Enfidha,47.299595016539406,0.0,N
1761466,1414099078,758028230,2026-05-06,Jendouba,509.681577889758,0.0,N
1728736,1414159520,758028233,2026-05-18,Beni Khalled,111.2931647447986,0.0,N
1729936,1415535526,758028238,2026-05-18,Sousse 3,52.86425325377933,0.0,N
1751952,1414080868,758028240,2026-05-18,Zarzis 1,86.25220267721892,0.0,N
1113534,1400921752,758028245,2026-05-14,Zarzis 1,92.74430395399882,0.0,N
1747560,1414071294,758028247,2026-04-24,Ezzouhour,922.796549911893,0.0,N
1489734,1401950154,758028261,2026-05-17,Boussalem,1380.0680124895664,0.0,N
14149172,1415534738,758028275,2026-05-18,Ghardimaou,60.96052184128359,0.0,N
1571090,1415551508,758028281,2026-05-16,Djerba 2,0.0,972.8423037685103,N
1799194,1414171354,758028283,2026-05-14,El Menzah,129.16684700281326,0.0,N
14001014,1415414778,758028284,2026-05-17,Enfidha,33.38794942343958,0.0,N
14007540,1415415320,758028285,2026-05-17,Ariana,110.70763903916902,0.0,N
1327796,1401527796,758028289,2026-05-14,El Menzah,61.829535969332554,0.0,N
1716734,1414014134,758028301,2026-02-22,Jendouba,247.31814387733021,0.0,N
1814814,1414192136,758028306,2025-11-07,Kairouan 2,394.8316690883235,0.0,T
1670010,1401927326,758028307,2025-11-09,Boussalem,46.90543172473491,0.0,T
14149532,1415533194,758028311,2026-05-16,Lac II,116.85782298203853,0.0,N
1615996,1401953752,758028313,2026-05-17,Lac II,104.00346245401428,0.0,N
1108156,1414131908,758028314,2026-05-11,Mahdia,129.03824156799703,0.0,N
1561914,1401732668,758028315,2026-05-19,Ghardimaou,84.13794169474758,0.0,N
1473734,1400759172,758028320,2026-05-19,La Marsa,61.829535969332554,0.0,N
1521468,1415554072,758028321,2026-05-17,Ghardimaou,97.38151915169877,0.0,N
14018116,1415553738,758028322,2026-01-20,Gabès 2,803.5224286641729,0.0,N
1813928,1414195012,758028323,2026-05-18,Gabès 1,111.2931647447986,0.0,N
1314736,1401514736,758028324,2026-05-17,La Goulette,245.5881534609083,0.0,N
1761350,1414098932,758028325,2025-09-05,Ariana,108.20168794633197,0.0,N
1370126,1401466756,758028330,2026-02-23,Ariana,21.702167125235725,0.0,N
1353354,1400955412,758028336,2026-05-08,Ariana,58.738059170865924,0.0,N
1352116,1401552116,758028340,2026-05-07,La Goulette,541.0152409806165,0.0,T
879152,1400613474,758028341,2026-05-08,Sousse 3,510.99916530126444,0.0,N
1537552,1401688156,758028342,2026-05-01,Testour,300.27112251522556,0.0,T
990154,1400752094,758028349,2026-05-17,El Jem,358.61749157572575,0.0,N
1407678,1400007678,758028350,2026-05-18,Lac II,80.37746931709277,0.0,N
1695072,1415411554,758028351,2025-11-13,Bizerte,304.19327912944016,0.0,T
1535812,1401579474,758028352,2026-05-19,Jendouba,127.67799177667172,0.0,N
1757520,1414091720,758028353,2026-05-17,Ezzouhour,36.754876804649584,0.0,N
1487174,1414195536,758028354,2026-01-24,Teboulba,200.9459919003308,0.0,N
1352014,1401552014,758028355,2026-05-17,Jendouba,148.56339073175258,0.0,N
807332,1401727696,758028359,2026-05-18,Sousse 3,16.69397471171979,0.0,N
1733788,1414095618,758028360,2026-05-10,Djerba 1,296.7814635051164,0.0,N
1755876,1401959380,758028364,2026-05-15,Grombalia,252.14857637493432,0.0,N
1567340,1401741314,758028367,2026-05-19,Chebba,30.563576220360467,0.0,N
1753076,1415551518,758028370,2026-05-16,Hammamet 1,1468.4514792716482,0.0,N
14019660,1415557370,758028372,2026-05-14,Grombalia,80.68754443997898,0.0,N
1614778,1401955726,758028375,2026-05-18,Mahdia,45.46294865057038,0.0,N
1773294,1414112926,758028381,2025-09-07,Gabès 1,1660.8418091322226,0.0,N
1375998,1401153276,758028384,2026-05-19,Bizerte,30.144062818808546,0.0,N
1674174,1401934812,758028386,2026-05-05,El Jem,451.35561257612767,0.0,N
1320876,1401520876,758028395,2026-05-19,Bizerte,80.52616935109903,0.0,N
1488898,1414116128,758028398,2026-05-03,Zarzis 1,876.8717346276317,0.0,N
14147992,1415533332,758028400,2026-05-11,Djerba 1,197.35369586051257,0.0,N
952152,1414174946,758028402,2026-01-03,Sfax 2,1782.123226265187,0.0,N
14007872,1415415070,758028403,2026-05-13,El Jem,1413.7323399387888,0.0,T
1475518,1401573534,758028405,2026-04-30,Kairouan 1,2143.85136179553,0.0,N
1394110,1401957352,758028418,2026-05-19,Béja,275.14143506352985,0.0,N
1114874,1401121388,758028419,2026-05-17,Béja,69.55822796549913,0.0,N
14009418,1415415716,758028423,2026-05-13,Mahdia,1762.1417751259778,0.0,N
1801552,1414173270,758028425,2026-05-18,El Menzah,111.2931647447986,0.0,N
1546754,1401713890,758028429,2026-05-20,Béja,139.11645593099826,0.0,N
1150728,1401695548,758028434,2026-05-18,Gabès 2,113.5808575756639,0.0,N
1690092,1415415752,758028443,2026-05-19,Teboulba,40.52091384054163,0.0,N
1535936,1414137330,758028444,2026-05-20,Djerba 1,3091.4767984666278,0.0,N
1752898,1414068740,758028447,2026-05-19,Bizerte,1406.6219433023157,0.0,N
1477948,1401579718,758028450,2026-05-19,Sfax 5,97.91016168423657,0.0,N
14015740,1415549660,758028454,2026-05-16,Bardo,139.11645593099826,0.0,N
1533370,1400133370,758028458,2026-05-20,Ariana,38.892942158469104,0.0,N
1349770,1400775952,758028460,2026-03-05,Boussalem,19189.733514699972,12330.963922465762,N
1575386,1414073334,758028461,2026-05-22,Ariana,72.34055708411908,0.0,N
1357690,1401753270,758028467,2026-05-21,Gabès 4,48.24558691687019,0.0,N
896016,1415417732,758028469,2026-05-21,Béja,111.2931647447986,0.0,N
780878,1401312736,758028471,2026-05-22,Mutuelleville,24.868457662225246,0.0,N
1319480,1401301306,758028473,2026-05-22,Gabès 2,58.97393885058893,0.0,N
769776,1401273998,758028474,2026-05-21,Béja,82.15104955637308,0.0,N
1087188,1400877132,758028477,2026-05-13,Jendouba,660.76606795066,0.0,N
1261914,1401193554,758028478,2026-05-19,Djerba 2,119.56502921445575,0.0,N
1533132,1400133132,758028479,2026-05-21,Bizerte,88.86759204872168,0.0,N
1532136,1401666134,758028484,2026-05-21,El Jem,71.55624942034811,0.0,N
1577114,1400177114,758028486,2026-05-14,Gabès 4,176.17584320029678,0.0,N
1489490,1401601134,758028487,2026-05-20,La Goulette,109.96290227841841,0.0,N
1191338,1401950156,758028489,2026-05-12,Sousse 2,766.4670603147124,0.0,N
1579332,1401933012,758028495,2026-05-22,Ariana,147.33823847652025,0.0,N
1701166,1401992738,758028499,2026-05-20,Ariana,94.07023835286117,0.0,N
1355736,1401555736,758028500,2026-05-20,El Jem,58.738059170865924,0.0,N
957096,1401366946,758028501,2026-05-21,Ghardimaou,107.3141249574922,0.0,N
1570772,1401747572,758028504,2026-05-22,Mutuelleville,111.2931647447986,0.0,N
1573006,1401751176,758028505,2026-05-21,Zarzis 1,111.2931647447986,0.0,N
1573728,1400173728,758028514,2026-05-21,Zarzis 1,0.0,111.2931647447986,N
1415176,1401529332,758028515,2026-05-21,Sfax 4,139.11645593099826,0.0,N
1089152,1400879730,758028516,2026-05-21,Bizerte,122.42309951463815,0.0,N
972976,1400714160,758028517,2026-05-22,Medjez El Bab,111.2931647447986,0.0,N
1333272,1401533272,758028521,2026-05-21,La Marsa,309.14767984666275,0.0,T
1135336,1414075900,758028524,2026-05-22,Soukra,111.2931647447986,0.0,N
1211546,1401012178,758028526,2026-05-22,Ezzahrouni,72.54954091569543,0.0,N
1601790,1401800712,758028527,2026-05-19,Chebba,51.91455158129038,0.0,N
1797788,1414168172,758028542,2026-05-21,Ennasr,164.07673045413796,0.0,N
1317972,1401474948,758028545,2026-05-20,Beni Khalled,88.40294308591214,0.0,N
1335892,1400733610,758028546,2026-05-21,La Marsa,0.0,69.55822796549913,N
1332938,1401329536,758028551,2026-05-22,El Jem,39.11923826011686,0.0,N
1139132,1414131146,758028552,2026-05-21,Lafayette,89.764120320277,0.0,N
1166726,1401018170,758028555,2026-05-17,Sousse 3,6913.898661390546,293.69029585432963,N
1531396,1401741914,758028556,2026-05-21,Bizerte,57.64955019012583,0.0,N
1549578,1415417948,758028558,2026-05-21,Ariana,1702.6892756669863,0.0,N
1514794,1401728790,758028559,2026-05-21,Djerba 2,111.2931647447986,0.0,N
1335326,1414101934,758028562,2026-05-19,Soliman,110.29430859121403,0.0,N
988688,1401532890,758028563,2026-05-20,Raoued,67.5824651435991,0.0,N
1755136,1401958014,758028568,2026-05-13,La Marsa,0.0,463.72151976999413,N
861396,1414155166,758028570,2026-05-21,Sfax 3,30.605620304819613,0.0,N
937794,1400919948,758028582,2026-05-20,Lac II,89.03453179583887,0.0,N
1738972,1401913540,758028583,2026-05-21,Bizerte,87.44829505054565,0.0,N
1198934,1401951398,758028589,2026-04-09,Gabès 1,205.09629950227225,0.0,N
1468736,1414001758,758028596,2026-05-22,Zarzis 1,336.5730979688998,0.0,N
1494772,1400094772,758028598,2026-05-16,Zarzis 1,148.39088632639812,0.0,N
1555406,1414090152,758028601,2026-05-20,Chebba,68.90716295174205,0.0,N
1338794,1414139406,758028603,2026-05-22,Gabès 2,107.7487865953566,0.0,N
1727934,1414157392,758028605,2026-05-21,Djerba 2,28.90809039478159,0.0,N
14009338,1415417492,758028606,2026-05-01,Menzel Temim,247.31814387733021,0.0,T
812910,1400721900,758028607,2026-05-21,Mahdia,38.00661576034872,0.0,N
1171570,1401894750,758028612,2026-05-20,Chebba,54.53643305406993,0.0,N
815356,1401417592,758028613,2026-05-22,Boussalem,56.720561412186605,0.0,N
14013540,1415554934,758028614,2026-05-20,Grombalia,105.72850650755866,0.0,N
1090670,1400881952,758028615,2026-05-22,Bizerte,84.1373233993879,0.0,N
1211528,1401928194,758028630,2026-05-23,Mutuelleville,163.99047825146073,0.0,N
1175328,1414097172,758028637,2026-05-21,Gabès 4,168.4854855164312,0.0,N
1275274,1401475274,758028640,2026-05-21,Gabès 3,119.3711936191919,0.0,N
1269278,1401930140,758028642,2026-05-22,Béja,111.2931647447986,0.0,N
1088668,1401069920,758028645,2026-05-23,Gabès 2,82.8129347389248,0.0,N
1470952,1401567332,758028646,2026-05-01,Sfax 4,1140.419204253872,0.0,N
1493532,1401593534,758028647,2026-05-10,Ghardimaou,123.65907193866511,0.0,N
1529558,1401533268,758028650,2026-05-22,Sfax 4,111.2931647447986,0.0,N
1407550,1414075074,758028651,2026-05-23,Medjez El Bab,153.3415772714626,0.0,N
14012066,1415409546,758028652,2026-02-09,Sfax 4,794.1623643614555,0.0,N
1695316,1401952178,758028654,2026-05-12,Grombalia,1304.1101184035615,0.0,N
1477950,1401533792,758028656,2026-05-23,Kairouan 2,88.91087272390021,0.0,N
1729530,1414187154,758028658,2026-05-22,Ariana,104.00377160169414,0.0,N
1374918,1401574918,758028665,2026-05-23,Bizerte,100.3292422790367,0.0,N
1397128,1401713334,758028667,2026-05-20,Ennasr,0.0,1953.8133366309087,N
1273332,1401351546,758028668,2026-05-22,Sfax 4,66.21943302315516,0.0,N
1355738,1401373548,758028669,2026-05-14,Mahdia,13.911645593099825,0.0,N
1539552,1400139552,758028674,2026-05-22,La Goulette,83.46987355859895,0.0,N
1746912,1414073534,758028677,2026-05-18,Grombalia,109.06730144990263,0.0,N
1551316,1401935398,758028679,2026-05-22,Sousse Erriadh,130.78338022073146,0.0,N
1009710,1401995934,758028682,2026-05-18,Gabès 4,255.8948279593162,0.0,N
1289372,1401999548,758028684,2026-05-17,Sousse 2,151.1732154450181,0.0,N
1294738,1401494738,758028685,2026-05-23,Sousse 1,139.11645593099826,0.0,N
1775996,1415469392,758028686,2026-05-16,Zarzis 1,28.862027390484435,0.0,N
1372708,1401594814,758028687,2026-05-23,Medjez El Bab,37.18551952267598,0.0,N
1552956,1401795498,758028696,2026-05-23,Nabeul 2,139.11645593099826,0.0,N
14014126,1415475172,758028698,2026-05-03,Hammamet 1,64.46347420162613,0.0,N
1477386,1401578932,758028702,2026-05-22,Djerba 1,51.02791603549016,0.0,N
14153154,1415461714,758028703,2026-05-06,Jendouba,224.5865149782051,0.0,T
1735354,1401897348,758028704,2026-05-23,Ariana,92.41537082264198,0.0,N
1532812,1401877292,758028705,2026-03-30,Medjez El Bab,282.8701270596964,0.0,N
1353900,1414155540,758028707,2025-10-28,Kairouan 2,7804.188332766563,1293.0216094228213,N
1499128,1401619538,758028714,2026-05-22,Zarzis 1,109.67323090240208,0.0,N
1332934,1400955152,758028721,2026-05-23,Bizerte,111.2931647447986,0.0,N
1313158,1414081988,758028722,2026-05-22,Ariana,87.93056543110644,0.0,N
1352972,1401995192,758028729,2026-05-16,Testour,58.738059170865924,0.0,N
1087674,1401194152,758028731,2026-05-19,Ain Zaghouan,608.1361486382045,0.0,N
1512870,1401733520,758028732,2026-05-23,Nabeul 2,111.2931647447986,0.0,N
1494194,1401587614,758028733,2026-05-23,Djerba 1,44.51726589791944,0.0,N
794948,1401134132,758028735,2026-05-04,Lac II,460.2980183633722,0.0,N
1373134,1401395332,758028740,2026-05-24,El Menzah,120.56759514019848,0.0,N
1755528,1401958734,758028742,2026-05-22,Jendouba,910.8356261786256,0.0,N
1594666,1400194666,758028745,2026-05-22,Bizerte,41.857359260518756,0.0,N
1276930,1401476930,758028746,2026-05-20,Mahdia,260.59850990818313,0.0,T
1773532,1414120614,758028747,2026-05-20,Gabès 4,45.463257798250226,0.0,N
1489480,1401598740,758028749,2026-05-10,Bizerte,132.933502334065,0.0,N
952712,1401755970,758028755,2026-05-24,Bizerte,80.95526633072619,0.0,N
1741286,1401954978,758028756,2026-05-22,Lac II,52.843231211549764,0.0,N
1349956,1401357294,758028757,2026-05-23,Ain Zaghouan,47.7169443843324,0.0,N
1395578,1415555272,758028758,2026-05-20,Teboulba,111.2931647447986,0.0,N
1799926,1414171752,758028760,2026-05-24,Enfidha,40.20341917333911,0.0,N
1136860,1400972872,758028761,2026-05-22,Boussalem,97.38151915169877,0.0,N
1555908,1401479592,758028765,2026-01-04,Bizerte,11286.515905648128,1226.35082078709,N
1153466,1401497374,758028767,2026-05-23,Lac II,66.77558969919932,0.0,N
927914,1401378954,758028769,2026-05-23,Soukra,168.13800352428356,0.0,N
1319736,1401187092,758028770,2026-05-23,El Jem,16.69397471171979,0.0,N
1671140,1401928932,758028772,2026-05-22,Gabès 4,70.89405509011655,0.0,N
995512,1400793320,758028777,2026-01-25,Sousse 3,7543.873002133119,0.0,N
1755290,1414073728,758028782,2026-05-23,Ariana,816.2797168207253,0.0,N
1526792,1415535386,758028784,2026-05-22,Hammamet 1,140.8167681701549,0.0,N
1708874,1401998928,758028789,2026-05-24,Bizerte,139.11645593099826,0.0,N
1333326,1414171736,758028792,2026-05-24,Mutuelleville,44.51726589791944,0.0,N
1213734,1401413734,758028795,2026-05-23,La Marsa,55.17667789903237,0.0,N
1371418,1401393594,758028798,2026-05-17,Zarzis 1,528.8311126224997,0.0,T
1355274,1401555578,758028803,2026-05-10,Bizerte,1173.2411042755125,0.0,N
1507348,1401991332,758028804,2025-08-24,Soliman,9649.403654125575,0.0,N
1318660,1414192074,758028810,2026-05-16,Zarzis 1,1252.0481033789843,0.0,N
1535274,1401537712,758028812,2025-11-29,Ain Zaghouan,10636.578353479457,503.9107181500603,N
1275992,1401197358,758028816,2026-05-24,Sousse 1,702.9894580641172,0.0,N
1192740,1401687912,758028818,2025-08-10,Zarzis 1,4928.451170123969,0.0,N
1716812,1414133270,758028821,2026-05-21,Grombalia,37.40934244288497,0.0,N
1526912,1400126912,758028823,2026-05-24,Zarzis 1,46.37215197699941,0.0,N
1091416,1400895152,758028829,2026-05-23,Bizerte,1281.0770705165858,0.0,N
1333740,1401533740,758028836,2026-05-22,Gabès 4,12087.674282004515,0.0,N
895406,1401995340,758028838,2026-05-25,Gabès 4,12.581692274399481,0.0,N
1353994,1401533294,758028839,2026-05-24,Chebba,40.49680032151359,0.0,N
1716180,1414094174,758028840,2026-05-22,Zarzis 1,284.36825671623336,0.0,N
1552888,1401717280,758028844,2026-05-22,Testour,60.27452313970384,0.0,N
1151488,1400987358,758028847,2026-05-24,Ezzahrouni,105.72850650755866,0.0,N
1477340,1414129014,758028853,2026-05-14,Kairouan 2,58.552570562957925,0.0,N
1549614,1401710994,758028861,2026-05-24,El Jem,91.81686091445884,0.0,N
1716180,1414094174,758028866,2026-05-24,Zarzis 1,129.12789439515257,0.0,N
1617798,1401948758,758028867,2026-05-17,Sousse 2,216.40399418802363,0.0,N
14001360,1415415336,758028868,2026-05-18,Grombalia,44.87062169598418,0.0,N
957910,1401379274,758028869,2026-05-24,Béja,44.51726589791944,0.0,N
1779750,1414135538,758028878,2025-12-06,Djerba 2,200.9459919003308,0.0,N
701572,1401729716,758028880,2026-05-23,Bizerte,70.23155161220515,0.0,N
1569274,1401755666,758028884,2026-05-25,Chebba,444.5772405478097,0.0,N
1675700,1401913398,758028888,2026-05-16,Bizerte,2424.371657340712,0.0,N
1412934,1401527672,758028890,2025-12-31,Chebba,10546.639255572387,262.77552786966334,N
1579416,1401774148,758028893,2026-05-25,Ghardimaou,123.65907193866511,0.0,N
1201574,1401080000,758028895,2025-09-07,Medjez El Bab,3419.9585742109007,170.03122391566453,N
1417592,1401475546,758028897,2026-05-25,Béja,111.2931647447986,0.0,N
1791334,1414155152,758028900,2026-05-16,Sfax 4,61.674962129409224,0.0,N
1212978,1401115868,758028901,2026-05-25,Ariana,80.82635174823014,0.0,N
1340766,1401515412,758028905,2026-05-24,Ain Zaghouan,3068.175410393545,0.0,N
1121326,1415413156,758028910,2026-05-25,Jendouba,222.5863294895972,0.0,N
1469406,1401715508,758028914,2026-05-23,Teboulba,69.55822796549913,0.0,N
1352112,1401347070,758028916,2026-03-07,Djerba 2,2051.91609731969,0.0,N
1529546,1401975992,758028920,2026-05-21,Raoued,433.7351222679074,0.0,N
1277132,1401536120,758028925,2026-05-21,Gabès 4,101.43537267752806,0.0,N
1078170,1401332746,758028932,2026-05-08,Lac II,617.9552972454942,0.0,N
1335174,1415549586,758028940,2026-04-07,Sfax 4,192.90815222431758,0.0,N
795934,1401567758,758028944,2026-05-24,Boussalem,125.8598942714935,0.0,N
1694754,1401973390,758028945,2025-10-05,Djerba 1,518.6545892973073,0.0,T
1709674,1414000720,758028946,2026-01-24,Ain Zaghouan,1129.228367391103,0.0,N
1466098,1401559396,758028947,2026-05-15,Jendouba,247.55402355705323,0.0,N
1790718,1415535132,758028952,2026-05-25,Bizerte,0.0,463.72151976999413,N
1087076,1414198672,758028955,2026-05-19,Hammamet 1,87.11719788542987,0.0,N
1574606,1401733948,758028956,2026-05-21,El Jem,1409.1887964880825,0.0,N
1299690,1415414926,758028957,2026-04-29,Mutuelleville,147.9580795746128,0.0,N
919748,1400739606,758028958,2026-05-24,Bizerte,36.91223297369154,0.0,N
1415954,1401473774,758028961,2026-05-21,Sfax 3,436.50539462701335,0.0,N
793932,1400749372,758028968,2025-11-12,Testour,2057.9633350851705,0.0,N
1328600,1401528600,758028969,2026-02-14,La Marsa,1567.3907935820941,0.0,N
1757900,1414159570,758028970,2026-05-25,Jendouba,49.46362877546604,0.0,N
1341108,1401694974,758028971,2026-05-19,Zarzis 1,57.501468451479276,0.0,T
14013608,1415553550,758028973,2026-04-28,Testour,383.55736235199555,0.0,N
927132,1401353766,758028978,2025-11-26,Bizerte,1189.6639564720067,0.0,N
1753074,1414107672,758028979,2026-05-10,Monastir 2,422.8188085448419,0.0,N
1293400,1415473534,758028980,2026-05-25,Djerba 2,102.94617738893871,0.0,N
1681272,1401947136,758028981,2026-05-11,Raoued,0.0,463.72151976999413,N
794720,1401813510,758028997,2026-05-20,Lafayette,31.367669335641637,0.0,N
1096952,1400891098,758028998,2026-05-25,Boussalem,111.2931647447986,0.0,N
1753914,1414115534,758028999,2026-05-25,Ghardimaou,111.2931647447986,0.0,N
1500138,1400100138,758029003,2026-05-26,Bizerte,87.44891334590534,0.0,N
1006754,1401933086,758029009,2026-02-04,Zarzis 1,0.0,463.72151976999413,N
1551670,1401715538,758029012,2026-05-26,Mutuelleville,101.46041363959564,0.0,N
1717014,1414014952,758029017,2026-05-22,Sfax 4,286.3115590317495,0.0,N
1353568,1415531332,758029021,2026-05-26,Gabès 2,67.23158252697314,0.0,N
1789296,1414152952,758029022,2026-05-24,M'saken,72.84137632547068,0.0,N
1341132,1401355354,758029023,2026-05-26,Sousse 2,941.9185705011284,0.0,N
972198,1401516774,758029030,2026-05-07,Sfax 4,250.70238352861162,0.0,N
1470950,1401896012,758029031,2026-05-25,Ariana,139.11645593099826,0.0,N
1709006,1401999192,758029034,2026-05-24,Lac II,92.60642408878722,0.0,N
1553680,1414133560,758029035,2026-05-26,Ghardimaou,47.755896991993076,0.0,N
1375954,1401398888,758029036,2026-05-25,Bizerte,69.55822796549913,0.0,N
1088818,1400879358,758029039,2026-05-15,Béja,77.28691996166569,0.0,N
901486,1401757556,758029040,2026-05-26,Zarzis 1,111.2931647447986,0.0,N
1526748,1414193752,758029041,2026-05-10,La Marsa,58.738059170865924,0.0,N
1371366,1401971792,758029044,2026-05-11,Djerba 2,247.31814387733021,0.0,N
1573358,1400173358,758029045,2026-05-23,Bizerte,653.3774384023249,0.0,N
1532174,1414113536,758029052,2025-09-09,Zarzis 1,3034.768293813955,0.0,N
1531994,1400131994,758029053,2025-08-30,Djerba 2,29.369029585432962,0.0,N
1337580,1400938986,758029054,2026-05-17,Lac II,86.21139518347915,0.0,T
1298080,1401274194,758029056,2026-05-26,El Jem,25.597427891303678,0.0,N
1531730,1414153334,758029059,2026-05-19,Ain Zaghouan,160.22907843076638,0.0,N
1587972,1401776798,758029062,2026-03-31,Gabès 2,938.2264197607198,0.0,N
1349952,1401135550,758029064,2026-05-26,Kairouan 1,56.9252171762451,0.0,N
1400152,1401559786,758029065,2026-03-23,Djerba 2,840.3576838655827,0.0,N
1515952,1401729332,758029068,2025-10-27,Ain Zaghouan,1773.9722385383498,89.65282715553221,N
1553768,1401933910,758029069,2026-05-22,Sfax 3,1939.3371873744088,6478.189631186819,N
1215286,1401732118,758029071,2026-05-25,Gabès 4,111.2931647447986,0.0,N
1393374,1415407172,758029077,2026-05-26,Boussalem,19.97712307169135,0.0,N
14140612,1415559532,758029078,2026-05-24,Sfax 5,27.161096855968097,0.0,N
1312930,1401921716,758029087,2026-05-16,Gabès 3,137.5280551519461,0.0,N
1519138,1401737358,758029092,2026-05-25,Boussalem,75.6929545243763,0.0,N
1695210,1415471520,758029093,2026-05-27,Moknine,70.98618109871086,0.0,N
1333974,1401533974,758029097,2026-05-27,Djerba 1,63.96481899403345,0.0,N
1418108,1401615006,758029099,2026-05-26,Boussalem,37.18582867035583,0.0,N
14155332,1415473398,758029101,2026-05-25,El Menzah,22.25863294895972,0.0,N
999296,1415539920,758029105,2026-05-27,Ghardimaou,111.2931647447986,0.0,N
1333552,1414081532,758029107,2026-05-27,Bizerte,94.59919003307881,0.0,N
1807136,1414193556,758029108,2026-05-25,Gabès 1,516.378953225956,0.0,N
1350094,1414077766,758029109,2026-05-26,Ennasr,103.20771632608898,0.0,N
1739596,1401913488,758029110,2026-05-24,Ghardimaou,89.03484094351873,0.0,N
1675874,1401938194,758029112,2026-05-26,El Jem,89.03453179583887,0.0,N
1481268,1401751370,758029117,2026-05-23,Zarzis 1,255.97458806071663,0.0,N
1755350,1415535552,758029124,2026-05-26,Nabeul 2,22.25863294895972,0.0,N
1152694,1401347554,758029131,2026-05-07,La Marsa,128.50558011562123,0.0,N
1356726,1414129400,758029133,2026-05-27,Bizerte,268.2700095835781,0.0,N
1355116,1401137512,758029135,2026-05-13,Moknine,328.52196494265314,0.0,N
1511952,1414119518,758029141,2026-04-29,El Menzah,1115.9711874362383,0.0,N
1748132,1414075566,758029144,2025-08-16,Chebba,1120.272359105945,61.829535969332554,T
788972,1401401550,758029145,2026-05-27,Zarzis 1,55.64410919096053,0.0,N
1556152,1401200878,758029153,2026-05-29,Djerba 1,17.003122391566453,0.0,N
1291594,1401491594,758029155,2026-05-29,Lac II,123.65907193866511,0.0,N
1267068,1414195972,758029158,2026-03-20,Bizerte,61.829535969332554,0.0,N
1669572,1401934932,758029162,2026-05-26,Bizerte,35.53034284477695,0.0,N
1813276,1414180150,758029164,2026-05-01,Beni Khalled,1367.8857390175287,0.0,N
1355352,1401555352,758029166,2026-05-27,Bizerte,207.6195628651807,0.0,N
14120132,1415473530,758029170,2026-05-28,Sousse 3,82.77429127894396,0.0,N
1376072,1414159970,758029171,2026-05-08,Korba,137.27548149751138,0.0,N
1589574,1400189574,758029172,2026-05-27,Bizerte,49.46362877546604,0.0,N
1018694,1414180754,758029176,2026-05-28,Ennasr,69.55822796549913,0.0,N
1761156,1415401554,758029179,2026-05-28,Ghardimaou,75.86051256685319,0.0,N
1019516,1401989172,758029189,2026-05-28,Sousse 3,19.48959718057316,0.0,N
1009540,1400773752,758029191,2026-05-28,Bizerte,50.08192413515937,0.0,N
1520174,1401508714,758029194,2026-05-28,El Jem,72.54954091569543,0.0,N
1395474,1401551754,758029195,2026-05-27,Ariana,70.13664327449223,0.0,N
1537510,1401689528,758029198,2026-05-28,Teboulba,76.62596222215353,0.0,N
1517696,1401733934,758029200,2026-05-20,Gabès 3,92.93906699230223,0.0,N
1213590,1401975152,758029206,2026-04-04,Zarzis 1,35.67564225430488,0.0,T
1153352,1414132934,758029213,2026-05-29,Sousse 1,278.2329118619965,0.0,N
14007314,1415413986,758029217,2026-05-29,Sousse 3,72.84137632547068,0.0,N
1371272,1401571272,758029223,2026-05-26,Lac II,602.0032769654064,0.0,N
1375266,1401947548,758029224,2026-05-26,Jendouba,435.1120660339444,0.0,N
1661712,1401909558,758029225,2026-05-29,Soliman,98.3748106470461,0.0,N
1617150,1401947756,758029228,2026-05-25,Lac II,2841.639410146227,111.2931647447986,N
1066954,1401546078,758029232,2026-05-27,Djerba 2,73.45348873156708,0.0,N
1461388,1401548154,758029233,2026-05-29,Ariana,82.91340773487495,0.0,N
1536152,1415407554,758029249,2026-05-29,El Jem,47.11843447614926,0.0,N
1315532,1401894172,758029253,2026-05-27,Nabeul 2,302.87290938881506,0.0,N
1131352,1414196128,758029256,2026-05-27,Grombalia,105.72850650755866,0.0,N
1368018,1401568018,758029265,2026-05-26,Testour,210.05317340093364,0.0,N
1575900,1400175900,758029266,2025-11-23,Djerba 2,4259.038550715677,194.76303830339754,T
1726994,1414154954,758029270,2026-05-28,Hammamet 1,111.2931647447986,0.0,N
14154754,1415535534,758029274,2026-05-28,Grombalia,77.28691996166569,0.0,N
1735508,1414131290,758029277,2026-05-29,Chebba,47.780937954060654,0.0,N
1593716,1414194754,758029282,2026-05-29,Gabès 4,129.36439237023527,0.0,N
1551292,1401955952,758029284,2026-05-29,La Marsa,109.45991900330789,0.0,N
14155588,1415473954,758029285,2026-05-28,Grombalia,37.84802300058738,0.0,N
1771406,1414117532,758029287,2026-05-24,Zarzis 1,60.80965777351841,0.0,N
1289568,1401594114,758029288,2026-05-23,Zarzis 1,76.52208860172505,0.0,N
1588746,1415413552,758029291,2025-11-20,Gabès 2,2993.0166630599438,0.0,N
1320686,1401493314,758029294,2026-02-04,Ghardimaou,174.06189136550532,3833.4312300986185,N
1721946,1414153494,758029295,2026-05-29,Gabès 2,574.2415061674963,0.0,N
1007348,1415469494,758029299,2026-05-25,Grombalia,125.20481033789842,0.0,N
1154952,1401521092,758029305,2026-05-29,Chebba,64.13825084242742,0.0,N
1575932,1401756012,758029307,2026-05-27,Sousse 2,210.53018827093703,0.0,N
1092966,1401101954,758029308,2026-05-29,Zarzis 1,97.10946919343371,0.0,N
1775558,1414100780,758029310,2026-05-29,Ain Zaghouan,97.31968961572944,0.0,N
1551548,1401995732,758029311,2026-05-29,Chebba,64.74479859028658,0.0,N
14012934,1415409558,758029317,2026-05-29,Teboulba,104.00377160169414,0.0,N
1318740,1401314150,758029318,2025-11-07,Mahdia,71.10396636473244,0.0,N
1319330,1401315200,758029321,2026-05-29,Sfax 4,47.7169443843324,0.0,N
1709352,1401999714,758029325,2026-02-28,Chebba,9535.297863789532,0.0,N
1554118,1401699532,758029326,2026-02-28,Chebba,927.4430395399883,0.0,T
958090,1401147380,758029330,2026-05-29,Menzel Bourguiba,111.2931647447986,0.0,N
1570720,1401747368,758029337,2026-05-30,Les Berges du Lac,70.89343679475687,0.0,N
1206956,1401576016,758029344,2026-05-28,Chebba,111.2931647447986,0.0,N
1075314,1400957538,758029345,2026-05-30,Raoued,111.2931647447986,0.0,N
1751552,1414081550,758029349,2026-05-29,Ain Zaghouan,111.2931647447986,0.0,N
1521512,1401738866,758029350,2026-05-29,Sfax 3,18.08513927102977,0.0,N
1535152,1400135152,758029351,2026-05-28,Gabès 4,97.35276841747303,0.0,N
1327374,1401527374,758029353,2026-05-30,Ain Zaghouan,47.7169443843324,0.0,N
1591472,1401795354,758029356,2026-05-29,Ennasr,41.734936779299474,0.0,N
1517370,1401731934,758029362,2026-05-03,Sfax 4,442.09416638328133,0.0,N
1280774,1414177292,758029364,2026-05-26,Mahdia,111.2931647447986,0.0,N
769548,1401290746,758029366,2026-05-30,Mutuelleville,103.67205614121866,0.0,N
961150,1401152774,758029367,2026-05-30,Jendouba,111.2931647447986,0.0,N
1707134,1414112994,758029368,2026-05-07,Enfidha,676.8324728722911,0.0,N
932970,1414080752,758029369,2026-05-29,Djerba 1,69.55822796549913,0.0,N
1335536,1401535536,758029376,2026-05-30,Bizerte,434.9287414597954,0.0,N
1680158,1401947294,758029383,2026-05-28,Sfax 3,47.299595016539406,0.0,N
1807136,1414193556,758029385,2026-05-27,Gabès 1,130.61489473521502,0.0,T
1721674,1414152008,758029389,2026-05-29,El Jem,111.2931647447986,0.0,N
1373774,1401395720,758029392,2026-04-25,Mahdia,373.19596871425483,0.0,N
1348134,1400921414,758029393,2025-08-25,Ain Zaghouan,7652.167434383406,0.0,N
1759214,1414093508,758029395,2026-05-29,Bizerte,52.86425325377933,0.0,N
1734120,1414129598,758029396,2026-05-13,Soliman,1583.7363588586268,0.0,N
1734120,1414129598,758029396,2026-05-13,Soliman,3669.582959779887,0.0,N
1575568,1401735412,758029400,2026-05-29,Bizerte,198.78195814140415,0.0,T
1155194,1401490896,758029404,2026-05-10,Kairouan 2,342.9514328994961,0.0,N
1153416,1400797140,758029406,2026-05-08,Medjez El Bab,674.0455065384734,0.0,N
1715356,1414011674,758029409,2026-05-30,Ain Zaghouan,57.9806473552416,0.0,N
1754730,1414072774,758029410,2026-05-27,Djerba 2,290.23433394132377,0.0,N
14014166,1415412674,758029411,2026-05-30,Mutuelleville,109.30070794818685,0.0,N
14155406,1415473532,758029414,2026-05-08,Enfidha,218.39552354159582,0.0,N
1120610,1401755352,758029416,2026-05-19,La Goulette,231.76801558104307,0.0,N
1147332,1401915938,758029417,2026-05-06,Bizerte,216.40337589266395,0.0,N
1133130,1401277298,758029419,2026-05-10,La Marsa,395.70903020372833,0.0,N
1279286,1401346612,758029421,2025-08-06,Chebba,1205.6759514019848,0.0,N
1413586,1415472812,758029422,2026-05-28,Gabès 1,97.38151915169877,0.0,N
1514940,1414150794,758029424,2026-05-29,Bizerte,483.7001885800847,0.0,N
1313552,1401331712,758029426,2026-05-30,La Marsa,111.2931647447986,0.0,N
1807136,1414193556,758029427,2025-09-07,Gabès 1,278.0721550684762,0.0,N
931332,1415528616,758029432,2026-05-29,La Goulette,87.64614956564752,0.0,N
1547366,1401493710,758029438,2026-02-12,Gabès 3,231.86075988499707,0.0,N
1735528,1414128616,758029443,2026-05-28,Lafayette,111.2931647447986,0.0,N
1539216,1401988732,758029447,2026-03-08,El Menzah,162.6778372028318,0.0,N
1809140,1414193900,758029448,2025-12-01,Bizerte,8892.479364392371,0.0,N
797320,1401319750,758029450,2026-05-03,Testour,46.37215197699941,0.0,N
1540776,1414177332,758029452,2026-04-12,Ariana,94.84403499551736,0.0,N
1758696,1414094120,758029453,2026-04-26,Sfax 1,167.9488051442174,4018.919838006616,N
788154,1401726946,758029454,2026-04-19,El Jem,653.3898043095187,0.0,N
1727274,1414172998,758029458,2026-05-16,Testour,313.45905338980435,0.0,N
1354128,1401008960,758029462,2026-05-25,Djerba 2,689.1770488762483,0.0,N
1294738,1401773192,758029464,2026-04-06,Sousse 2,314.21368287631003,0.0,T
1553156,1400153156,758029467,2026-05-30,Ain Zaghouan,97.57906451912079,0.0,N
1811474,1414194792,758029470,2026-05-26,Mahdia,216.40337589266395,0.0,N
1735520,1414153092,758029472,2026-03-22,Sousse 3,108.1707731783473,0.0,N
1181566,1401611576,758029475,2026-05-31,Mahdia,77.90521532135902,0.0,N
1138936,1401477550,758029476,2026-04-18,Ghardimaou,525.6091755031379,0.0,N
949116,1415529972,758029477,2026-03-31,Chebba,444.5543636195011,0.0,N
1553278,1401494074,758029478,2026-05-31,Chebba,153.02810152409808,0.0,N
1789952,1414153954,758029479,2026-05-01,Bab Benat,0.0,82.97678300924352,N
1494076,1401867352,758029482,2026-05-30,Djerba 1,123.65907193866511,0.0,N
1759880,1415546956,758029483,2026-05-30,Gabès 1,111.2931647447986,0.0,N
1418788,1401889730,758029486,2026-04-10,Zarzis 1,202.27687266207067,0.0,N
955490,1401918154,758029487,2026-05-10,Mahdia,261.56614214610323,0.0,N
1807536,1414195132,758029489,2026-04-14,Grombalia,92.74430395399882,0.0,N
14007734,1415414792,758029493,2026-04-25,Raoued,790.0228769283087,0.0,N
1009336,1401351748,758029494,2026-05-16,Bizerte,92.74430395399882,0.0,N
1535532,1400135532,758029495,2026-05-24,La Marsa,42.66237981883946,0.0,N
1529332,1401674752,758029496,2026-05-09,Testour,612.4512319535042,0.0,N
1589538,1414007296,758029498,2026-05-19,Bizerte,695.5822796549912,0.0,N
1401558,1401521580,758029506,2026-05-03,Bizerte,648.9083995424614,0.0,N
1346112,1401333478,758029511,2026-05-25,Mahdia,501.9875104337342,0.0,N
1739328,1414137128,758029512,2026-05-22,Djerba 1,536.3758617491576,0.0,N
1373180,1401573180,758029515,2026-05-19,La Marsa,222.4744180294927,0.0,N
1387380,1415419350,758029516,2026-04-28,Bizerte,413.87145639471976,0.0,N
1351158,1401551158,758029517,2026-05-12,Mahdia,108.20168794633197,0.0,T
993520,1400737198,758029522,2026-05-08,Bizerte,154.57383992333138,0.0,T
1575352,1414134154,758029523,2026-05-31,Bizerte,44.51726589791944,0.0,N
1409070,1401534728,758029526,2026-05-17,Zarzis 1,59.72733174637525,0.0,N
1727806,1415541352,758029529,2026-05-27,Jendouba,198.875011593038,0.0,N
1729534,1401893350,758029530,2026-05-22,Gabès 1,207.43809317711072,0.0,N
1732892,1414126136,758029531,2026-05-30,Ghardimaou,52.683092713389186,0.0,N
1380112,1401307748,758029532,2026-05-31,Ariana,111.2931647447986,0.0,N
14152666,1415460870,758029533,2026-05-19,Zarzis 1,218.0752465452747,0.0,N
1078170,1401332746,758029534,2026-05-26,Lac II,128.8743932976783,0.0,N
1795598,1414173474,758029536,2026-05-31,Menzel Bourguiba,111.2931647447986,0.0,N
1329200,1401321732,758029537,2025-12-06,Ghardimaou,1504.2003895260766,0.0,N
1573210,1401328926,758029541,2026-05-28,El Jem,862.3977494048908,0.0,N
1735536,1401874946,758029543,2026-04-17,Soliman,972.5878752279965,0.0,N
873616,1401936988,758029546,2026-05-06,Bizerte,931.6357003740687,0.0,N
1333738,1401533738,758029547,2026-05-30,Zarzis 1,69.55791881781927,0.0,N
1727990,1401895192,758029548,2026-05-09,Bizerte,3109.017837821127,0.0,N
1307952,1401507952,758029549,2026-05-03,Lac II,55.6465823723993,0.0,N
1127534,1414093138,758029551,2026-03-15,Béja,524.3453797879247,0.0,N
1617794,1401948736,758029552,2026-05-31,Ain Zaghouan,23.9419420657248,0.0,N
1807136,1414193556,758029556,2026-05-28,Gabès 1,379.0289671376016,0.0,N
14158672,1415471112,758029557,2026-05-31,Gabès 2,56.16811450830062,0.0,N
1673292,1401917336,758029558,2026-05-12,Sfax 1,147.48539277212726,0.0,N
1812908,1414180734,758029561,2026-05-12,Bardo,265.2814789625004,0.0,T
1690810,1401973554,758029563,2026-05-30,Beni Khalled,119.1949794416793,0.0,N
1532868,1401532956,758029565,2026-05-08,Jemmal,220.73144341051722,0.0,N
1175606,1401012770,758029569,2026-05-25,Sousse 3,200.9459919003308,0.0,N
1695076,1401973338,758029570,2026-05-18,Ariana,294.30859121402295,0.0,N
926958,1401737074,758029572,2026-05-28,Gabès 3,111.2931647447986,0.0,N
1295078,1415475218,758029573,2026-05-30,Soliman,111.2931647447986,0.0,N
1509334,1401758678,758029574,2026-05-20,Gabès 4,945.6827526509414,0.0,N
1326772,1401317134,758029575,2026-05-29,Sousse 3,111.2931647447986,0.0,N
869550,1401001212,758029577,2026-05-22,Menzel Bourguiba,1140.5230778743007,0.0,N
1807912,1414193060,758029580,2026-04-21,Zarzis 1,16872.60055028287,819.2413515936563,N
1378716,1401007716,758029587,2026-05-29,Boussalem,546.5109592852506,0.0,N
1355550,1401607738,758029596,2026-05-27,La Marsa,150.85108356261787,0.0,N
1751412,1414078152,758029598,2026-05-24,Bizerte,111.2931647447986,0.0,N
1748016,1414075508,758029601,2026-05-31,Moknine,278.2329118619965,0.0,N
1752876,1415554148,758029605,2026-02-22,Mahdia,5484.219247534547,0.0,N
1340754,1401540754,758029609,2026-05-29,Ezzahrouni,136.5774260364176,0.0,N
1773726,1414135614,758029610,2026-04-29,Zarzis 1,8821.864469657155,0.0,N
1541598,1414175554,758029612,2026-05-31,Sousse Erriadh,84.1373233993879,0.0,N
1159708,1414016740,758029617,2026-05-26,Djerba 1,427.98095650292146,0.0,N
1559474,1400159474,758029618,2026-05-30,Bizerte,84.1373233993879,0.0,N
1375392,1415529592,758029620,2026-05-31,La Goulette,416.439546171206,0.0,N
896080,1414180872,758029623,2026-05-29,Zarzis 1,111.2931647447986,0.0,N
1111116,1400917690,758029627,2026-05-29,Lac II,95.5266330726188,0.0,N
1477090,1400077090,758029637,2026-05-19,Jendouba,279.5078368936841,0.0,N
1490608,1415531372,758029638,2026-05-30,Ezzahrouni,922.3544687297123,0.0,N
1541618,1414193132,758029647,2026-05-31,Djerba 1,47.7169443843324,0.0,N
1612920,1401807528,758029650,2026-05-17,El Jem,86.56135035706558,0.0,N
1781980,1414139000,758029652,2026-06-01,Sousse 3,27.252913716882556,0.0,N
1330868,1401530868,758029653,2026-05-31,Zarzis 1,77.28691996166569,0.0,N
967212,1400715874,758029654,2026-05-07,Bizerte,1810.2939994435342,0.0,N
1295380,1415534934,758029655,2026-05-25,Mahdia,86.56135035706558,0.0,N
1358748,1401558748,758029657,2026-05-26,Ghardimaou,41.734936779299474,0.0,N
1293336,1401493336,758029658,2026-06-01,Bizerte,84.42977710452284,0.0,N
1355746,1414009174,758029661,2026-01-31,Zarzis 1,774.9222493585186,0.0,N
1559994,1401509208,758029667,2026-05-08,Sfax 2,986.7990849228677,0.0,N
1753478,1414154936,758029671,2026-05-12,Mahdia,1123.717809997836,0.0,N
1574078,1400873676,758029679,2026-05-31,Bizerte,111.2931647447986,0.0,N
1569796,1401929728,758029680,2026-05-31,Bizerte,108.43447614925651,0.0,N
1087532,1400876150,758029683,2026-05-24,Jendouba,61.829535969332554,0.0,N
1215408,1401495132,758029685,2026-05-31,Bizerte,83.46987355859895,0.0,N
1301488,1401355792,758029686,2026-06-01,El Jem,111.2931647447986,0.0,N
1313528,1401757948,758029687,2026-05-29,Zarzis 1,89.03453179583887,0.0,N
1335334,1415552714,758029691,2026-06-01,Mutuelleville,83.46987355859895,0.0,N
781812,1401997172,758029692,2026-05-31,Djerba 2,73.87331128079884,0.0,N
1537076,1401541330,758029693,2026-05-14,La Goulette,46.37215197699941,0.0,N
1787714,1415413292,758029696,2026-03-18,Nabeul 2,139.11645593099826,0.0,N
1001914,1401928754,758029700,2026-05-31,Djerba 2,154.57383992333138,0.0,N
1373126,1401895096,758029701,2026-05-31,Medjez El Bab,122.0889108727239,0.0,N
1307112,1401279014,758029704,2026-05-31,Sfax 4,97.38151915169877,0.0,N
1369558,1401569558,758029708,2026-06-01,Ariana,80.82697004358982,0.0,N
1795158,1414141214,758029712,2026-06-01,Béja,137.11348811327173,0.0,N
1275570,1414133414,758029714,2026-05-28,Ariana,100.23186075988501,0.0,N
817714,1401389940,758029715,2026-01-23,Gabès 4,3101.538318854917,0.0,N
1279130,1401346186,758029724,2026-04-01,Djerba 2,209.39345225214086,0.0,N
1494670,1400094670,758029725,2026-06-01,Gabès 4,98.70590781216187,0.0,N
1789334,1414151368,758029726,2026-05-22,Bizerte,256.53074473676077,0.0,N
1815380,1414178156,758029728,2026-05-24,Hammamet 2,100.62756979008873,0.0,N
1528900,1401930676,758029731,2026-05-24,Bizerte,46.37215197699941,0.0,N
1697272,1414086732,758029732,2026-05-22,Testour,52.55510557393267,0.0,N
1335478,1401952758,758029734,2026-05-29,Sousse 2,238.8784122175163,0.0,N
14009310,1415417532,758029736,2026-05-26,Grombalia,97.38151915169877,0.0,N
1729574,1414157532,758029741,2026-05-31,Ennasr,6288.0857575663895,0.0,N
1017280,1401952152,758029744,2026-04-05,Ennasr,22124.51633845488,10480.106346801867,N
1615110,1414135572,758029745,2026-06-01,Moknine,84.13794169474758,0.0,N
1574920,1401735494,758029747,2026-05-27,Enfidha,110.5512103131666,0.0,N
1733492,1414069388,758029752,2026-05-29,Djerba 1,1211.879308745788,0.0,N
1351570,1401551570,758029755,2026-05-31,Chebba,58.84069620057502,0.0,N
1401312,1401520750,758029756,2026-05-30,Gabès 2,60.23557053204316,0.0,N
14011548,1415541496,758029763,2026-05-31,La Marsa,464.3988623365382,0.0,N
1560092,1400160092,758029765,2025-11-26,Djerba 2,1131.4112591585001,0.0,N
1526746,1400126746,758029766,2026-06-01,Ain Zaghouan,52.86425325377933,0.0,N
911350,1401735814,758029768,2025-10-21,Testour,1529.2657742603642,78.832658360899,N
1733506,1401957674,758029771,2026-06-02,Korba,153.02686493337868,0.0,N
1699348,1401981132,758029773,2026-05-29,Ariana,80.82697004358982,0.0,N
1769578,1414112732,758029776,2026-05-28,Ettadhamen,733.0200636844221,0.0,N
1381210,1401406168,758029780,2026-06-02,Boussalem,69.53040467431292,0.0,N
1335326,1415473328,758029782,2026-06-01,Lac II,47.280737008068755,0.0,N
1728752,1414159538,758029783,2026-05-29,Sousse Erriadh,2220.530497418617,0.0,N
1728752,1414159538,758029783,2026-05-29,Sousse Erriadh,5269.721457940458,0.0,N
1114918,1401553266,758029787,2026-06-01,Ariana,125.51395801774508,0.0,N
1812114,1414179332,758029788,2026-06-01,Ain Zaghouan,58.17850187034347,0.0,N
1141300,1401567598,758029791,2026-06-02,Mutuelleville,55.6465823723993,0.0,N
1779136,1414133074,758029794,2026-05-15,La Marsa,901.4397007450459,0.0,N
14019400,1415556154,758029795,2026-06-02,L'Aouina,111.2931647447986,0.0,N
941514,1401349070,758029796,2026-03-26,Ennasr,269.179522057687,0.0,N
1352940,1401552940,758029798,2026-05-15,Sousse 3,57.059078121618704,0.0,N
1395332,1401595332,758029802,2025-09-05,Sousse 1,6427.624200080379,0.0,N
1151934,1401774672,758029806,2026-06-02,Ain Zaghouan,52.33437413052215,0.0,N
931554,1414157466,758029809,2026-05-13,Djerba 2,92.74430395399882,0.0,N
1710754,1414014940,758029810,2026-05-13,Gabès 4,989.911583763564,0.0,N
1727746,1414156132,758029811,2026-06-01,Soliman,73.21142609824713,0.0,N
973386,1401749868,758029814,2026-06-01,Zarzis 1,324.1796766315269,0.0,N
967272,1400967336,758029816,2026-06-02,El Jem,75.86051256685319,0.0,N
1776814,1414193332,758029817,2026-05-13,Sfax 3,1075.8339258663864,0.0,N
1153534,1401070752,758029819,2026-05-12,Lac II,906.8343277583703,0.0,N
1359928,1401559928,758029821,2026-05-04,Djerba 2,157.665316721798,0.0,N
1354730,1401315314,758029824,2026-06-01,Lac II,111.2931647447986,0.0,N
1366078,1401392132,758029826,2026-06-01,Ghardimaou,62.01811605403902,0.0,N
1751532,1414081516,758029828,2026-06-01,Lac II,111.2931647447986,0.0,N
1152978,1415535374,758029838,2026-06-01,Sfax 5,278.2329118619965,0.0,N
999592,1401155410,758029840,2026-06-02,Bizerte,111.2931647447986,0.0,N
1359520,1401151760,758029841,2026-06-01,Mahdia,86.02126936037345,0.0,N
1394734,1401551506,758029842,2026-06-02,Chebba,78.17788357498378,0.0,N
1069528,1400929158,758029846,2026-06-02,Boussalem,111.2931647447986,0.0,N
1741938,1414075100,758029850,2026-05-30,Béja,1218.6348038457973,0.0,N
1411954,1401539274,758029851,2026-06-01,Chebba,66.9205799610474,0.0,N
1372772,1401381912,758029855,2026-05-25,Gabès 1,78.832658360899,0.0,N
1151736,1414157352,758029858,2026-05-25,Lac II,58.738059170865924,0.0,N
1807136,1414193556,758029864,2026-06-01,Gabès 1,239.8151296874517,0.0,N
1535556,1415401414,758029865,2026-05-16,Mahdia,198.23785822487403,0.0,T
921338,1401371760,758029872,2026-06-01,El Menzah,24.73181438773302,0.0,N
1132096,1400954958,758029876,2026-05-31,Medjez El Bab,507.0748446532909,0.0,N
977292,1400727956,758029880,2026-06-02,Bizerte,139.11645593099826,0.0,N
1550708,1414159378,758029881,2025-10-14,Kairouan 2,11697.64182149813,0.0,N
787890,1401992992,758029882,2026-06-02,Enfidha,139.11645593099826,0.0,N
1121012,1400934758,758029889,2026-06-03,Sousse 1,108.51083562617863,0.0,N
1518868,1415554954,758029891,2026-06-02,Bab Benat,43.54345070640245,0.0,N
1339560,1401552014,758029893,2026-05-31,La Marsa,87.85235106810524,0.0,N
1397212,1401554748,758029898,2026-06-02,Bizerte,77.90521532135902,0.0,N
1480138,1400080138,758029899,2026-06-02,Bizerte,844.9933533248834,0.0,N
1515520,1401730178,758029906,2026-06-03,Ghardimaou,49.46362877546604,0.0,N
1549932,1401873734,758029911,2026-05-29,Grombalia,116.85782298203853,0.0,N
1710116,1414069472,758029913,2026-05-31,Grombalia,219.49670757720963,0.0,N
14158956,1415471572,758029918,2026-06-01,Grombalia,259.68405107119673,0.0,N
14158956,1415471572,758029918,2026-06-01,Grombalia,2495.6648220855104,0.0,N
1674968,1401937332,758029922,2026-06-04,Korba,23.186075988499706,0.0,N
1554978,1400154978,758029924,2026-06-04,Djerba 1,77.29866757349987,0.0,N
1778812,1414133356,758029927,2026-01-08,Korba,2724.1914242433613,0.0,T
1389208,1401813548,758029935,2026-06-04,Jendouba,76.13256252511826,0.0,N
1412716,1414161560,758029936,2026-06-04,Jendouba,1077.4708628311746,0.0,N
1759096,1414015540,758029946,2026-05-27,Sfax 4,7326.800012365908,0.0,T
1693476,1414087272,758029951,2025-09-26,Chebba,2419.039169011037,114.38464154326522,N
1089516,1415461546,758029952,2026-05-23,Mahdia,1005.3482548613473,0.0,N
1681758,1401949520,758029954,2026-06-02,Ain Zaghouan,1762.1417751259778,0.0,N
1681758,1401949520,758029954,2026-06-02,Ain Zaghouan,1971.6873280366033,0.0,N
1777814,1414130712,758029956,2026-03-28,Sousse 3,154.57383992333138,0.0,N
1335474,1401309278,758029957,2026-04-15,Jendouba,77.28691996166569,0.0,N
1558148,1400158148,758029963,2026-05-10,Ariana,170.03122391566453,0.0,N
1807136,1414193556,758029970,2026-05-25,Gabès 1,294.30859121402295,0.0,N
1571732,1400171732,758029976,2026-06-04,La Marsa,285.1479271648066,0.0,N
14001272,1415415194,758029977,2026-06-04,Ezzahrouni,123.65907193866511,0.0,N
1775308,1414133128,758029981,2025-09-08,Chebba,3788.296905431725,162.30253191949797,N
1314174,1401514174,758029983,2026-06-04,El Menzah,93.40835317030947,0.0,N
1792696,1414153212,758029985,2026-06-04,Grombalia,75.69326367205615,0.0,N
1534150,1400134150,758029988,2026-06-01,Lac II,262.67165424923485,0.0,N
1795578,1414155574,758029991,2026-05-29,Beni Khalled,3129.5375150709497,0.0,N
815130,1414152136,758029992,2026-06-04,Sousse 3,194.76303830339754,0.0,N
1396894,1401554100,758029994,2026-05-31,Djerba 1,170.64951927535785,0.0,N
1741554,1414075532,758029995,2026-06-03,Sousse 2,22.25863294895972,0.0,N
1557138,1414195358,758029996,2026-06-04,Grombalia,82.15104955637308,0.0,N
14147118,1415530792,758029998,2026-06-05,Gabès 1,82.07870899928896,0.0,N
1375186,1401526786,758029999,2026-06-04,Ennasr,175.78353479457138,0.0,N
1393552,1401711586,758030001,2026-06-05,Menzel Bourguiba,120.55862985748293,0.0,N
1726150,1401879812,758030013,2026-05-21,Teboulba,523.9144279222185,0.0,N
1133746,1400952606,758030016,2026-05-30,Lac II,175.13216063313445,0.0,T
1535598,1400135598,758030021,2026-05-08,Zarzis 1,869.1356230871488,0.0,N
1271312,1401211334,758030022,2026-05-22,Menzel Bourguiba,24.73181438773302,0.0,N
14014872,1415547976,758030024,2026-05-31,Bizerte,3957.0903020372834,0.0,N
1597338,1401791152,758030026,2026-05-09,Beni Khalled,59.77988685194918,0.0,N
1461210,1414174814,758030028,2026-06-03,Béja II,79.85284570439299,0.0,N
1351126,1415475548,758030030,2026-06-02,Gabès 1,784.8795869786998,0.0,N
1746150,1415475800,758030033,2026-06-05,M'saken,125.81692274399481,0.0,N
1173978,1401267200,758030037,2026-06-05,Sfax 5,972.8549788233839,0.0,N
1333394,1401533394,758030039,2026-06-04,Mahdia,111.2931647447986,0.0,N
1474954,1401898014,758030042,2025-11-03,Ariana,2589.467956842984,0.0,N
1375606,1401575606,758030044,2025-10-12,Djerba 2,872.2914026030235,0.0,N
1015336,1415461576,758030045,2026-06-03,Djerba 1,45.463257798250226,0.0,N
726608,1401490950,758030047,2026-01-02,Zarzis 1,21949.69703527375,1845.6116486845767,N
1533348,1401681554,758030049,2026-06-05,Jemmal,111.2931647447986,0.0,N
894892,1415411778,758030051,2026-06-04,Menzel Bourguiba,0.0,463.72151976999413,N
1353940,1414075016,758030053,2026-06-03,Sfax 2,111.2931647447986,0.0,N
1749130,1414179552,758030056,2026-06-05,Kelibia,27.25260456920271,0.0,N
771934,1401392008,758030059,2026-06-06,Lac II,80.0939808946734,0.0,N
1553380,1400153380,758030061,2026-06-03,Mahdia,467.52372708442823,0.0,N
1552774,1415412932,758030069,2026-06-05,Gabès 1,111.2931647447986,0.0,N
1508090,1401339688,758030070,2026-06-02,Ariana,139.11645593099826,0.0,N
1513106,1401733928,758030072,2026-05-07,El Jem,92.74430395399882,0.0,N
14000694,1415419316,758030075,2026-06-06,Gabès 2,83.3959872631156,0.0,N
1754178,1401957354,758030082,2025-12-13,La Goulette,965.836708195505,0.0,T
1728690,1401893358,758030087,2026-06-06,Béja II,120.60778433857854,0.0,N
1260174,1401553370,758030089,2026-02-20,Bizerte,119.37861316350822,0.0,N
1673588,1401993768,758030090,2025-11-11,Les Berges du Lac,7510.856957368535,0.0,N
1759152,1414094950,758030093,2026-05-13,Sousse 3,141.08541750394164,0.0,N
1499350,1414001592,758030094,2026-02-03,Sahloul,4184.407827619254,0.0,N
1516178,1415547732,758030097,2026-05-30,Zarzis 1,200.9459919003308,0.0,T
1755416,1401959280,758030098,2026-06-06,El Jem,104.00377160169414,0.0,N
1355750,1401555750,758030099,2026-05-23,Bizerte,468.0835935326306,0.0,N
1015418,1414089134,758030100,2026-03-13,Sahloul,3110.853247596377,114.38464154326522,N
1138812,1414114736,758030101,2025-10-31,Gabès 2,1386.0682598077103,0.0,N
1107350,1401219358,758030103,2026-01-18,Djerba 1,308.74578786286213,0.0,N
1392676,1401546952,758030107,2026-06-01,Djerba 2,90.02380437134819,0.0,N
1809212,1414193298,758030111,2026-06-01,Ariana,75.8598942714935,0.0,N
1579594,1401958732,758030114,2026-06-05,Béja II,97.38151915169877,0.0,N
1811100,1414189920,758030121,2026-06-05,Sousse 2,137.112869817912,0.0,N
14147590,1415529460,758030122,2026-06-06,Chebba,59.82007605032925,0.0,N
1009508,1400773712,758030124,2026-06-04,Gabès 4,1096.2345812594676,0.0,N
1534972,1401738874,758030125,2026-06-03,Lac II,278.2329118619965,0.0,N
1198092,1401075494,758030135,2026-06-04,Raoued,111.2931647447986,0.0,N
1337672,1401537672,758030139,2026-06-02,La Marsa,80.16415741799858,0.0,N
14152110,1415533348,758030146,2026-06-06,El Menzah,153.19504127121527,0.0,N
1133176,1400953320,758030149,2026-06-06,Chebba,111.2931647447986,0.0,N
974900,1414089998,758030151,2026-06-06,M'saken,80.65941200111294,0.0,N
1813806,1414194936,758030153,2025-10-18,Ghardimaou,49444.696262404555,3988.00507002195,N
1713780,1414132194,758030155,2025-09-13,Sousse 2,120.56759514019848,0.0,N
1781512,1414135772,758030156,2026-06-06,Kairouan 2,155.86236745293226,0.0,N
953514,1401413598,758030158,2026-05-31,Raoued,365.40328314836,0.0,N
947158,1401007936,758030159,2026-06-06,Ariana,0.0,111.2931647447986,N
1773012,1414134168,758030166,2026-06-05,Sousse 3,111.2931647447986,0.0,N
1760676,1414167340,758030167,2026-04-02,Nabeul 2,4335.430488144187,0.0,N
1779372,1414131972,758030169,2026-06-05,Sousse 3,160.28967137601634,0.0,N
1219286,1401115360,758030170,2026-06-05,Soukra,54.00748137385229,0.0,N
1200694,1414015334,758030172,2026-06-05,Ariana,173.80375305283334,0.0,N
1214954,1401341592,758030173,2026-06-02,Sfax 5,0.0,463.72151976999413,N
1533354,1401695332,758030175,2026-06-06,Soukra,84.46842056450367,0.0,N
1286106,1415472074,758030184,2026-06-06,Testour,454.6566915015303,0.0,N
1335414,1414159214,758030191,2026-06-05,Djerba 2,105.72850650755866,0.0,N
1539572,1401691874,758030200,2026-03-25,Gabès 3,9025.560021022042,437.4504590843046,N
1477272,1400077272,758030205,2026-06-02,Gabès 4,100.16384827031874,0.0,N
1321328,1401614726,758030206,2026-06-06,La Marsa,77.80783380220731,0.0,N
1481600,1401586712,758030207,2026-06-06,Djerba 1,123.65907193866511,0.0,N
14121328,1415475536,758030211,2026-06-06,Nabeul 2,123.65907193866511,0.0,N
1597892,1414193526,758030213,2026-06-06,Soliman,133.55179769375832,0.0,N
1519512,1401879532,758030215,2026-06-05,Boussalem,99.32914953473275,0.0,N
1747990,1414075528,758030221,2026-05-31,Ain Zaghouan,710.8078028874394,0.0,N
1677670,1401941714,758030224,2026-06-07,Zarzis 1,166.9397471171979,0.0,N
1547350,1401706952,758030226,2026-06-07,Ariana,123.65907193866511,0.0,N
1397172,1414113512,758030230,2026-06-06,Sfax 3,100.16384827031874,0.0,N
1477500,1401747592,758030231,2026-06-07,Gabès 1,83.46987355859895,0.0,N
1587874,1414013778,758030236,2026-06-06,Sfax 4,30.563885368040314,0.0,N
14011288,1415541272,758030237,2026-02-18,Sfax 2,3053.915973660618,0.0,N
926690,1401401308,758030242,2026-06-05,Beni Khalled,111.2931647447986,0.0,N
979592,1401869476,758030244,2026-06-07,Menzel Bourguiba,51.00627569790089,0.0,N
1139132,1414131146,758030246,2026-06-06,Lafayette,2545.3822611061305,0.0,N
1139132,1414131146,758030246,2026-06-06,Lafayette,979.2085819395926,0.0,N
1493340,1414135930,758030252,2026-04-10,Bizerte,146.9604600117476,0.0,N
940136,1415533154,758030258,2026-06-05,Zarzis 1,431.82520790181474,0.0,N
1321894,1414107106,758030260,2026-06-07,Kairouan 2,205.06383899588835,0.0,N
1519374,1400119374,758030263,2026-06-05,Jendouba,87.2955760967014,0.0,N
1172720,1401149272,758030265,2026-06-01,Gabès 1,94.07085664822085,0.0,N
1614868,1401955814,758030276,2026-06-02,El Menzah,429.0969796271679,0.0,N
1671414,1415547694,758030278,2026-06-05,Gabès 2,87.44829505054565,0.0,N
14012774,1415409392,758030279,2026-06-07,Zarzis 1,354.28324110427553,0.0,N
1357294,1401921668,758030295,2026-06-05,Sfax 2,102.94617738893871,0.0,N
1013548,1401515288,758030298,2026-06-08,Bizerte,97.67366370915387,0.0,N
14147876,1415536920,758030299,2026-06-05,Mutuelleville,128.16304448635114,0.0,N
1333394,1401533394,758030302,2026-06-08,Bizerte,52.83519337187375,0.0,N
1115594,1401695326,758030306,2026-05-23,Sfax 5,263.06550839335955,0.0,N
1334612,1401347952,758030308,2026-05-16,Kairouan 2,61.829535969332554,0.0,T
1575552,1400175552,758030310,2026-06-07,Sousse 3,103.00986181098712,0.0,N
1727530,1414153358,758030319,2026-06-08,El Kram,111.2931647447986,0.0,N
1333498,1414120732,758030321,2026-06-08,Sousse 3,278.2329118619965,0.0,N
1347108,1401168170,758030324,2026-06-06,Zarzis 1,111.2931647447986,0.0,N
1373130,1401579672,758030328,2026-06-07,Ariana,123.65907193866511,0.0,N
1467308,1401560940,758030333,2026-05-01,Mutuelleville,305.06260240516895,0.0,N
1807136,1414193556,758030335,2026-05-16,Gabès 1,262.77552786966334,0.0,N
1601140,1401799334,758030341,2026-06-05,Jendouba,3218.587504250781,0.0,N
1674600,1414097594,758030344,2026-05-21,Bab Benat,1234.179367483847,0.0,N
1734752,1401895868,758030346,2026-06-07,Sfax 4,102.64012118589051,0.0,N
1571368,1401397472,758030348,2026-06-08,Bizerte,75.8598942714935,0.0,N
1755106,1401957960,758030349,2026-01-07,Zarzis 1,825.4938634185551,0.0,N
1569514,1401753510,758030350,2026-06-08,Medjez El Bab,111.2931647447986,0.0,N
1373120,1401735118,758030353,2026-06-07,Grombalia,129.10841809132222,0.0,N
14012132,1415409554,758030354,2026-06-06,Soliman,64.43441431972053,0.0,N
1279740,1400613876,758030360,2026-06-07,El Menzah,69.96444801681764,0.0,N
1770092,1414116100,758030361,2025-12-21,Lac II,11678.681794293134,0.0,N
1393296,1400957308,758030371,2026-06-08,Jendouba,81.35530342844777,0.0,N
1487150,1414152158,758030373,2026-05-26,Jendouba,215.3213590132006,0.0,N
815176,1401152198,758030375,2025-11-11,Gabès 4,3877.623890932699,183.94286950876435,N
931930,1401473340,758030376,2026-03-23,La Marsa,4492.7245185024885,163.84827031873127,N
1066156,1400935326,758030379,2026-04-04,Jendouba,622.4159891180017,0.0,N
14009818,1415418606,758030381,2026-05-29,Gabès 2,1550.681670634062,0.0,N
1333406,1400907720,758030384,2026-06-01,Gabès 4,111.2931647447986,0.0,N
1490950,1401612012,758030387,2026-05-28,Sfax 4,97.15893282220918,0.0,N
1335738,1401535738,758030390,2026-06-08,Lac II,72.34055708411908,0.0,N
1291892,1401381112,758030394,2026-05-29,Sousse 3,1226.5458929730733,0.0,N
1689758,1401975472,758030398,2026-05-27,Djerba 2,1079.6021269360374,0.0,N
1553666,1400153666,758030399,2026-06-07,Zarzis 1,3210.307292793768,142.2079327294649,N
934188,1400675294,758030400,2026-06-08,Jendouba,111.2931647447986,0.0,N
1309352,1401509352,758030405,2026-06-08,Chebba,100.16384827031874,0.0,N
1535490,1401535716,758030411,2026-06-07,Sousse 3,914.447707669954,0.0,T
1713572,1401991330,758030413,2026-06-08,Zarzis 1,129.84202553559837,0.0,N
1349910,1414012756,758030415,2026-06-09,Bizerte,111.2931647447986,0.0,N
1532152,1401669294,758030417,2026-06-08,Sousse 2,532.0920023495224,0.0,N
1469580,1415550674,758030427,2026-06-08,Lac II,105.72850650755866,0.0,N
1093318,1401513974,758030434,2026-06-08,Gabès 3,111.2931647447986,0.0,N
1753710,1414070136,758030439,2026-06-09,Korba,374.1660741336137,0.0,N
987528,1414113488,758030441,2026-06-08,Bizerte,68.19612328809473,0.0,N
1737958,1401914080,758030442,2026-06-07,Djerba 2,123.65907193866511,0.0,N
1290906,1414175598,758030444,2025-11-15,Testour,1834.844962438557,0.0,N
1799974,1414197288,758030448,2026-06-08,Enfidha,103.56447274863203,0.0,N
771212,1414141532,758030451,2026-06-09,M'saken,108.80267103595388,0.0,N
947968,1401533470,758030452,2026-06-08,El Menzah,123.65907193866511,0.0,N
1213314,1401413314,758030455,2025-10-01,La Goulette,4518.884286023434,222.5863294895972,N
14155568,1415473800,758030456,2026-06-06,Grombalia,80.68754443997898,0.0,N
1508132,1401757472,758030465,2026-03-29,Jemmal,42.628373574056326,0.0,N
1335272,1401549352,758030468,2026-06-07,Mahdia,175.7717871827372,0.0,N
1480946,1414127588,758030474,2026-06-08,Jendouba,1288.6539710019476,0.0,N
1133800,1401479512,758030476,2026-06-09,Ghardimaou,278.2329118619965,0.0,N
1554150,1401587334,758030477,2026-06-06,La Goulette,13.911645593099825,0.0,N
1374954,1414007556,758030479,2026-06-08,Gabès 3,111.2931647447986,0.0,N
1787358,1415467928,758030482,2026-06-08,Zarzis 1,111.2931647447986,0.0,N
914094,1415529920,758030499,2026-06-08,Lac II,98.49445079914676,0.0,N
1573532,1400173532,758030500,2026-06-09,Bizerte,689.399326058058,0.0,N
1352966,1401886954,758030505,2026-06-08,Béja II,78.99650663121774,0.0,N
1174756,1401515538,758030507,2026-05-30,Mutuelleville,39.07595758493833,0.0,N
1295688,1401337932,758030509,2026-06-08,Raoued,63.609299162209794,0.0,N
775934,1401299108,758030510,2026-06-08,Boussalem,105.19924567966117,0.0,N
1359214,1414161668,758030511,2026-05-26,Jendouba,284.2990076359477,0.0,N
1131132,1401335594,758030529,2025-12-23,Bizerte,1151.4344452344885,0.0,N
1752612,1414068194,758030533,2026-06-10,Bardo,130.76946857513835,0.0,N
1213900,1414097214,758030534,2026-06-09,Chebba,82.15104955637308,0.0,N
871606,1400615572,758030539,2026-06-12,Bizerte,222.5863294895972,0.0,N
1793696,1414147514,758030540,2026-06-09,Ain Zaghouan,73.54252326336291,0.0,N
1551776,1400151776,758030545,2026-06-07,Chebba,268.1126534145361,0.0,N
1775356,1414168132,758030546,2026-06-05,Ariana,86.56135035706558,0.0,N
1737566,1415415308,758030548,2026-05-30,Bizerte,1027.443657835348,0.0,N
1315594,1401813292,758030552,2026-06-11,Bizerte,27.92407332982966,0.0,N
1087938,1414129152,758030555,2026-06-10,Raoued,584.6168114508301,0.0,N
1087938,1414129152,758030555,2026-06-10,Raoued,7928.471264723159,0.0,N
1279512,1414073510,758030558,2026-06-10,Sousse 2,111.2931647447986,0.0,N
1759558,1415535114,758030562,2026-06-10,Chebba,100.69218165517668,0.0,N
1261392,1415541554,758030564,2026-06-09,Medjez El Bab,139.11645593099826,0.0,N
1361134,1414137492,758030566,2025-10-26,Lac II,3796.8018672519866,0.0,N
1760932,1414097886,758030570,2026-01-27,Soliman,963.7001885800847,0.0,N
1126088,1400814890,758030572,2026-01-14,Ennasr,1298.474047052277,263.94565183788296,N
875546,1414134958,758030574,2026-06-11,Sousse 3,734.0217021671252,0.0,N
1395508,1414133480,758030575,2026-05-17,Bizerte,3843.846724580332,0.0,N
1309752,1401293272,758030576,2026-06-11,Zarzis 1,83.46987355859895,0.0,N
1331466,1401335568,758030577,2025-11-12,Lac II,655.5423996042911,0.0,N
1387530,1401587530,758030578,2026-06-10,Raoued,41.958759699508455,0.0,N
1133746,1400952606,758030582,2026-05-31,Lac II,307.7206541564906,0.0,N
14154726,1415473552,758030593,2026-06-09,Ain Zaghouan,111.2931647447986,0.0,N
1313580,1401513580,758030595,2026-06-11,Gabès 4,166.9397471171979,0.0,N
933772,1400667294,758030597,2026-06-12,Béja II,74.20502674127431,0.0,N
929328,1414135776,758030599,2026-06-06,Ghardimaou,55.6465823723993,0.0,N
1293536,1401601518,758030600,2025-10-22,Mahdia,37.05134942962253,0.0,N
1213540,1415555594,758030601,2026-06-07,Boussalem,920.465885553529,0.0,N
1797570,1414173754,758030602,2026-06-09,Djerba 2,0.0,463.72151976999413,N
1535814,1401673572,758030605,2026-05-30,Sfax 2,273.1965870096145,0.0,N
1295668,1401959586,758030606,2026-05-30,Grombalia,212.10622314279533,0.0,N
1593338,1400898754,758030607,2026-06-11,Lac II,230.93331684545709,0.0,N
1269160,1401469160,758030608,2026-06-11,La Marsa,385.27529600890347,0.0,N
868714,1401557376,758030609,2026-06-12,Sousse 3,61.21093146195938,0.0,N
1735388,1401873360,758030610,2026-05-21,Kairouan 2,123.65907193866511,0.0,N
930018,1401355326,758030614,2026-06-12,Mutuelleville,92.96781772652797,0.0,N
1679538,1414095172,758030617,2026-05-28,Gabès 4,170.03122391566453,0.0,T
1069526,1401994976,758030622,2026-06-04,El Jem,340.95279314928746,0.0,N
1416988,1401467912,758030624,2026-06-11,Bizerte,111.2931647447986,0.0,N
1213540,1415555594,758030625,2026-06-07,Boussalem,337.71910841809137,0.0,N
1592616,1414131290,758030629,2026-06-07,Gabès 2,139.11645593099826,0.0,N
929206,1401521552,758030636,2026-06-12,Ghardimaou,97.38151915169877,0.0,N
1511296,1401877412,758030639,2026-05-25,Sfax 5,2009.8970538226113,0.0,N
1113738,1401495194,758030645,2026-06-11,Testour,62.151667851732775,0.0,N
1541468,1415407334,758030650,2026-05-18,Kairouan 2,795.7102667944478,0.0,N
1309206,1401509206,758030651,2026-05-25,Gabès 4,37.09772158159953,0.0,N
1778066,1414131352,758030652,2026-05-30,Nabeul 2,9322.569326367206,0.0,N
1778066,1414131352,758030652,2026-05-30,Nabeul 2,2030.9444461619316,0.0,N
1321278,1401521278,758030654,2025-11-25,La Marsa,2478.38748570192,120.56759514019848,N
750746,1414132956,758030655,2026-06-12,Gabès 2,0.0,166.9397471171979,N
1553108,1414199472,758030657,2025-10-06,Kairouan 1,2618.947970445482,0.0,N
1579336,1414174156,758030658,2026-05-30,Grombalia,147.15429560701148,0.0,N
1667930,1401921954,758030659,2026-06-01,Gabès 1,652.3634340124278,0.0,N
1571354,1401993210,758030661,2026-03-28,Grombalia,163.38454879896128,0.0,T
1297418,1401907532,758030662,2025-12-10,La Goulette,232.99100380251647,0.0,N
1538896,1400138896,758030666,2025-12-27,Béja,30.914767984666277,0.0,N
789572,1401313268,758030668,2025-10-03,Lac II,2468.663554580023,0.0,N
1677696,1401941736,758030675,2026-06-09,Jendouba,1209.8417163879185,0.0,N
1767466,1414109296,758030677,2026-06-12,Bizerte,111.2931647447986,0.0,N
1373108,1401747480,758030678,2026-06-11,El Jem,981.3531393946889,0.0,T
1370986,1401391732,758030687,2026-06-08,Medjez El Bab,61.829535969332554,0.0,N
1301686,1401950770,758030688,2026-06-10,Boussalem,543.5808575756639,0.0,N
1572694,1401371954,758030691,2026-06-12,Zarzis 1,13.911645593099825,0.0,N
1514958,1414189492,758030692,2026-06-12,Bizerte,111.2931647447986,0.0,N
1594874,1401675590,758030696,2026-06-12,Jendouba,108.51083562617863,0.0,N
1671154,1401928892,758030699,2026-06-10,Ghardimaou,746.6788264754074,0.0,N
1529976,1401789172,758030703,2026-06-07,Lac II,189.87850496182028,0.0,N
935358,1401393752,758030705,2025-11-15,La Marsa,715.0035551983183,0.0,N
1791994,1414157932,758030711,2026-06-12,Gabès 2,111.2931647447986,0.0,N
1460612,1400936180,758030714,2026-06-10,El Jem,37.506723962036666,0.0,T
1511318,1401720972,758030715,2026-06-12,Ariana,13.911645593099825,0.0,N
1768754,1414113466,758030718,2026-06-13,Bizerte,97.38151915169877,0.0,N
1098176,1400893288,758030722,2026-05-31,Gabès 4,13.911645593099825,0.0,N
1501592,1400980748,758030723,2026-06-12,Zarzis 1,97.38182829937863,0.0,N
1353372,1401553372,758030725,2026-06-13,Bizerte,78.37542894240579,0.0,N
790776,1401315386,758030728,2026-06-13,Mutuelleville,57.921291000711044,0.0,N
1797154,1414166748,758030731,2026-06-10,Djerba 2,125.20481033789842,0.0,N
1755750,1414067552,758030732,2026-06-12,Teboulba,41.734936779299474,0.0,N
1335750,1401311334,758030741,2026-06-12,Sfax 2,111.2931647447986,0.0,N
1739532,1401914926,758030742,2026-06-11,Gabès 1,80.37839676013232,0.0,N
950078,1400697546,758030747,2026-06-12,Gabès 3,85.82063251615297,0.0,N
1715968,1401989806,758030748,2026-06-12,Ain Zaghouan,51.02791603549016,0.0,N
1537800,1400137800,758030750,2026-06-12,Lac II,106.6522397749405,0.0,N
1597468,1414094194,758030753,2026-06-09,Chebba,105.13463381457323,0.0,N
1737508,1414135078,758030754,2026-06-13,Mutuelleville,47.80907039292671,0.0,N
1692996,1415411960,758030757,2026-06-11,Ain Zaghouan,166.9397471171979,0.0,N
1369272,1401389070,758030758,2026-06-13,Sfax 3,61.211240609639226,0.0,N
1095592,1400887306,758030761,2026-06-12,Menzel Bourguiba,91.28821838192106,0.0,N
1555350,1414195768,758030762,2026-06-12,Bizerte,558.1562432373945,0.0,N
1576140,1400176140,758030764,2026-06-10,La Marsa,97.38151915169877,0.0,N
929478,1400670946,758030767,2026-06-12,Raoued,41.734936779299474,0.0,N
1331874,1401814958,758030774,2026-06-13,Medjez El Bab,193.38052987912326,0.0,N
1495360,1401813406,758030777,2026-06-10,Zarzis 1,116.94902154759329,0.0,N
1713472,1414187146,758030780,2026-06-13,Sousse 2,119.1949794416793,0.0,N
1070894,1400931336,758030783,2026-06-02,Gabès 2,300.3280056883173,0.0,N
1774786,1414133754,758030784,2026-06-07,Boussalem,77.28691996166569,0.0,N
1066666,1401732938,758030785,2026-06-12,Hammamet 1,272.12755433270473,0.0,N
1741288,1414060750,758030789,2026-06-09,Sousse 2,346.9650972269453,366.23798188394596,N
14007460,1415415496,758030790,2026-03-13,Zarzis 1,61.829535969332554,0.0,N
1576612,1415411548,758030791,2025-12-30,Sousse 3,8459.024329922404,318.4221102420627,N
1572878,1400172878,758030794,2026-06-13,Chebba,55.727269916839276,0.0,N
1556674,1400156674,758030796,2026-06-04,Ezzahrouni,608.9420966395647,0.0,T
1100732,1400897932,758030799,2026-06-12,Mutuelleville,101.68547315052402,0.0,N
1713768,1414009394,758030804,2025-10-21,Ghardimaou,752.6787646458714,0.0,N
1277132,1401477132,758030812,2025-10-21,Mahdia,843.5555074659165,0.0,N
1077978,1400875288,758030813,2026-06-12,Jendouba,0.0,1116.389155099391,N
1317358,1401517358,758030815,2026-02-14,Bizerte,416.20521222988225,0.0,N
1415912,1401473926,758030817,2026-06-12,El Jem,111.2931647447986,0.0,N
1735876,1415540146,758030821,2026-06-10,Chebba,430.43280675178534,0.0,N
1331466,1401335568,758030822,2026-06-06,Lac II,352.2876928308653,0.0,N
1608080,1401812196,758030824,2026-06-12,Enfidha,111.2931647447986,0.0,N
14015970,1415550140,758030825,2026-06-09,Grombalia,107.79855937181192,0.0,N
917358,1401147352,758030834,2026-05-27,Moknine,139.61511113859092,0.0,N
1327106,1401754958,758030837,2026-05-31,Sousse 3,407.7797013633413,0.0,N
1339340,1401539340,758030839,2026-06-14,Jendouba,19.476303830339756,0.0,N
14001154,1415414812,758030841,2026-06-13,El Menzah,331.68145423068603,0.0,N
1731680,1415467312,758030845,2026-06-14,Sousse 3,114.07549386341856,0.0,N
1727468,1414153410,758030846,2026-05-29,Bardo,170.09305345163386,0.0,T
1167138,1401875518,758030847,2026-06-07,Sousse 2,108.79092342411971,0.0,N
1269272,1401213792,758030851,2026-06-12,Raoued,416.1406003647943,0.0,N
894148,1401811938,758030852,2026-06-09,El Jem,3856.7938294123105,0.0,N
1729556,1401895866,758030854,2026-06-13,Ariana,34.00624478313291,0.0,N
1807472,1414192948,758030855,2026-06-04,Bizerte,6068.799579559156,0.0,N
1115086,1401933152,758030858,2026-06-11,Sfax 5,338.2075617522491,0.0,N
1381928,1401581928,758030859,2026-06-13,Bizerte,88.38099360064304,0.0,N
1789014,1414169292,758030860,2026-06-13,Hammamet 2,95.72572417844005,0.0,N
1493416,1401607320,758030862,2026-06-12,El Jem,328.2839212291712,0.0,N
1791126,1414157488,758030865,2026-06-14,Kelibia,52.85837944786225,0.0,N
1495494,1401612678,758030870,2026-06-10,Gabès 2,110.62509660864995,0.0,N
14001772,1415412012,758030872,2026-05-29,Ariana,867.5901938355953,0.0,N
1554814,1401699554,758030874,2026-05-15,Boussalem,122.8633258107398,0.0,N
1355140,1414159474,758030875,2026-06-13,Jendouba,111.2931647447986,0.0,N
1489598,1401601350,758030876,2026-05-20,Bizerte,0.0,144.52654032831484,N
14007090,1415413546,758030878,2026-06-10,Ain Zaghouan,33.874857019198075,0.0,N
1199566,1414161872,758030880,2026-06-10,Grombalia,278.2329118619965,0.0,N
1592666,1401701952,758030882,2026-06-13,Lac II,109.67323090240208,0.0,N
1614170,1401954672,758030883,2026-04-01,Lac II,1391.1645593099825,0.0,N
1474950,1414095314,758030884,2026-06-13,Sousse 3,139.11645593099826,0.0,N
1739594,1401916732,758030891,2026-06-13,Zarzis 1,111.2931647447986,0.0,N
1157536,1401969120,758030895,2026-06-14,Gabès 2,87.44891334590534,0.0,N
1575974,1401611094,758030898,2026-06-13,La Marsa,71.2885275296009,0.0,N
1086192,1401727612,758030899,2026-06-01,Sousse 1,253.7518162426191,0.0,N
1346796,1401546796,758030900,2026-06-13,Bizerte,84.66627507960553,0.0,N
1487338,1401595554,758030903,2026-06-13,La Marsa,407.3768819365011,0.0,N
666688,1401558014,758030909,2026-02-17,Sousse 2,4219.282777382756,0.0,N
1531396,1401755936,758030913,2026-06-09,Zarzis 1,220.45568368009398,0.0,N
1607540,1401811138,758030914,2026-02-20,Sfax 1,12833.867746622562,0.0,N
1737274,1414072772,758030917,2026-06-14,Gabès 1,63.99449717129873,0.0,N
1173268,1401934934,758030919,2026-06-12,Testour,107.1193619191888,0.0,N
795214,1415533934,758030924,2026-06-09,Gabès 1,111.2931647447986,0.0,N
1391340,1401727488,758030925,2026-06-14,Sousse 3,69.55822796549913,0.0,N
1813752,1414194130,758030928,2026-06-14,Bizerte,77.90521532135902,0.0,N
1593948,1401875372,758030929,2026-05-24,Bab Benat,2478.3132902587568,2916.3137230655084,N
1752688,1414093914,758030935,2026-01-05,Enfidha,10633.406807431911,10.5651219587597,N
875590,1414132686,758030936,2026-06-13,Medjez El Bab,139.11645593099826,0.0,N
1807150,1414193512,758030938,2026-06-13,Zarzis 1,139.11645593099826,0.0,N
1511358,1401720940,758030939,2026-06-14,Zarzis 1,185.48860790799765,0.0,N
1760706,1414097752,758030941,2026-06-14,Sousse 3,35.13432466689338,0.0,N
1527492,1400127492,758030948,2026-06-12,La Goulette,111.2931647447986,0.0,N
1534994,1401693994,758030950,2026-06-13,Ain Zaghouan,145.11670324914212,0.0,N
1617150,1401947756,758030953,2026-06-06,Lac II,200.42229573067056,0.0,N
1729736,1401887580,758030954,2026-06-14,Lac II,106.73014499026185,0.0,N
1311348,1401417890,758030959,2026-06-15,Mutuelleville,66.78702816335364,0.0,N
1419266,1401940720,758030962,2026-06-14,La Marsa,0.0,463.72151976999413,N
1774760,1414101590,758030965,2026-06-15,Monastir 1,48.77422944940798,0.0,N
1577754,1401759270,758030966,2026-06-15,Boussalem,38.07617398831422,0.0,N
1757568,1401872010,758030968,2026-05-25,Medjez El Bab,341.8270627878938,0.0,N
1777336,1414173460,758030970,2026-06-14,Zarzis 1,981.744211209695,0.0,N
931692,1401395298,758030971,2026-06-03,La Marsa,395.0901165486753,0.0,N
1268134,1415535546,758030973,2026-06-10,La Goulette,97.38182829937863,0.0,N
1077476,1415413538,758030975,2026-06-07,Medjez El Bab,67.96920889108728,0.0,N
1081708,1414129480,758030977,2026-05-16,Djerba 1,0.0,868.4267474572604,N
1393260,1401593260,758030978,2026-06-15,Medjez El Bab,174.6375243453798,0.0,N
1110092,1400915914,758030986,2026-05-02,La Marsa,0.0,463.72151976999413,N
1337540,1401537540,758030988,2026-06-14,Zarzis 1,94.59919003307881,0.0,N
1394714,1401551268,758030991,2026-06-14,Raoued,139.11645593099826,0.0,N
967340,1401615940,758030993,2026-06-10,Béja II,89.03453179583887,0.0,N
975498,1401934814,758030996,2026-06-01,Medjez El Bab,161.65177605342072,0.0,N
1153478,1401892976,758030997,2026-06-04,Béja,726.2135592172381,0.0,N
1275496,1401988112,758030998,2026-06-08,Zarzis 1,200.67548768046498,0.0,T
1535126,1401673492,758031001,2026-05-13,Zarzis 1,301.2900732680001,0.0,N
1335380,1401331140,758031002,2026-03-19,Chebba,2213.2819117692525,3042.228645624015,T
1579732,1401775350,758031003,2026-05-25,Testour,489.7975082697005,0.0,N
1734078,1415473546,758031006,2026-06-13,Chebba,802.5251182489876,0.0,N
801416,1401333354,758031009,2026-06-13,El Jem,111.2931647447986,0.0,N
1594798,1401974676,758031013,2026-06-10,Djerba 2,95.99561010294619,0.0,N
1475336,1414176890,758031016,2026-06-15,Zarzis 1,122.42248121927845,0.0,N
1299872,1401499872,758031017,2026-06-15,Mahdia,607.9141806040745,0.0,N
1674932,1401937414,758031018,2026-06-10,Grombalia,456.5434197916345,0.0,N
1501348,1414159878,758031019,2026-04-01,Soukra,154.57383992333138,0.0,N
1731460,1414121094,758031021,2026-05-19,Ain Zaghouan,185.48860790799765,0.0,N
1508948,1400108948,758031023,2026-05-19,Chebba,400.08377902123846,0.0,N
1677532,1401941558,758031024,2026-06-13,Bizerte,136.5131233190095,0.0,N
1334800,1401814180,758031025,2025-11-18,La Marsa,5396.540637462516,341.2403004915448,T
14014914,1415406134,758031026,2026-05-27,La Goulette,235.57053204315702,0.0,N
1547474,1401707334,758031030,2026-06-14,Djerba 2,50.83037066806814,0.0,N
1536128,1400136128,758031031,2026-06-14,Lac II,122.9514328994961,0.0,T
1495018,1401541572,758031035,2026-06-09,Mahdia,60.28379757009924,0.0,N
1488074,1401599414,758031036,2026-06-13,La Marsa,669.7947259405819,0.0,N
1533674,1401535356,758031040,2026-06-07,Djerba 1,908.2567162333447,0.0,N
898932,1414087260,758031043,2026-06-07,Ariana,123.65907193866511,0.0,N
1781526,1414135672,758031044,2026-04-11,Nabeul 2,16808.063498933443,0.0,N
1333068,1401335072,758031046,2026-06-15,Lac II,93.40835317030947,0.0,N
1529814,1401527374,758031047,2026-05-17,Chebba,76.90574087241475,0.0,N
14152134,1415539734,758031049,2026-06-14,Grombalia,232.2471944848054,0.0,N
14151400,1415538758,758031050,2026-06-07,Sousse 2,157.147185210375,0.0,N
1619534,1401949736,758031053,2026-06-15,Mutuelleville,102.01657031563978,0.0,N
1298774,1414136730,758031061,2026-05-27,Mutuelleville,408.07493739759485,0.0,N
1315350,1401515350,758031062,2025-10-04,Ghardimaou,615.4966457476737,15.56929545243763,N
1298672,1401498672,758031064,2026-06-15,Mutuelleville,83.46987355859895,0.0,N
1752192,1401933986,758031068,2026-06-09,El Jem,1268.8966519306273,0.0,N
1333312,1401533312,758031072,2026-06-02,Zarzis 1,467.74353108479926,0.0,N
1529320,1415473370,758031077,2026-06-14,Grombalia,49.08028565245618,0.0,N
1817388,1415400070,758031079,2026-06-15,Testour,89.38541441246484,0.0,N
1312910,1400975350,758031080,2026-06-15,Menzel Bourguiba,74.20502674127431,0.0,N
1532194,1401516716,758031082,2026-06-16,Gabès 3,58.412835811667236,0.0,N
1413114,1415555534,758031086,2026-03-15,El Jem,17419.329767830095,820.7666862460197,N
1807136,1414193556,758031093,2026-06-13,Gabès 1,265.8193959254336,0.0,N
1158712,1400813410,758031095,2026-06-16,Mutuelleville,98.92725755093208,0.0,N
769546,1401291930,758031098,2026-06-15,Mutuelleville,55.6465823723993,0.0,N
14150796,1415537734,758031099,2026-06-15,Djerba 2,151.48236312486475,0.0,N
757914,1400953370,758031110,2026-06-13,Bizerte,105.95109283704826,0.0,N
1712006,1401989886,758031111,2026-06-15,Gabès 3,100.69279995053638,0.0,N
1473352,1400073352,758031112,2026-06-15,Bizerte,67.5830834389588,0.0,N
1367486,1401393572,758031113,2025-10-01,Chebba,2895.563112498841,81.5290444245216,N
1706012,1415558754,758031119,2026-06-15,Ghardimaou,111.2931647447986,0.0,N
1209352,1401548900,758031125,2025-09-10,Zarzis 1,2944.6851330880763,145.2994095279315,N
14008676,1415417372,758031128,2026-06-16,Lac II,103.98522274090334,0.0,N
1817330,1415557498,758031129,2026-06-13,Gabès 2,87.44829505054565,0.0,N
1571554,1400171554,758031131,2026-06-11,Bizerte,0.0,463.72151976999413,N
1675988,1415472128,758031133,2026-06-15,Gabès 2,111.2931647447986,0.0,N
1193570,1401720934,758031134,2026-06-16,Hammamet 1,111.2931647447986,0.0,N
1531068,1401537186,758031135,2026-06-15,Mahdia,111.2931647447986,0.0,N
1568996,1414074112,758031136,2026-06-15,Ain Zaghouan,111.2931647447986,0.0,N
14015108,1415549274,758031141,2026-06-15,Grombalia,66.77589884687916,0.0,N
717918,1401181472,758031142,2026-06-09,Mutuelleville,391.82922682165275,0.0,N
1737274,1414072758,758031144,2026-06-16,Gabès 1,77.90552446903887,0.0,N
14153612,1415475290,758031145,2026-06-05,Monastir 1,230.65879370575325,0.0,N
1275368,1401219330,758031147,2026-06-16,Zarzis 1,126.7502395894519,0.0,N
1781356,1414137474,758031157,2026-05-23,La Marsa,468.04958728784743,0.0,T
1554614,1401935188,758031159,2026-06-15,Chebba,246.47077008687052,0.0,N
1501528,1401741536,758031163,2026-06-15,Jendouba,111.2931647447986,0.0,N
768692,1401991386,758031166,2025-09-30,Ain Zaghouan,3680.8161498747954,174.2554178130893,N
1395586,1401509168,758031170,2026-06-15,Djerba 2,76.48622747086283,0.0,N
1373718,1401395746,758031172,2026-06-15,Sfax 1,85.3927721272452,0.0,N
967192,1400716786,758031173,2026-06-14,La Marsa,30.729279376758278,0.0,N
1527080,1400127080,758031177,2026-06-16,Jendouba,100.16384827031874,0.0,N
1519336,1414075350,758031178,2025-11-01,Ain Zaghouan,4313.039230840573,15.02828701270597,N
1292946,1401492946,758031179,2026-06-16,Bizerte,89.03453179583887,0.0,N
1753948,1414093352,758031181,2025-08-14,Monastir 1,4117.2059232695465,257.2337465607321,N
998690,1400754710,758031183,2026-06-16,El Menzah,111.2931647447986,0.0,N
990800,1414139530,758031187,2026-06-16,Djerba 2,42.51677126163168,0.0,N
1330140,1401530140,758031191,2026-06-16,Jendouba,102.34828577611526,0.0,N
1361334,1401375912,758031193,2026-06-15,Sousse 3,62.88063808081121,0.0,N
1019552,1401347592,758031196,2026-06-16,Soukra,33.38794942343958,0.0,N
1547866,1401708154,758031204,2026-06-16,Gabès 3,33.38794942343958,0.0,N
1555594,1401721172,758031209,2026-06-15,Chebba,70.23155161220515,0.0,N
1572892,1401751014,758031212,2026-06-16,Béja,29.798744860419824,0.0,N
1407518,1401531930,758031213,2026-06-17,El Jem,61.35035706557023,0.0,N
1797508,1414167660,758031214,2026-06-16,Enfidha,82.81324388660464,0.0,N
1513352,1414109194,758031215,2026-06-16,Zarzis 1,104.33734194824868,0.0,N
1112060,1401355326,758031222,2026-06-18,Ennasr,203.28964046124835,0.0,N
951540,1401555212,758031223,2026-06-16,Ain Zaghouan,251.00534825486136,0.0,N
1391410,1401575286,758031231,2026-06-17,Ariana,111.2931647447986,0.0,N
1552792,1414093172,758031235,2026-06-14,Ariana,691.5540853865892,0.0,N
1335376,1401535376,758031236,2026-06-18,Ain Zaghouan,54.338887686647915,0.0,N
879194,1400613520,758031239,2026-06-08,Ghardimaou,527.6464587133274,0.0,N
1179274,1415408674,758031241,2026-06-16,Medjez El Bab,245.53312517389557,0.0,N
1086140,1401751692,758031242,2026-06-17,Zarzis 1,80.97814325903485,0.0,N
1395754,1401552108,758031243,2026-06-18,Chebba,92.41506167496213,0.0,N
1721308,1414133580,758031244,2026-06-17,Bizerte,391.79831205366804,0.0,N
1795276,1414141718,758031247,2026-06-19,El Kram,48.77422944940798,0.0,N
1335532,1401159366,758031248,2026-06-18,Sfax 2,111.2931647447986,0.0,N
1597280,1401533780,758031249,2026-06-17,Ezzahrouni,111.2931647447986,0.0,N
1807136,1414193556,758031250,2026-05-29,Gabès 1,2711.2350449809874,0.0,N
1141132,1400971392,758031251,2026-05-31,Sfax 2,639.5100009274431,0.0,N
1535392,1401355688,758031252,2026-05-08,Mahdia,69.86737564534579,0.0,N
937540,1401133732,758031255,2026-05-21,Djerba 2,492.9916220978762,0.0,N
1588146,1401917530,758031257,2026-06-17,Sousse 2,3885.8317618326278,0.0,N
1550010,1401811354,758031263,2026-05-20,Bizerte,152.89949608928185,0.0,N
954956,1414095108,758031267,2026-06-17,Chebba,148.39088632639812,0.0,N
1133354,1401141872,758031273,2026-06-19,Gabès 4,61.211240609639226,0.0,N
1741290,1415475940,758031274,2026-06-19,Béja,359.941571088509,0.0,N
959616,1400728914,758031276,2026-06-18,La Goulette,178.09997835966243,0.0,N
1550112,1401993114,758031278,2026-05-25,Zarzis 1,232.95236034253566,0.0,T
1348146,1401272140,758031281,2026-05-19,La Marsa,378.91767397285685,0.0,T
1789678,1414153514,758031284,2026-06-18,Sousse 3,71.09098216217888,0.0,N
1353600,1401349528,758031286,2026-06-19,Jendouba,97.38182829937863,0.0,N
1469334,1401574954,758031287,2026-06-19,Ennasr,89.00547191393329,0.0,N
1539550,1400139550,758031292,2026-04-18,Bizerte,55.6465823723993,0.0,N
1119368,1400967534,758031302,2026-06-19,Sfax 4,111.2931647447986,0.0,N
875290,1401393498,758031310,2026-06-18,Testour,349.49145206665224,0.0,N
1560978,1415528938,758031311,2026-06-19,Mutuelleville,39.50350882616626,0.0,N
1747496,1401933738,758031314,2026-06-18,Boussalem,111.29285559711874,0.0,N
1814008,1414195318,758031319,2026-06-18,Grombalia,94.53241413423193,0.0,N
1535358,1401733390,758031322,2026-06-19,Sfax 5,54.298389340588,0.0,N
1672938,1401933536,758031326,2026-06-17,Bizerte,169.8469718984759,0.0,N
1553872,1401898600,758031329,2026-06-19,Kairouan 1,108.96961078307108,0.0,N
1380070,1401313294,758031335,2026-06-19,Ariana,63.67329273193805,0.0,N
1579276,1400179276,758031338,2026-04-05,La Marsa,332.23637431601077,0.0,N
1773078,1414153488,758031340,2026-05-10,Testour,231.30429406127308,0.0,N
1357370,1401557370,758031341,2026-06-18,Djerba 1,872.5761276161622,0.0,N
1493866,1414135314,758031344,2026-06-19,Ain Zaghouan,44.25479951772962,0.0,N
1687486,1401959576,758031346,2026-06-19,Bardo,83.46987355859895,0.0,N
689554,1414092690,758031351,2026-06-17,Béja,111.2931647447986,0.0,N
1737872,1414135706,758031356,2026-06-15,Soliman,433.8887686647912,0.0,N
774610,1414091208,758031364,2026-06-18,Chebba,69.23826011685783,0.0,N
1355514,1401372774,758031370,2026-06-19,Sousse 2,81.33366309085851,0.0,N
955268,1401933532,758031379,2025-10-12,Djerba 2,3649.5919250626025,0.0,N
1278196,1401353336,758031380,2026-06-19,Mahdia,61.829535969332554,0.0,N
1306012,1401013490,758031387,2026-06-20,Gabès 4,93.40804402262961,0.0,N
14014872,1415547988,758031389,2026-06-21,Chebba,66.21943302315516,0.0,N
14155538,1415535934,758031390,2026-06-20,Sfax 1,135.1265959748972,0.0,N
800792,1401955294,758031393,2026-06-21,Chebba,62.60240516894921,0.0,N
1487216,1401596674,758031398,2026-06-20,Gabès 2,54.255417813089316,0.0,N
1746790,1401932612,758031399,2026-06-07,La Goulette,58.738059170865924,0.0,N
14120996,1415475556,758031402,2026-06-20,Ettadhamen,105.72850650755866,0.0,N
1137516,1401537374,758031404,2026-06-20,Soukra,57.647077008687056,0.0,N
949526,1401771538,758031406,2026-06-20,Djerba 2,120.75277460042663,0.0,N
1540996,1401729358,758031407,2025-08-27,Sfax 5,349.2292948341423,0.0,N
1209152,1415555320,758031409,2026-06-19,La Marsa,0.0,463.72151976999413,N
1395128,1401747594,758031410,2026-06-20,Zarzis 1,69.55822796549913,0.0,N
1734066,1401894770,758031412,2025-08-25,Gabès 2,416.1897548458899,0.0,N
1708694,1401998752,758031415,2026-06-19,Chebba,78.37542894240579,0.0,N
1080674,1414075312,758031416,2026-06-19,Ariana,4168.661699693944,6513.369091414969,N
1295314,1401495314,758031419,2026-06-19,Gabès 4,85.9532568708072,0.0,N
14006912,1415413192,758031422,2026-03-28,Mahdia,2007.677682628992,97.61801712678147,N
1519538,1401737272,758031427,2026-06-16,Sfax 1,1135.036015704702,0.0,N
1747168,1414072740,758031428,2026-06-07,Gabès 3,108.20168794633197,0.0,N
1615940,1415529386,758031430,2026-03-08,Gabès 1,73064.25108974558,3006.776207994559,N
1676092,1401938734,758031434,2026-06-06,Ghardimaou,61.829535969332554,0.0,T
941914,1414166076,758031435,2026-06-20,Chebba,98.3748106470461,0.0,N
1494694,1401472798,758031436,2026-06-11,Mutuelleville,145.2994095279315,0.0,N
889976,1414155580,758031438,2026-04-06,Gabès 4,3926.9684978514238,0.0,N
1677414,1401938872,758031441,2026-03-15,Grombalia,3003.5378860481655,0.0,N
1339350,1401695406,758031448,2026-06-21,Bizerte,107.3147432528519,0.0,N
1553496,1401717498,758031450,2026-06-20,Soukra,61.29378304015829,0.0,N
968070,1400771614,758031457,2026-06-21,Bizerte,967.227872754815,0.0,N
1780150,1414135480,758031461,2026-03-27,Monastir 2,1240.659412001113,0.0,T
1535326,1400135326,758031462,2025-08-20,Ain Zaghouan,1779.4079821930936,131.12467925928217,N
1341872,1401541872,758031464,2025-09-26,Djerba 1,2813.9255572386933,0.0,N
995494,1400734912,758031466,2026-06-19,Sousse 3,77.90521532135902,0.0,N
1553394,1401953490,758031473,2026-05-10,Boussalem,308.6966333817665,0.0,N
14147608,1415531946,758031475,2026-03-28,Ariana,240.2105295699756,0.0,N
1333810,1414174156,758031476,2026-06-20,El Menzah,111.2931647447986,0.0,N
790730,1401315368,758031477,2026-05-16,Mutuelleville,61.829535969332554,0.0,N
609558,1401298074,758031478,2026-05-11,Ain Zaghouan,145.2994095279315,0.0,N
1371352,1401935478,758031479,2025-12-24,Chebba,35992.57272699168,36357.312888366774,N
1547878,1401708134,758031481,2026-05-27,Testour,185.48860790799765,0.0,N
1679506,1414193212,758031483,2026-06-16,Jendouba,88.38099360064304,0.0,N
1354612,1401352694,758031485,2026-06-20,Djerba 2,94.59919003307881,0.0,N
1732086,1401890914,758031488,2026-05-23,Djerba 2,188.3945960985563,0.0,N
1771700,1414119478,758031489,2026-06-21,Sfax 2,100.16384827031874,0.0,N
14154670,1415473580,758031492,2026-06-20,Chebba,55.090116548675304,0.0,N
1611132,1415413550,758031493,2026-05-28,Medjez El Bab,887.8010325532507,0.0,N
1389332,1401589332,758031494,2026-06-19,Jendouba,61.829535969332554,0.0,N
1277992,1401352114,758031498,2026-05-07,Testour,183.94286950876435,0.0,T
1707954,1401997126,758031501,2026-05-30,Bizerte,230.10758339258666,0.0,N
897588,1414000998,758031505,2026-06-20,Béja,135.1265959748972,0.0,N
1135754,1401351912,758031508,2026-06-02,Djerba 2,58.738059170865924,0.0,N
1797392,1415526672,758031509,2026-06-21,Teboulba,89.03453179583887,0.0,N
1393396,1401929336,758031510,2026-03-14,Medjez El Bab,176.26364114137326,0.0,N
1358740,1401753694,758031513,2026-01-27,La Marsa,1168.393359507837,1844.0659102853433,N
1532774,1401694146,758031515,2026-06-19,Grombalia,76.85349491452067,0.0,N
1460818,1415533268,758031520,2026-06-20,Sfax 1,276.9474758091941,0.0,N
1751290,1401930976,758031528,2026-06-16,Mahdia,96.01786873589515,0.0,N
1475598,1401573670,758031533,2026-06-08,Sfax 4,597.3175255819706,0.0,N
1475598,1401573670,758031533,2026-06-08,Sfax 4,0.0,1236.590719386651,N
1195952,1401071734,758031534,2026-06-22,Mutuelleville,69.56904813429375,0.0,N
1807136,1414193556,758031535,2026-06-18,Gabès 1,52.86425325377933,0.0,N
1115928,1400933532,758031536,2026-06-21,Ezzahrouni,107.3147432528519,0.0,N
1169100,1401155572,758031537,2026-06-21,Zarzis 1,111.2931647447986,0.0,N
1759592,1414093532,758031542,2026-06-21,Hammamet 2,111.2931647447986,0.0,N
1517272,1401733194,758031543,2026-06-20,Gabès 4,278.2329118619965,0.0,N
787320,1401312130,758031544,2026-06-21,Djerba 2,90.09707237147185,0.0,N
1731816,1414132136,758031550,2026-06-21,El Jem,32.219062045939346,0.0,N
14155674,1415533526,758031552,2026-04-05,El Menzah,11404.765820632516,2272.2354468729714,N
1761694,1414099554,758031559,2026-06-21,Kairouan 2,214.0538535258293,0.0,N
14159072,1415471750,758031562,2026-05-30,Djerba 1,55.492008532475964,0.0,N
1349146,1401736070,758031563,2026-06-21,Bizerte,107.3147432528519,0.0,N
1601512,1401798072,758031566,2026-05-26,Medjez El Bab,58.738059170865924,0.0,T
1309010,1400917520,758031568,2026-06-22,Menzel Bourguiba,64.80044517265898,0.0,N
1275380,1401475380,758031572,2026-06-10,La Marsa,106.71777908306798,0.0,N
14001294,1415401814,758031577,2026-06-09,Raoued,665.6716233344669,0.0,N
1516936,1401732674,758031580,2026-06-22,El Menzah,72.88465700064921,0.0,N
1139128,1401873570,758031581,2026-06-21,Sfax 2,60.870869014128054,0.0,N
1515572,1400777950,758031583,2026-06-13,Djerba 1,46.982409497016725,0.0,N
1461496,1401215612,758031584,2026-06-14,Bizerte,520.1100565740254,0.0,N
1379414,1401975694,758031585,2026-06-19,Djerba 2,83.47018270627879,0.0,N
1817592,1414199736,758031586,2026-06-22,Mutuelleville,51.02760688781031,0.0,N
1548190,1401487098,758031589,2026-06-12,Ennasr,204.34847126472317,0.0,N
1072950,1414195374,758031593,2026-06-20,Zarzis 1,194.76303830339754,0.0,N
949138,1401357892,758031596,2026-06-15,Ghardimaou,74.86660277614617,0.0,N
1701532,1401995134,758031597,2026-06-19,Gabès 2,77.90521532135902,0.0,N
1774066,1414133468,758031601,2026-06-22,Ettadhamen,6.546202120753084,0.0,N
1214998,1401092914,758031602,2026-06-21,Sousse 3,108.78845024268094,0.0,N
755392,1414195326,758031605,2025-11-06,Lac II,2354.6121742356327,139.11645593099826,N
955394,1401347392,758031608,2026-06-22,Ain Zaghouan,107.31443410517204,0.0,N
1529470,1400129470,758031611,2026-06-18,Gabès 4,345.627106068569,0.0,N
14151292,1415537190,758031617,2026-06-18,Grombalia,27.82329118619965,0.0,N
1516860,1414130908,758031618,2026-06-22,Les Berges du Lac,206.04692861780075,0.0,N
1769394,1414114718,758031620,2026-06-22,Sahloul,213.38609453736052,0.0,N
1619948,1414095926,758031621,2026-06-06,Grombalia,7697.829474139797,0.0,N
1619948,1414095926,758031621,2026-06-06,Grombalia,3563.982131264105,0.0,N
1381934,1401334732,758031622,2026-06-19,Bizerte,14.825795282406407,0.0,N
1568074,1401754992,758031623,2026-06-22,Chebba,50.36541255757876,0.0,N
1379148,1414113112,758031624,2026-06-16,Medjez El Bab,334.2705660494018,0.0,N
14009546,1415418112,758031625,2026-06-22,Djerba 2,1285.0162302531921,0.0,N
939374,1401555416,758031627,2026-06-21,Medjez El Bab,61.829535969332554,0.0,N
1697260,1401977512,758031635,2026-06-21,Zarzis 1,111.2931647447986,0.0,N
1390672,1401590672,758031638,2026-06-21,Djerba 2,61.829535969332554,0.0,N
1578700,1414108810,758031639,2026-06-16,Grombalia,405.41626735091353,0.0,N
1807136,1414193556,758031642,2025-08-02,Gabès 1,1539.3393514081677,3716.1712059850993,N
1766160,1415541370,758031644,2026-01-01,Sousse 3,19264.92039447244,741.9544316319906,N
1690952,1401973532,758031656,2026-06-22,Zarzis 1,191.90373141249577,0.0,N
1013078,1401533294,758031658,2026-05-24,Raoued,108.20168794633197,0.0,N
14011758,1415541886,758031659,2026-05-26,Boussalem,185.48860790799765,0.0,N
1074100,1401733536,758031660,2026-06-01,Bizerte,469.8738677466226,0.0,N
997154,1414148734,758031661,2026-03-05,El Kram,191.6715615049309,0.0,N
1331318,1401531318,758031666,2026-06-18,Bizerte,317.1666615142054,0.0,N
1167606,1401759874,758031669,2026-06-13,Bizerte,322.36065168330913,0.0,N
912134,1401972732,758031674,2026-06-05,Sfax 4,147.15429560701148,0.0,N
1214768,1415549266,758031676,2026-05-31,Bizerte,61.610041116641426,0.0,N
1707294,1401995330,758031678,2026-02-25,Djerba 1,76.51188672829011,0.0,N
1332946,1401532946,758031680,2026-06-19,Bizerte,26.599066374006863,0.0,N
1331580,1414095410,758031683,2026-06-22,Medjez El Bab,479.7900887253841,0.0,N
1534794,1400134794,758031691,2026-06-23,Ain Zaghouan,111.2931647447986,0.0,N
1574718,1400174718,758031694,2026-05-27,Ariana,948.022382292021,0.0,N
1341380,1401541380,758031700,2026-06-23,Ezzahrouni,58.17850187034347,0.0,N
1555354,1401698940,758031701,2026-06-22,Gabès 3,111.2931647447986,0.0,N
1769894,1414115750,758031702,2026-06-04,Djerba 2,469.9084922867654,0.0,N
1740106,1414139952,758031703,2025-10-30,Testour,41.26812378273101,0.0,N
1814152,1414195554,758031706,2025-09-30,Lac II,157.665316721798,0.0,N
1407138,1401531134,758031709,2026-06-04,Djerba 2,362.97832874764276,0.0,N
1015956,1401952752,758031710,2025-08-11,Ghardimaou,123.65907193866511,0.0,N
1310812,1401817274,758031712,2026-02-22,Bizerte,1493.1183726466134,0.0,N
967548,1401539556,758031713,2026-05-18,Raoued,628.1188363681331,0.0,N
1347394,1401735314,758031714,2025-10-24,Kairouan 2,345.00881070887567,0.0,N
1274736,1401194748,758031715,2026-06-22,Sfax 4,62.61631681454231,0.0,N
1471970,1415472938,758031720,2026-06-21,Moknine,111.2931647447986,0.0,N
1294686,1401735336,758031723,2026-06-21,Menzel Bourguiba,80.82697004358982,0.0,N
973574,1414135114,758031724,2025-09-17,Djerba 2,258.13831267196343,0.0,N
1721366,1401869748,758031725,2026-05-01,Djerba 2,485.1763687513525,0.0,N
14154712,1415473348,758031728,2026-05-25,Grombalia,609.9483723374657,0.0,N
1517276,1415550152,758031734,2026-06-22,Lac II,52.86425325377933,0.0,N
1295954,1401413112,758031736,2026-05-20,Djerba 1,912.0431570161066,0.0,N
1287340,1414129208,758031738,2026-06-23,La Marsa,49.52947723127338,0.0,N
14154120,1415475210,758031740,2026-05-25,Djerba 2,314.71264723158254,0.0,N
1807312,1414195354,758031746,2026-06-16,Sousse 2,440.91291309858724,0.0,N
1512948,1401733552,758031749,2026-06-22,Jemmal,51.52317061860451,0.0,N
1815932,1414179148,758031751,2026-06-23,Grombalia,139.11645593099826,0.0,N
1810128,1414187758,758031758,2026-06-20,Gabès 3,70.89405509011655,0.0,N
1710670,1414014748,758031760,2026-06-19,Grombalia,100.4729959501654,0.0,N
1757928,1414159272,758031761,2026-06-22,Soliman,3156.378953225956,0.0,N
1757928,1414159272,758031761,2026-06-22,Soliman,3147.9426221906206,0.0,N
1153528,1415537332,758031763,2026-06-22,Ariana,47.299595016539406,0.0,N
1541078,1401735510,758031767,2026-05-23,M'saken,125.26663987386776,0.0,N
14151216,1415539574,758031768,2026-06-04,Enfidha,895.8271246174298,0.0,N
1613194,1401806798,758031772,2026-06-23,Mutuelleville,83.46987355859895,0.0,N
1727400,1414155610,758031774,2026-06-21,Ezzouhour,2332.7974773549327,0.0,N
1792980,1414152968,758031780,2026-06-23,Boussalem,79.46331962778619,0.0,N
1121346,1400935136,758031785,2026-06-23,Ain Zaghouan,82.48183757380902,0.0,N
1371318,1401872952,758031789,2025-12-17,Bizerte,2203.8355952638576,0.0,N
1397476,1414129120,758031790,2026-06-22,Ennasr,44.36702012551396,0.0,N
1579540,1400179540,758031792,2026-06-22,Bizerte,783.2655269422204,0.0,N
1729488,1414159754,758031794,2025-09-29,Mahdia,148.71239991343865,0.0,N
1572934,1401751092,758031798,2026-05-25,Menzel Temim,3020.7122762543668,0.0,N
1687954,1401961210,758031799,2026-05-24,Gabès 2,967.2411661050485,0.0,N
1715092,1401988194,758031800,2026-05-06,Sfax 3,184.0479797199122,0.0,N
1290812,1401490812,758031801,2025-12-08,Bizerte,199.23764182149813,0.0,N
1475354,1401553098,758031806,2026-06-22,Korba,111.2931647447986,0.0,N
14015606,1415549414,758031808,2026-05-27,Grombalia,370.5258602034192,0.0,N
14121368,1415475552,758031812,2026-06-07,Testour,465.39431786564444,0.0,N
1537332,1400137332,758031817,2026-05-10,Bizerte,177.46808050205584,0.0,N
1699552,1401981720,758031820,2026-06-14,Gabès 1,298.9829041333045,0.0,N
1601534,1415415312,758031826,2026-06-13,Soukra,114.38464154326522,0.0,N
913414,1401533978,758031829,2026-06-05,Gabès 3,64.92101276779918,0.0,N
14013278,1415408978,758031831,2026-06-10,Korba,180.2330973506044,0.0,N
1394112,1401473274,758031832,2025-11-30,Béja,267.4127430673633,0.0,N
1501154,1401755110,758031833,2026-03-05,Sfax 4,231.99833060252885,0.0,N
1461794,1401551218,758031835,2026-02-03,Testour,1162.3665254892262,0.0,N
1355574,1401971878,758031839,2026-06-23,Lac II,33.38794942343958,0.0,N
1397538,1401955348,758031841,2026-06-10,Sfax 2,216.40337589266395,0.0,T
1298152,1414137320,758031844,2026-06-20,Lac II,111.2931647447986,0.0,N
1359474,1401553574,758031845,2026-06-23,Kairouan 2,123.65907193866511,0.0,N
1695278,1401973738,758031853,2026-06-23,Sousse 2,602.8379757009924,0.0,N
934938,1400879412,758031855,2026-06-24,Zarzis 1,97.38151915169877,0.0,N
1353934,1415533720,758031857,2026-06-23,Chebba,100.44208118218073,0.0,N
1352774,1401599732,758031858,2026-06-24,Djerba 1,361.0526478498779,0.0,N
1541974,1414195930,758031859,2026-06-23,Chebba,70.23155161220515,0.0,N
1354934,1401597812,758031866,2026-06-24,Bizerte,111.2931647447986,0.0,N
1774154,1414101540,758031871,2026-06-22,Enfidha,54.5812594676477,0.0,N
1771358,1415471672,758031873,2026-06-21,Sfax 2,107.3141249574922,0.0,N
1775594,1414115352,758031880,2026-06-26,Zarzis 1,111.2931647447986,0.0,N
14151974,1415539600,758031895,2026-06-19,Ettadhamen,1294.3898970538228,0.0,N
14159294,1415470814,758031897,2026-06-26,El Menzah,83.87052895168023,0.0,N
1088906,1400879514,758031898,2026-06-25,Djerba 1,111.2931647447986,0.0,N
1073912,1401975152,758031900,2026-06-26,Gabès 2,111.2931647447986,0.0,N
1337752,1401193518,758031904,2026-05-30,Gabès 1,2124.1704022011318,0.0,N
1533150,1414011772,758031905,2026-06-25,Bizerte,38.95260766067951,0.0,N
1374100,1414107552,758031906,2026-05-24,Chebba,139.11645593099826,0.0,N
14015492,1415546812,758031916,2026-06-25,Korba,6994.678950134479,0.0,N
1770756,1414117514,758031917,2026-06-25,Nabeul 2,2947.710452283056,0.0,N
1779552,1414131492,758031918,2026-06-23,Bizerte,111.2931647447986,0.0,N
1579998,1414196900,758031922,2026-06-24,Gabès 1,29.214455745509632,0.0,N
1169166,1414099332,758031923,2026-06-24,Teboulba,100.91631372306551,0.0,N
993914,1400748890,758031925,2026-05-31,Bizerte,52.55510557393267,0.0,N
817572,1401355074,758031926,2026-06-25,El Menzah,87.23220082233283,0.0,N
1407874,1414175338,758031928,2026-06-25,Djerba 2,110.62571490400966,0.0,N
1353114,1401217888,758031930,2026-06-04,Chebba,185.48860790799765,0.0,N
1673310,1401933214,758031931,2026-06-25,Bab Benat,0.0,111.2931647447986,N
1557666,1401733210,758031932,2026-06-26,Chebba,50.76081244010264,0.0,N
14147310,1415531152,758031933,2026-06-26,Grombalia,193.28716727980958,0.0,N
896912,1401553208,758031935,2026-03-28,Sousse 2,7954.4665656784255,0.0,N
1340958,1401118926,758031937,2025-11-06,Lac II,7474.810647046094,0.0,T
1356172,1401329386,758031939,2026-06-24,Jendouba,480.0751228862028,0.0,N
1533188,1401975546,758031942,2026-04-21,Jemmal,2802.82313661236,0.0,N
1360992,1400732888,758031946,2026-06-26,Lac II,55.646891520079144,0.0,N
1395350,1414127968,758031953,2026-06-25,Hammamet 1,454.44708937459427,0.0,N
913314,1401191460,758031964,2026-06-25,Bizerte,94.59919003307881,0.0,N
1519334,1415473320,758031968,2026-06-25,Bizerte,0.0,463.72151976999413,N
1391928,1401553736,758031969,2026-06-23,Gabès 3,110.62509660864995,0.0,N
1573358,1400173358,758031973,2026-06-25,Bizerte,25.59711874362383,0.0,N
1133580,1400953320,758031974,2026-06-25,Jendouba,83.46987355859895,0.0,N
1075750,1401555110,758031983,2026-06-25,Lac II,111.2931647447986,0.0,N
1500136,1400100136,758031985,2026-06-17,Ezzahrouni,111.2931647447986,0.0,N
1533140,1400133140,758031988,2026-06-19,Bizerte,1912.431446501994,0.0,T
1147594,1414126728,758031989,2026-01-02,Béja,1537.5271277089066,0.0,N
1535768,1401538740,758031990,2026-05-10,Ariana,904.8078647169754,0.0,N
1553578,1401741506,758031991,2026-05-27,Nabeul 1,988.451788419328,4047.9426221906206,N
1289332,1401501972,758031992,2026-06-26,Ain Zaghouan,100.69218165517668,0.0,N
1371548,1401393592,758031998,2026-06-26,Gabès 2,94.40133551797695,0.0,N
1399292,1401587812,758032001,2026-06-25,Sfax 4,65.92728846570007,0.0,N
1275932,1401953546,758032002,2026-06-24,Soukra,88.77268371100875,0.0,N
1175506,1401470690,758032003,2026-06-26,Gabès 2,111.2931647447986,0.0,N
1753932,1401935094,758032004,2026-02-09,Béja II,700.4062200513185,0.0,N
1753140,1414069152,758032008,2026-06-23,Bizerte,83.46987355859895,0.0,N
1355738,1401957336,758032014,2026-06-23,Djerba 2,69.55822796549913,0.0,N
1521750,1401775490,758032018,2026-06-27,Mutuelleville,83.46987355859895,0.0,N
1013548,1401515288,758032019,2026-06-23,Bizerte,247.57102667944477,0.0,N
1778938,1414132660,758032020,2025-09-16,Lafayette,2279.542461433827,106.65594954709866,N
957014,1400712716,758032025,2026-06-26,Bizerte,77.73858472192167,0.0,N
1577286,1401398154,758032026,2026-06-21,El Jem,349.5857421090055,0.0,T
1315758,1401515758,758032028,2026-06-06,Gabès 4,463.72151976999413,0.0,N
933276,1400673874,758032029,2026-06-05,Gabès 4,1535.852783874857,179.30565431106442,N
1559576,1414148760,758032030,2026-06-26,Sousse 3,55.6465823723993,0.0,N
1315214,1401989528,758032032,2026-06-26,Djerba 2,111.2931647447986,0.0,N
1590788,1400190788,758032035,2026-06-26,Lac II,111.2931647447986,0.0,N
1081708,1415474738,758032036,2026-06-25,Djerba 1,28.057006832163726,0.0,N
1773136,1414135494,758032041,2026-02-20,Chebba,4488.997434074257,176.2141775125978,N
1669554,1401932928,758032042,2026-06-26,Bab Benat,97.38151915169877,0.0,N
1568088,1400168088,758032043,2026-06-26,La Marsa,102.52882802114571,0.0,N
727276,1414169356,758032046,2025-08-13,Zarzis 1,1189.518347914799,0.0,T
1574930,1401756146,758032048,2026-06-25,Mahdia,25.040962067579684,0.0,N
781352,1401313328,758032049,2026-06-26,Raoued,47.44953164126503,0.0,N
1126988,1415475520,758032051,2026-06-25,Sousse Erriadh,87.77939221566143,0.0,N
1795132,1414141540,758032052,2025-10-23,Soliman,1910.877051967725,91.19856555476552,N
1353918,1401553918,758032053,2026-06-27,La Marsa,491.4542306859987,0.0,T
1674946,1414019552,758032058,2025-11-14,Chebba,3962.5807648313603,0.0,N
1495390,1401813946,758032060,2026-06-17,Sfax 4,196.2361269978669,0.0,N
1799528,1414199934,758032066,2026-06-26,Grombalia,755.5411630135716,0.0,N
938194,1401388818,758032068,2026-06-26,Ghardimaou,104.00315330633444,0.0,N
14149216,1415533312,758032069,2026-06-24,Jendouba,1370.2970909203327,0.0,N
1707538,1401997316,758032074,2026-06-25,Zarzis 1,58.428911491019264,0.0,N
1167946,1401141510,758032080,2026-06-26,Chebba,111.2931647447986,0.0,N
1287612,1401334706,758032081,2026-06-23,Testour,577.9206727053514,0.0,N
1139594,1401994952,758032088,2026-06-26,Sfax 5,1162.8407580301111,0.0,N
1807136,1414193556,758032090,2026-06-26,Gabès 1,94.59919003307881,0.0,N
1587354,1401775538,758032092,2026-06-27,Ennasr,8798.96991993075,0.0,N
1007278,1400775758,758032093,2026-06-26,Sousse 3,58.43880421677436,0.0,N
14155012,1415472934,758032094,2026-06-26,Ezzouhour,161.14508300615205,0.0,N
1176154,1401348818,758032095,2026-06-26,Ain Zaghouan,111.2931647447986,0.0,N
1318156,1414074094,758032098,2026-06-26,Djerba 2,61.15744891334591,0.0,N
1395400,1401018928,758032102,2026-06-09,Zarzis 1,556.8717346276317,0.0,N
1139350,1401735492,758032105,2026-06-24,Mahdia,111.2931647447986,0.0,N
1333546,1401329418,758032107,2026-06-26,Chebba,769.9854700590472,0.0,N
1619552,1401951772,758032109,2026-01-27,Lac II,7938.725693263673,0.0,N
1351532,1414180752,758032113,2026-06-27,Mutuelleville,77.90521532135902,0.0,N
1380968,1414187512,758032114,2026-06-15,Zarzis 1,3192.185364948836,0.0,N
1413114,1415555534,758032120,2026-06-10,El Jem,115.93037994249853,0.0,T
953300,1414156740,758032121,2026-02-11,El Menzah,3330.7128945497266,0.0,N
1577474,1401758796,758032122,2026-06-27,Medjez El Bab,75.8598942714935,0.0,N
1413154,1400013154,758032124,2026-06-17,Lac II,204.56703867437477,0.0,N
1549508,1401487340,758032125,2026-06-16,Zarzis 1,372.5752001731227,0.0,N
1729352,1415414752,758032127,2026-06-26,Djerba 2,43.008625220267724,0.0,N
1174132,1401010178,758032129,2026-06-21,Bizerte,1257.8458589668285,0.0,N
1407366,1401596786,758032140,2026-06-21,Ain Zaghouan,184.84403499551738,0.0,T
1351068,1401275546,758032144,2026-06-27,Zarzis 1,123.65907193866511,0.0,N
1332936,1401219498,758032145,2026-06-24,La Goulette,1592.1046774043962,0.0,N
1473770,1414153476,758032149,2026-06-27,La Goulette,107.3147432528519,0.0,N
1350774,1401533860,758032150,2026-06-07,Béja II,86.56135035706558,0.0,N
1575328,1401535338,758032153,2026-06-26,Bizerte,262.02615389371505,0.0,T
1366754,1414195338,758032154,2026-06-26,Ennasr,36.17027854205954,0.0,N
1616110,1401953770,758032155,2026-06-27,La Goulette,38.17881101802331,0.0,N
1734988,1414153080,758032156,2026-06-28,Sousse 3,139.11645593099826,0.0,N
1546154,1414167518,758032159,2026-05-01,Zarzis 1,145.2994095279315,0.0,N
1406600,1401997548,758032164,2026-06-12,Djerba 2,3194.0090271122517,0.0,N
1528814,1401412952,758032166,2026-06-26,Bizerte,185.5371440937336,0.0,N
1275776,1415535406,758032167,2026-06-04,Mahdia,77.28691996166569,0.0,N
1554940,1414161352,758032171,2026-06-06,La Goulette,3772.39991343865,0.0,N
14009312,1415417752,758032174,2026-02-20,Béja II,238.04371348193033,0.0,N
1710936,1414015154,758032175,2026-06-28,Soukra,111.2931647447986,0.0,N
1271974,1401213358,758032176,2026-06-10,Djerba 1,15.457383992333138,0.0,N
1319412,1414153588,758032179,2025-09-09,Sfax 2,4550.404983460599,0.0,N
1569326,1401757074,758037584,2026-06-27,Ain Zaghouan,0.0,1545.7383992333139,N
1389990,1415555574,758037585,2026-05-21,Ariana,170.03122391566453,0.0,N
1207940,1415553332,758032193,2026-06-22,Sousse 2,0.0,944.1357776609887,N
1757214,1414089536,758032194,2026-06-28,Sfax 3,111.2931647447986,0.0,N
934134,1414178160,758032195,2025-08-05,Ghardimaou,598.1661359631496,81.95875969950846,N
14141206,1415559346,758032196,2026-06-16,Grombalia,126.3177419853464,0.0,N
1331320,1401759138,758032199,2026-06-26,Jendouba,120.56759514019848,0.0,N
14155934,1415467532,758032201,2026-06-27,Zarzis 1,724.6724580332025,0.0,N
14155934,1415467532,758032201,2026-06-27,Zarzis 1,4806.497356787338,0.0,N
933594,1414180098,758032202,2025-10-05,Soukra,5819.25526323925,335.875042507806,N
1481790,1400081790,758032203,2026-06-27,La Marsa,0.0,463.72151976999413,N
1728994,1415413338,758032204,2026-06-26,Djerba 2,129.19065137416143,0.0,T
1813532,1415554692,758032207,2026-04-17,Testour,17901.17445203574,0.8353170309456828,N
1478114,1401580194,758032209,2026-06-27,Mahdia,308.19272266361645,0.0,N
1594672,1401395738,758032210,2026-06-19,Bizerte,103.60249791325316,0.0,T
1535966,1401539134,758032211,2026-06-27,Gabès 3,97.38121000401893,0.0,N
1531340,1401679580,758032214,2026-06-23,Teboulba,60.43837141002257,0.0,N
1798670,1414169694,758032217,2026-06-27,Djerba 1,250.40962067579684,0.0,N
1087354,1401521414,758032758,2026-06-28,Bizerte,134.1082635174823,0.0,N
1790708,1414155548,758032223,2026-06-17,L'Aouina,185.48860790799765,0.0,N
1567276,1401773112,758032229,2026-06-23,Nabeul 2,94.90833771292547,0.0,N
1333338,1401533338,758032231,2026-06-28,Gabès 4,123.65907193866511,0.0,N
1353514,1401549512,758032234,2026-06-28,El Jem,61.644047361424555,0.0,N
1673146,1401915958,758032239,2026-06-10,Kairouan 2,132.933502334065,0.0,N
1415818,1401320792,758032242,2026-06-20,Ariana,537.7166352366526,0.0,T
1738730,1414126934,758032244,2026-06-28,Soliman,56.720561412186605,0.0,N
1535154,1401689114,758032245,2026-04-15,Zarzis 1,2905.739944971713,0.0,N
14008914,1415416932,758032254,2025-11-20,Zarzis 1,1336.054966457477,0.0,N
1368758,1401568758,758032257,2026-06-28,Ghardimaou,111.1540482888676,0.0,N
789210,1401392928,758032258,2026-06-24,Ghardimaou,111.2931647447986,0.0,N
1336920,1401192152,758032259,2026-06-27,Ezzahrouni,50.77936130089344,0.0,N
1152014,1400796712,758032261,2026-06-20,Lac II,631.0430642718027,0.0,N
1708720,1401998678,758032263,2026-05-28,Mahdia,846.5845364330542,0.0,N
1347554,1401580660,758032272,2026-06-28,Ennasr,99.39870776269825,0.0,N
1195348,1401536950,758032274,2026-06-24,Sousse 2,434.3800043280675,0.0,N
1338952,1415413866,758032276,2026-06-21,Medjez El Bab,1260.6464277985594,0.0,N
1133354,1401369356,758032283,2026-06-28,Ariana,97.38151915169877,0.0,N
14018940,1415554940,758032287,2026-06-29,Bardo,933.1261013386095,0.0,N
1179530,1414169334,758032290,2026-06-29,Soukra,2342.0576869570596,0.0,N
1010120,1400767806,758032292,2026-06-29,Chebba,57.69468575138344,0.0,N
1215186,1414086088,758032294,2026-06-27,Béja,83.46987355859895,0.0,N
1193526,1414086780,758032296,2026-06-27,Zarzis 1,53.87176554239961,0.0,N
1707588,1414081514,758032298,2026-06-28,Soliman,72.33684731196092,0.0,N
1286976,1415533510,758032299,2026-06-28,L'Aouina,168.23785822487403,0.0,N
1807136,1414193556,758032300,2026-06-28,Gabès 1,50.08192413515937,0.0,N
1786012,1414146872,758032303,2026-06-29,El Ouerdia,141.70958666955207,0.0,N
1753172,1414095288,758032304,2026-06-28,Mahdia,64.1227934584351,0.0,N
1715554,1414195294,758032306,2026-06-28,El Jem,91.28821838192106,0.0,N
1271566,1401135932,758032308,2026-06-28,Sousse 3,2334.9812965653696,0.0,N
1792746,1414153314,758032310,2026-06-29,Ain Zaghouan,80.82635174823014,0.0,N
14121592,1415475936,758032311,2026-06-27,Gabès 4,75.8598942714935,0.0,N
1367176,1401393752,758032313,2026-06-28,Bizerte,111.2931647447986,0.0,N
14015954,1415407800,758032320,2026-06-25,Sfax 4,83.46987355859895,0.0,N
893538,1414073516,758032322,2026-06-29,L'Aouina,262.77552786966334,0.0,N
949312,1400695532,758032325,2026-06-29,Medjez El Bab,38.57853896806505,0.0,N
1709580,1401998088,758032328,2026-06-28,Soliman,73.87362042847869,0.0,N
1813872,1414195130,758032333,2025-11-15,Mahdia,4962.079945590009,319.7081645902248,N
1541746,1401697732,758032334,2026-06-28,Zarzis 1,139.11645593099826,0.0,N
1567212,1401753672,758032337,2026-02-17,Ghardimaou,4372.325099700127,16.026215723251,N
1533494,1401557496,758032340,2025-12-12,Lac II,2017.9367483847034,0.0,N
1759534,1414093132,758032343,2026-06-28,Nabeul 2,110.9175503137849,0.0,N
771990,1414129488,758032345,2026-06-29,Gabès 2,160.28967137601634,0.0,N
1753346,1414179968,758032347,2026-06-29,Testour,664.9380158901907,0.0,T
997286,1401348132,758032353,2026-02-02,El Menzah,3485.2743685658643,63.74099607382447,N
1309520,1401509520,758032363,2026-06-28,Sousse 2,111.2931647447986,0.0,N
1715532,1401986956,758032366,2026-06-24,Soliman,128.76000865613506,0.0,T
1526090,1414147558,758032367,2026-02-20,Grombalia,1414.0739481250193,28.398924166074135,N
1295520,1401393096,758032370,2026-05-28,Lac II,1508.6406776517142,0.0,N
1753972,1414194732,758032374,2026-06-29,Moknine,139.11645593099826,0.0,N
1815378,1414177314,758032376,2026-06-28,Sousse 2,0.0,463.72151976999413,N
1306992,1401367348,758032382,2026-06-26,Bizerte,55.6465823723993,0.0,N
1528160,1400128160,758032384,2026-06-21,Bizerte,345.00077286919964,0.0,N
1075214,1401541352,758032399,2026-06-29,Bizerte,91.81686091445884,0.0,N
1590072,1400739060,758032402,2026-06-23,La Goulette,0.0,5255.510557393267,N
1695720,1401975368,758032404,2026-06-30,Bizerte,222.5863294895972,0.0,N
1157606,1400815978,758032405,2026-06-30,Djerba 1,19.476612978019602,0.0,N
1759530,1414095414,758032415,2026-06-27,Grombalia,111.2931647447986,0.0,N
1529490,1401526712,758032417,2026-06-22,Bizerte,2612.792530992055,0.0,N
1693186,1414091510,758032418,2026-06-30,El Jem,66.91501530281016,0.0,N
1553610,1415555466,758032419,2026-06-29,Djerba 2,71.4223884749745,0.0,N
1381200,1414128190,758032421,2026-06-28,Sousse 2,2007.4928123164436,0.0,N
1712948,1401991532,758032428,2025-10-24,Chebba,7604.439051534919,51.53893715027669,T
1574018,1414161352,758032435,2026-06-26,Djerba 2,104.39917148421802,0.0,N
1212170,1401412170,758032441,2026-06-28,El Jem,2171.81531517606,0.0,N
1608972,1401813954,758032443,2026-06-30,Soukra,0.0,618.2953596933255,N
1781574,1415548932,758032444,2026-05-31,Djerba 1,122.3220082233283,0.0,N
1341932,1401541932,758032450,2026-06-30,Djerba 2,26.92181655176678,0.0,N
970700,1415533350,758032453,2026-06-30,Boussalem,312.25461402912174,0.0,N
1353296,1401949614,758032457,2026-06-27,Boussalem,111.2931647447986,0.0,N
1309938,1414127674,758032460,2026-06-27,Grombalia,111.2931647447986,0.0,N
1594072,1401786932,758032467,2026-06-29,Sfax 4,250.40962067579684,0.0,N
14120938,1415474866,758032469,2026-06-29,Jendouba,51.52317061860451,0.0,N
1607320,1401809214,758032472,2026-06-30,Béja II,104.00377160169414,0.0,N
1268134,1415535546,758032473,2026-06-29,La Goulette,193.83559526385756,0.0,N
890936,1401739418,758032474,2026-06-30,Gabès 3,80.82697004358982,0.0,N
1358934,1401373526,758032477,2026-06-29,Djerba 2,850.1561195783227,0.0,N
1159018,1400813818,758032481,2026-06-30,La Marsa,108.30741645283953,0.0,N
1735540,1401895280,758032485,2026-06-29,Sfax 5,48.103688131820576,0.0,N
1596754,1400196754,758032488,2026-06-30,La Marsa,55.6465823723993,0.0,N
1312730,1401512730,758032489,2026-06-30,El Jem,60.96052184128359,0.0,N
795586,1401998878,758032495,2026-07-01,Sousse 3,10.895291680835935,0.0,N
1779940,1414134774,758032496,2026-07-02,Zarzis 1,26.754876804649584,0.0,N
1468132,1400068132,758032500,2026-06-30,Lac II,111.2931647447986,0.0,N
1795788,1414154734,758032503,2026-07-03,Jendouba,25.59711874362383,0.0,N
1515198,1400931070,758032507,2026-07-02,Bizerte,97.38121000401893,0.0,N
1732772,1401893472,758032508,2026-07-01,Soliman,97.38151915169877,0.0,N
1333576,1401941592,758032510,2026-07-03,Sousse 3,143.40371595511178,0.0,N
1721750,1415469092,758032516,2026-07-02,Nabeul 2,36.17027854205954,0.0,N
1569154,1401752818,758032517,2026-07-02,Béja II,23.649797508269703,0.0,N
1472132,1401674146,758032518,2026-07-03,Zarzis 1,278.2329118619965,0.0,N
1087618,1401332912,758032521,2026-07-02,Zarzis 1,80.82697004358982,0.0,N
1340712,1401333774,758032525,2026-07-03,Chebba,57.03774693170928,0.0,N
1494890,1401792706,758032527,2026-07-02,Bizerte,56.740965159056486,0.0,N
1526794,1414187906,758032528,2026-07-03,Sousse 3,448.0480415494482,0.0,N
14146134,1415528994,758032530,2026-07-02,Gabès 2,100.22784184004699,0.0,N
1121010,1414192946,758032531,2026-07-02,Ain Zaghouan,66.77589884687916,0.0,N
1121478,1400935474,758032533,2026-06-30,La Goulette,111.2931647447986,0.0,N
1291548,1401932152,758032535,2026-07-02,Lac II,91.81686091445884,0.0,N
1728180,1401895556,758032540,2026-06-29,Mahdia,61.829535969332554,0.0,N
1808608,1414193536,758032541,2026-07-01,Chebba,70.23155161220515,0.0,N
1598198,1401795460,758032544,2026-07-02,Bizerte,54.338578538968065,0.0,N
1799818,1414171590,758032549,2026-06-22,Raoued,3763.0720004946365,0.0,N
14011552,1415541498,758032552,2025-11-29,Mahdia,4451.55439453427,9.81018332457415,N
1726714,1401880752,758032553,2026-07-02,Hammamet 2,111.2931647447986,0.0,N
1489318,1401599110,758032560,2026-07-02,Kelibia,110.62509660864995,0.0,N
1593170,1400933692,758032573,2026-07-03,Moknine,131.37632547067736,0.0,N
1514996,1401315116,758032576,2026-07-03,Jendouba,64.92132191547903,0.0,N
1611136,1414146106,758032577,2026-07-03,Ennasr,87.3651343246669,0.0,N
1577554,1400177554,758032590,2026-02-01,Mutuelleville,16709.590997619565,0.0,N
1717920,1414016740,758032592,2026-07-03,Sfax 5,38.230438680557704,0.0,N
1140754,1401975356,758032595,2026-06-30,El Jem,111.2931647447986,0.0,N
1807136,1414193556,758032598,2026-07-01,Gabès 1,0.0,536.2166506940366,N
1807136,1414193556,758032598,2026-07-01,Gabès 1,293.95925433579623,0.0,N
907712,1400733710,758032600,2026-07-01,Bizerte,173.12270071413116,0.0,N
1755812,1401860758,758032603,2026-07-01,Grombalia,278.2329118619965,0.0,N
1809816,1414187270,758032604,2026-06-30,El Jem,111.2931647447986,0.0,N
14013878,1415546094,758032606,2026-07-01,Sfax 2,97.38121000401893,0.0,N
1555752,1401479932,758032609,2026-07-02,Ain Zaghouan,38.95260766067951,0.0,N
14009276,1415417600,758032610,2026-07-02,El Jem,120.55801156212323,0.0,N
1337594,1414013508,758032611,2026-07-03,Bizerte,111.2931647447986,0.0,N
1093956,1401714974,758032612,2026-06-23,Lac II,373.4386496429345,0.0,N
1619916,1401953296,758032615,2026-07-01,Djerba 2,123.65907193866511,0.0,N
1273266,1401198112,758032616,2026-07-01,La Marsa,64.92101276779918,0.0,N
772094,1401980956,758032618,2026-07-03,Soukra,105.65863913191332,0.0,N
1589176,1414134720,758032619,2026-07-03,Gabès 1,76.51405076204904,0.0,N
1160128,1401006150,758032625,2026-04-02,Ghardimaou,17226.343401242775,854.1586545892974,N
1521350,1401739330,758032633,2026-01-17,Ghardimaou,3165.018085139271,396.36318669428385,N
934954,1401359892,758032639,2026-01-03,Djerba 2,6361.307385538072,285.36773116517764,N
1395400,1401018928,758032640,2026-06-30,Zarzis 1,231.24246452530375,0.0,N
1339332,1415415550,758032645,2026-06-22,Bizerte,694.7720035861131,0.0,N
1547552,1401713392,758032648,2026-07-01,Teboulba,202.5850928988778,0.0,N
1691866,1401967340,758032649,2026-04-24,Gabès 4,190.19692707206232,0.0,N
1691866,1401967340,758032654,2026-07-03,Gabès 4,72.45246854422358,0.0,N
1333512,1414091328,758032656,2026-06-29,Ennasr,70.3564472748632,0.0,N
747206,1414127480,758032659,2026-07-01,El Menzah,105.56156676044147,0.0,N
975952,1400712938,758032661,2026-07-02,El Menzah,55.57393266763533,0.0,N
1541576,1401476186,758032665,2026-07-03,Sousse 3,32.526663987386776,0.0,N
1536746,1400136746,758032668,2026-07-03,Bizerte,96.51899712492659,0.0,N
1314754,1401931514,758032674,2026-07-04,Ennasr,54.300553374346926,0.0,N
1472174,1401569468,758032677,2026-07-03,Sousse 3,0.0,111.2931647447986,N
1340668,1414137616,758032678,2026-07-04,Mutuelleville,73.87331128079884,0.0,N
1077206,1414177778,758032682,2026-07-04,Jendouba,747.9982687729929,0.0,N
1356676,1414091158,758032684,2026-07-04,Jendouba,52.86425325377933,0.0,N
1356172,1401329386,758032686,2026-07-04,Jendouba,104.52313970383653,0.0,N
1717996,1414016772,758032688,2026-07-02,Ariana,47.18150060283798,0.0,N
14007276,1415413534,758032689,2026-04-11,Raoued,18392.154450180853,911.9856555476551,N
1351792,1401359932,758032694,2026-07-03,Bizerte,111.2931647447986,0.0,N
1307548,1401507548,758032700,2026-07-03,Bizerte,32.12168052678765,0.0,N
1721546,1401871594,758032701,2026-06-30,Djerba 2,0.0,463.72151976999413,N
927574,1401694912,758032705,2026-07-04,Mutuelleville,111.2931647447986,0.0,N
1769358,1414115558,758032708,2025-10-17,Gabès 2,3128.7408414999845,1044.7528364299626,N
1307330,1401279334,758032714,2026-07-03,Djerba 1,89.78699724858565,0.0,N
1811280,1414189352,758032715,2026-06-06,Sousse 3,463.72151976999413,0.0,N
14150152,1415537558,758032722,2026-07-03,Bardo,387.94571366741894,0.0,N
1133348,1415536732,758032724,2026-07-03,Jendouba,74.15679970321823,0.0,N
1599574,1415552672,758032726,2026-07-04,Grombalia,0.0,463.72151976999413,N
14155214,1415473190,758032728,2026-07-01,Bizerte,0.0,463.72151976999413,N
1748794,1414075730,758032738,2026-07-02,Sfax 4,65.92728846570007,0.0,N
1806754,1414195926,758032743,2026-06-24,Bizerte,352.25677806288064,0.0,T
1733874,1414153372,758032744,2026-07-01,Kairouan 1,1055.2558197050732,0.0,N
1113538,1400921674,758032745,2026-07-03,Sfax 5,68.25053327974774,0.0,N
1814014,1415407360,758032749,2026-06-01,Béja,1075.723869292361,0.0,N
14132692,1415481092,758032752,2026-07-03,Enfidha,65.89761028843479,0.0,N
935756,1401018080,758032755,2026-07-04,Ariana,44.51726589791944,0.0,N
1553786,1415547340,758032758,2026-01-27,Kairouan 2,2564.19358827712,269.14489751754417,N
1593196,1401793412,758032765,2026-07-03,Bizerte,87.97724673076328,0.0,N
1349596,1401353930,758032767,2026-07-03,Menzel Bourguiba,89.10378087612453,0.0,N
1379794,1401795952,758032775,2026-07-03,Ghardimaou,111.2931647447986,0.0,N
1127114,1401675734,758032776,2026-07-03,Bab Benat,89.03453179583887,0.0,N
1778732,1414132114,758032782,2026-07-04,Gabès 4,76.85349491452067,0.0,N
773952,1401296952,758032789,2026-07-02,Béja,139.11645593099826,0.0,N
1327892,1401527892,758032791,2025-08-03,Raoued,3313.7054440906422,2822.518317000031,T
1746994,1401932916,758032793,2025-08-07,Raoued,3973.9583268927568,189.96197483537887,N
1278700,1401353386,758032800,2026-04-28,Chebba,3901.2659597489724,24.909574303644852,N
1617572,1401949548,758032806,2026-06-27,Beni Khalled,160.75679352026464,0.0,N
1566992,1414127470,758032809,2026-06-16,Djerba 2,1318.4542616007668,0.0,N
817096,1401355932,758032811,2026-06-21,Ezzahrouni,139.11645593099826,0.0,N
1551592,1401713518,758032815,2026-01-25,El Jem,333.7524345379788,0.0,N
1792132,1414158134,758032820,2025-08-02,Kelibia,3416.3217609051844,0.0,N
1287214,1401487214,758032821,2026-03-18,La Marsa,195.69048134293755,0.0,N
1779066,1414133114,758032824,2026-07-04,Sousse 2,128.59492379509692,0.0,N
1513378,1401751292,758032829,2026-07-03,Zarzis 1,100.16384827031874,0.0,N
1314726,1401217112,758032836,2026-07-04,Bizerte,83.46987355859895,0.0,N
1760892,1414097970,758032837,2026-06-20,Sfax 4,200.9459919003308,0.0,N
1355140,1401293910,758032838,2026-06-15,Testour,262.77552786966334,0.0,N
1095550,1414195214,758032840,2026-06-01,Bizerte,61.829535969332554,0.0,N
1373346,1401933958,758032841,2026-06-29,Jendouba,700.6046928617801,0.0,N
1511216,1401735540,758032843,2026-07-04,Gabès 4,111.2931647447986,0.0,N
1348978,1401548978,758032845,2026-07-02,Mahdia,216.40337589266395,0.0,N
1807136,1414193556,758032847,2026-06-14,Gabès 1,139.11645593099826,0.0,N
1815394,1415557366,758032852,2026-06-23,Djerba 1,60.28379757009924,0.0,N
14147472,1415529272,758032854,2026-06-25,Béja II,2689.863047577828,0.0,T
1531128,1401758180,758032859,2026-06-09,Jendouba,113.72151976999413,0.0,N
14147308,1415529670,758032861,2026-06-14,Sousse 3,147.42294494079823,0.0,N
1350732,1415553550,758032863,2026-07-04,Djerba 2,40.278232911862,0.0,N
1389736,1401541954,758032864,2026-06-21,Zarzis 1,148.08142949887161,0.0,N
1735414,1414129330,758032869,2026-06-20,Mahdia,444.4746035181006,0.0,N
14017154,1415551954,758032870,2026-06-12,Enfidha,1456.7901196401522,0.0,N
1395748,1401959952,758032873,2026-07-03,Ezzahrouni,432.6212631774199,0.0,N
1212710,1401979388,758032875,2026-06-10,Sousse 3,371.3188240022259,0.0,N
1589538,1401779348,758032880,2026-05-14,Ghardimaou,355.51952267598233,0.0,N
1075492,1400958994,758032883,2026-07-04,Béja,123.65907193866511,0.0,N
1547712,1415478810,758032887,2026-06-16,Beni Khalled,330.6059294524995,0.0,N
1476786,1401577816,758032890,2026-06-15,Kairouan 2,53.46585463876094,0.0,N
1517868,1401153126,758032894,2026-07-05,La Marsa,189.43766037035894,0.0,N
769398,1401291008,758032896,2026-07-01,Béja II,84.13794169474758,0.0,N
1572074,1400172074,758032900,2026-07-05,Mutuelleville,60.29832751105203,0.0,N
1576952,1400176952,758032905,2026-07-04,Zarzis 1,89.03422264815903,0.0,N
1132974,1400957880,758032911,2026-06-23,Gabès 4,667.1515132778928,0.0,N
1515060,1401729336,758032917,2026-06-14,Djerba 2,319.2351686400594,0.0,N
1471550,1401566134,758032918,2025-09-30,Beni Khalled,234.36485609175506,0.0,N
14007120,1415413612,758032924,2026-07-05,Testour,516.0911367360188,0.0,T
1775598,1414127012,758032927,2026-07-06,Gabès 2,99.32914953473275,0.0,N
1760994,1414113952,758032933,2026-07-05,Ariana,1320.5227687266208,0.0,N
1479094,1414018674,758032934,2026-07-04,Menzel Bourguiba,57.65016848548552,0.0,N
1617356,1401947338,758032935,2025-09-19,Sfax 4,258.80514421739264,0.0,N
1375492,1401753328,758032937,2026-06-16,Béja II,785.1578198905618,0.0,N
860134,1414181338,758032940,2026-06-04,Ghardimaou,94.13546851330881,0.0,T
1350950,1401359418,758032948,2026-07-05,El Jem,334.7760225059511,0.0,N
1534870,1401693788,758032950,2026-05-30,Menzel Bourguiba,712.8203542832412,0.0,N
1352612,1401552612,758032954,2026-06-26,Bizerte,667.4498407889449,0.0,N
1693756,1414061552,758032961,2025-10-21,Ghardimaou,326.11123133520886,0.0,N
1615594,1414097530,758032963,2025-11-06,Kairouan 1,58.61440009892726,0.0,N
1593356,1414099734,758032964,2026-07-05,Zarzis 1,111.2931647447986,0.0,N
1717486,1414013532,758032965,2025-10-24,Djerba 2,355.5198318236622,0.0,N
14153408,1415533394,758032966,2026-06-25,Lac II,1809.4107645222123,0.0,N
871130,1400614938,758032967,2025-11-11,Lac II,235.6484372584784,0.0,N
1690746,1401973148,758032968,2025-10-28,Lafayette,58.386867406560114,0.0,N
1016870,1401907612,758032972,2025-10-14,Gabès 4,77.28691996166569,0.0,N
1117534,1400929526,758032976,2026-06-07,Medjez El Bab,368.9340587998887,0.0,N
1699676,1401981936,758032977,2025-10-25,Kairouan 2,436.6760441462887,0.0,N
1719412,1414019552,758032982,2025-11-02,Hammamet 2,58.738059170865924,0.0,N
1615546,1401952694,758032985,2025-09-21,Ariana,279.4076730454138,0.0,N
1487816,1401315572,758032987,2026-07-06,Lac II,62.61662596222216,0.0,N
675372,1414134918,758032988,2026-07-04,Soukra,485.3615482115807,0.0,N
1774066,1414133468,758032997,2026-07-06,Ettadhamen,6.643274492224936,0.0,N
1373352,1414131300,758033001,2026-07-06,Bardo,80.68754443997898,0.0,N
1129194,1400818940,758033002,2025-09-24,Jendouba,200.9459919003308,0.0,N
1700918,1401993496,758033003,2026-07-06,Enfidha,186.4157417998578,0.0,N
1775966,1414115934,758033005,2026-07-05,Gabès 1,4147.488484248926,0.0,N
1755736,1401861556,758033014,2026-06-28,Mahdia,271.56923362290166,0.0,N
1267794,1401213534,758033023,2026-06-06,Medjez El Bab,435.91925062602405,0.0,N
1329788,1415407548,758033027,2026-07-06,Zarzis 1,89.03422264815903,0.0,N
1295780,1401499792,758033029,2026-06-09,Djerba 1,7037.37904597026,0.0,N
14149352,1415535152,758033031,2026-06-06,Djerba 1,58.738059170865924,0.0,N
991336,1400753594,758033034,2026-07-05,Medjez El Bab,207.29804927814018,0.0,N
1510952,1414195594,758033036,2026-07-06,Bizerte,114.26716542492349,0.0,N
1567392,1415479536,758033037,2026-07-06,Bizerte,63.993569728259196,0.0,N
1738914,1401912100,758033038,2026-06-06,Sfax 5,1073.3928957863172,0.0,N
1333378,1401327712,758033042,2026-07-05,Mahdia,55.64256345256129,0.0,N
14149348,1415534792,758033046,2026-07-06,Jendouba,2514.582805206047,0.0,N
1333378,1401335332,758033047,2026-07-06,Ariana,109.2367143784586,0.0,N
1355550,1401607738,758033050,2026-07-06,La Marsa,61.04430086252203,0.0,N
1739492,1414087286,758033053,2026-06-06,Ariana,1583.0389216928927,0.0,N
1533332,1401669332,758033057,2026-06-07,Bizerte,1214.8978266918107,0.0,N
1370160,1401391296,758033059,2026-06-14,Sfax 2,123.65907193866511,0.0,N
671898,1401953952,758033060,2026-05-22,Soukra,77.28691996166569,0.0,N
1555320,1401700158,758033063,2026-07-06,Zarzis 1,61.829535969332554,0.0,N
1741558,1401953332,758033064,2025-12-07,Mahdia,5324.843725847838,96.2447831329026,N
980938,1401111410,758033067,2026-07-04,Menzel Bourguiba,97.38182829937863,0.0,N
1206790,1401406790,758033071,2026-07-06,Chebba,60.827279191269675,0.0,N
14121320,1415475526,758033074,2026-07-04,Gabès 2,70.89343679475687,0.0,N
793408,1401759192,758033089,2026-07-07,Raoued,82.11395183479148,0.0,N
14008112,1415415554,758033092,2025-11-14,Sousse 2,3194.292515534671,221.7893467709525,N
1473556,1401555346,758033093,2026-07-07,El Jem,111.2931647447986,0.0,N
1755754,1401861516,758033095,2025-10-26,Chebba,102.05645036634,21.602621572325102,N
1495472,1401973606,758033100,2026-07-06,Ghardimaou,186.848857699323,0.0,N
1355512,1401372758,758033101,2026-06-15,Zarzis 1,58.738059170865924,0.0,N
1793574,1414159314,758033104,2026-02-16,Soliman,3024.6910068939933,51.32840758030111,N
1737578,1401899206,758033107,2026-06-07,Ezzahrouni,35.10371904658856,0.0,N
1749938,1414077610,758033108,2026-07-07,Sahloul,2874.5475623705447,0.0,N
1777552,1414131548,758033109,2026-06-13,L'Aouina,31.17105141125916,0.0,N
1692078,1401967758,758033110,2026-06-16,Djerba 2,157.6538782576437,0.0,T
1351012,1401551012,758033112,2026-06-13,Lac II,182.92330046063006,0.0,N
1155368,1401755146,758033114,2026-06-11,Djerba 2,61.829535969332554,0.0,N
1499350,1401972980,758033115,2026-06-30,Gabès 3,145.2994095279315,0.0,N
1340748,1401493778,758033116,2026-06-15,Sousse 3,1933.1771107057843,0.0,N
934670,1415415952,758033118,2026-06-12,Menzel Bourguiba,1238.3071073051597,0.0,N
1734866,1415553552,758033119,2026-06-14,Mutuelleville,106.99601199492999,0.0,N
1011970,1400959894,758033121,2026-06-15,Soukra,139.76566605867623,0.0,N
1777476,1414130114,758033125,2026-07-05,El Jem,43.58240331406313,0.0,N
1521128,1414073212,758033127,2026-07-07,Medjez El Bab,84.1373233993879,0.0,N
971386,1400721872,758033128,2026-05-01,Ain Zaghouan,78.04000370977217,0.0,N
1397512,1401555346,758033130,2026-06-10,Ghardimaou,87.33421955668223,0.0,N
1691614,1401966974,758033136,2026-06-03,Nabeul 2,389.8114199152936,0.0,N
1807530,1414195120,758033137,2025-09-30,Gabès 1,121.15528487958699,0.0,N
1813672,1414194696,758033138,2026-03-24,Sfax 2,869.3501715769623,0.0,T
1312758,1415532752,758033139,2026-07-07,La Goulette,144.57538566173062,0.0,N
921316,1401768734,758033146,2026-07-07,Soukra,105.65863913191332,0.0,N
1729334,1414193714,758033152,2026-07-06,El Jem,25.040962067579684,0.0,N
1075492,1400958994,758033153,2026-07-02,Béja,123.65907193866511,0.0,N
1781098,1414137274,758033154,2026-06-12,Lac II,155.03756144310137,0.0,N
1720088,1414140936,758033156,2026-06-11,Testour,601.6013849816057,0.0,N
1732678,1401877154,758033160,2025-12-25,Zarzis 1,2717.1722261724426,198.09039478158718,N
1517378,1414097132,758033162,2026-07-07,Béja,97.38151915169877,0.0,N
1791596,1414154952,758033163,2026-04-10,Ezzouhour,992.6731999876341,0.0,N
1573276,1401751206,758033167,2026-06-20,Jemmal,774.6600921260086,0.0,N
1769578,1414112732,758033168,2026-07-07,Ettadhamen,114.38464154326522,0.0,N
1286866,1401201672,758033169,2026-07-06,Mutuelleville,136.1195783225647,0.0,N
1292186,1401355936,758033170,2025-10-21,Testour,1079.7251677126164,115.13061489473522,N
1749492,1414076960,758033182,2026-06-19,Zarzis 1,950.4831978236003,0.0,N
1075328,1401549208,758033183,2026-06-22,Djerba 2,55.6465823723993,0.0,N
14016870,1415551536,758033190,2026-06-14,Teboulba,216.40337589266395,0.0,N
921754,1401372198,758033193,2026-06-30,Bizerte,1277.6495501901259,0.0,N
1019814,1401355312,758033195,2025-09-07,Gabès 1,123.65907193866511,0.0,N
933348,1400675552,758033202,2026-07-05,Djerba 1,84.1373233993879,0.0,N
1559534,1414075538,758033203,2026-04-11,Zarzis 1,107.73178347296505,0.0,N
14155980,1415532994,758033204,2026-07-06,Sfax 1,44.68358734967694,0.0,N
1735756,1414173260,758033205,2025-12-11,Gabès 1,154.57383992333138,0.0,N
1375410,1414134810,758033206,2026-06-10,Djerba 2,200.66621325006957,0.0,N
1486748,1414075548,758033210,2026-07-01,Sfax 4,519.2336229016602,0.0,N
1486748,1414075548,758033210,2026-07-01,Sfax 4,292.51306148947356,0.0,N
14009548,1415415972,758033212,2026-06-26,Sfax 4,391.832627446131,0.0,N
1553574,1414079138,758033213,2026-07-06,Sfax 4,63.1449593470801,0.0,N
1557530,1401500968,758033215,2026-06-24,Gabès 2,92.74430395399882,0.0,N
1809372,1414193494,758033216,2026-06-28,Hammamet 2,340.06244783132905,0.0,N
1553588,1400153588,758033758,2026-06-28,Djerba 2,581.0065848455807,0.0,N
1531596,1401733732,758033221,2026-06-21,Sfax 2,708.7754660401274,0.0,T
1591172,1414130754,758033226,2026-06-19,Gabès 1,337.76238909326986,0.0,N
1759210,1401873730,758033227,2026-07-06,Zarzis 1,123.65907193866511,0.0,N
1594130,1401766612,758033230,2026-06-24,Ariana,136.02497913253163,0.0,T
1379380,1401579380,758033233,2026-07-07,Mahdia,111.2931647447986,0.0,N
1813874,1414195530,758033234,2026-07-05,Medjez El Bab,40.46743129192816,0.0,N
1773112,1415418732,758033235,2026-07-07,Raoued,24.73181438773302,0.0,N
1333750,1401533750,758033236,2026-06-28,La Goulette,61.829535969332554,0.0,N
1716688,1414015546,758033238,2025-11-03,Mutuelleville,118.08761245246855,2730.7082573345288,N
1558194,1400158194,758033241,2026-07-07,Bizerte,35.95171113240795,0.0,N
1575314,1401733736,758033242,2026-07-07,Kairouan 1,90.09676322379201,0.0,N
14017072,1415551934,758033246,2026-07-06,Ghardimaou,65.92697931802022,0.0,N
1372954,1415546774,758033248,2026-07-08,El Kram,64.55003555198319,0.0,N
950152,1415554780,758033251,2026-07-07,Djerba 1,55.48706216959842,0.0,N
1555958,1401915914,758033255,2026-07-06,Sousse 1,105.72850650755866,0.0,N
14153168,1415527334,758033259,2026-07-07,Zarzis 1,184.20286270751538,0.0,N
926980,1401470708,758033260,2026-07-07,Korba,28.246205212229885,0.0,N
1353328,1415555566,758033262,2026-07-05,Djerba 2,95.46202120753084,0.0,N
14153274,1415533894,758033264,2026-07-07,Gabès 2,84.1373233993879,0.0,N
1534174,1401692614,758033270,2026-07-07,Jemmal,55.6465823723993,0.0,N
14155898,1415532798,758033273,2026-07-06,Grombalia,97.38151915169877,0.0,N
1730974,1414135350,758033274,2026-07-07,Grombalia,149.98608835440692,0.0,N
1673314,1401933214,758033276,2026-07-09,Lac II,166.9397471171979,0.0,N
1688150,1415472748,758033278,2026-07-08,Djerba 1,54.255417813089316,0.0,N
1554766,1400154766,758033279,2026-06-17,Bizerte,184.03592296039818,0.0,N
1379272,1401892880,758033284,2026-07-08,Moknine,501.17939839861504,0.0,N
1136674,1401761528,758033285,2026-06-19,Sfax 5,195.89451881163632,0.0,N
1401328,1414075478,758033294,2026-06-21,Sousse 3,3199.1606640492164,0.0,N
1807136,1414193556,758033295,2026-05-07,Gabès 1,1153.0590162920828,0.0,N
1414126,1401535136,758033296,2026-07-10,Chebba,100.16384827031874,0.0,N
1554932,1400935194,758033299,2026-05-16,Zarzis 1,189.66210158592762,0.0,N
14141474,1415557596,758033301,2026-06-30,Zarzis 1,369.8237858224874,0.0,N
1746758,1401933354,758033302,2026-07-09,Béja,174.42112096948713,0.0,N
957318,1400713074,758033303,2026-01-12,Menzel Bourguiba,219.78050514730887,0.0,N
1497952,1401740980,758033307,2026-06-17,Sousse 2,85.22490493708845,0.0,N
1590732,1401781400,758033309,2026-06-25,Jemmal,4317.247349058645,0.0,N
1341328,1414100920,758033310,2026-07-09,Sousse 3,36.17027854205954,0.0,N
1511548,1401720756,758033311,2026-06-07,La Marsa,60.86252202677219,0.0,N
1712932,1401991492,758033312,2026-07-09,Boussalem,84.1373233993879,0.0,N
14010094,1415419114,758033319,2026-07-10,Boussalem,111.2931647447986,0.0,N
14151358,1415539212,758033322,2026-06-25,Testour,524.4239032986058,0.0,N
1799954,1414171612,758033323,2026-07-09,Gabès 2,117.24703991096547,0.0,N
1815952,1414179074,758033328,2026-06-24,Béja II,445.10742881874677,0.0,N
14152992,1415461556,758033330,2026-05-22,Soliman,1746.050638389959,0.0,N
1515208,1401715510,758033331,2026-06-19,Djerba 2,61.829535969332554,0.0,N
1557394,1415535552,758033333,2026-06-26,Sfax 2,222.48585649364702,0.0,T
1533812,1415413138,758033339,2026-07-08,Sfax 5,131.01987819581416,0.0,N
14134178,1415476948,758033341,2026-06-14,Sfax 4,180.85139271029772,0.0,N
1786132,1415414732,758033343,2026-07-09,Enfidha,278.2329118619965,0.0,N
1489318,1401711532,758033345,2026-07-09,Kelibia,111.43506352984822,0.0,N
1216130,1414177534,758033349,2026-06-30,Béja,1846.151420533589,0.0,N
1014730,1414159954,758033350,2026-06-09,Zarzis 1,169.00979998145115,0.0,N
1531560,1400131560,758033356,2026-07-06,La Marsa,90.09707237147185,0.0,N
1677334,1401939394,758033358,2026-07-09,Sfax 2,104.00315330633444,0.0,N
955336,1401937752,758033360,2026-06-29,Sousse 2,161.00411166414196,0.0,T
1415296,1415541572,758033361,2026-07-07,Gabès 2,456.6074133613628,0.0,N
1807136,1414193556,758033363,2026-05-31,Gabès 1,223.30664358363993,0.0,N
1356798,1401613736,758033367,2026-07-09,Sfax 1,226.5091043991715,0.0,N
1197276,1415531746,758033368,2026-06-21,Ariana,161.99338423965128,0.0,N
1813466,1414181666,758033371,2026-07-06,Mahdia,109.79750826970044,0.0,N
1775330,1414132976,758033378,2026-07-09,Sfax 5,4015.9186323306644,0.0,N
1735578,1401875168,758033379,2026-07-10,Sousse 3,105.72850650755866,0.0,N
939358,1400993280,758033382,2026-07-09,Gabès 4,711.0396636473243,0.0,N
1477356,1401679280,758033388,2026-07-09,Raoued,111.2931647447986,0.0,N
1337272,1401619012,758033392,2026-07-10,Djerba 1,503.4692552632393,0.0,N
1199294,1401077510,758033393,2025-09-26,Soukra,2039.501963087767,160.08377902123846,N
1787334,1414149274,758033394,2026-07-10,Mutuelleville,66.9205799610474,0.0,N
1111540,1400919526,758033395,2026-07-09,Ariana,32.73348378520419,0.0,N
1739298,1414136914,758033396,2026-07-08,Sfax 2,83.46987355859895,0.0,N
769490,1414153546,758033397,2026-06-24,L'Aouina,105.83763563854454,0.0,N
1586706,1401775370,758033399,2026-07-05,Lac II,102.7334837852042,0.0,N
1559758,1401728616,758033401,2025-12-13,Sfax 2,1513.2788202924537,0.0,N
1713686,1414009334,758033404,2026-06-14,Djerba 1,123.65907193866511,0.0,N
1350146,1401550146,758033405,2026-07-10,Mutuelleville,88.1104893807772,0.0,N
1315870,1401521368,758033408,2026-07-09,Gabès 4,107.95436980245464,0.0,N
1487174,1414195536,758033409,2026-03-09,Teboulba,386.43459980832847,0.0,N
1487174,1414195536,758033411,2026-07-04,Teboulba,55.6465823723993,0.0,N
1386932,1401417534,758033412,2026-03-11,Sfax 2,185.48860790799765,0.0,T
1595068,1415533956,758033415,2026-07-08,Lafayette,433.15485207283524,0.0,N
1672970,1401933294,758033417,2026-07-09,Gabès 2,3402.488638822766,0.0,N
1559752,1401728606,758033427,2026-07-10,Gabès 2,69.59130676724271,0.0,N
1753732,1401936736,758033430,2026-07-10,Béja II,83.46987355859895,0.0,N
1567728,1401695346,758033432,2025-10-03,Soukra,5819.671685164003,0.0,N
1393676,1401593676,758033435,2026-07-07,Béja,1122.7761461650232,0.0,N
1315872,1401534156,758033436,2026-07-10,Gabès 4,696.729835842582,0.0,N
1095940,1401941214,758033442,2026-07-10,Ghardimaou,110.62540575632981,0.0,N
14013272,1415555418,758033444,2026-07-04,Chebba,0.0,463.72151976999413,N
1706988,1401995520,758033446,2025-09-17,Bizerte,1470.4083840850776,74.19544316319906,N
1319554,1401301192,758033448,2026-07-10,Testour,67.73982131264106,0.0,N
1519616,1401880748,758033451,2026-06-27,Gabès 4,219.49485269113057,0.0,N
1513330,1415407520,758033453,2026-07-06,Gabès 3,527.9005781061613,0.0,N
1755352,1415475352,758033455,2026-07-08,Zarzis 1,63.993569728259196,0.0,N
1327954,1415479496,758033457,2026-07-05,Jendouba,1787.8319473212355,0.0,N
1513086,1401675756,758033466,2026-06-05,Sfax 3,92.83704825795283,0.0,N
1767386,1414110756,758033467,2026-06-29,Moknine,1003.3035521068415,0.0,N
1393358,1401593358,758033470,2026-07-09,La Goulette,111.2931647447986,0.0,N
1678976,1401953534,758033474,2026-07-01,Medjez El Bab,201.73710081305842,0.0,N
1792158,1414155556,758033476,2026-06-25,Djerba 2,10205.270040498346,0.0,N
1295390,1414135552,758033477,2026-07-03,Sousse 2,309.14767984666275,0.0,N
1307932,1414155292,758033481,2026-06-22,La Marsa,58.738059170865924,0.0,N
1727492,1415418736,758033485,2026-07-03,Ain Zaghouan,302.0088416236436,0.0,T
1479326,1400815414,758033490,2026-07-05,El Jem,624.1691656104122,0.0,N
1576152,1401757536,758033495,2026-07-02,Sousse 2,262.77552786966334,0.0,T
1293278,1401493278,758033496,2026-06-24,Bizerte,494.63628775466043,0.0,N
1335546,1401308740,758033499,2026-06-19,Sfax 2,108.20168794633197,0.0,N
907206,1414091320,758033501,2026-07-10,Medjez El Bab,87.44891334590534,0.0,N
1347592,1401547592,758033507,2026-07-11,Béja,123.65907193866511,0.0,N
1373336,1401573336,758033517,2026-07-09,Bizerte,153.08374810647047,0.0,N
1115540,1400914874,758033518,2026-07-10,Sousse 2,111.2931647447986,0.0,N
1357592,1401557592,758033522,2026-04-20,Zarzis 1,287.9095433888769,0.0,T
1721354,1414094088,758033524,2026-07-11,Ghardimaou,91.81686091445884,0.0,N
1355326,1401555326,758033525,2026-07-10,Zarzis 1,48.0502055832071,0.0,N
1771572,1414116736,758033526,2026-07-10,Djerba 1,634.7695304046744,0.0,N
14011938,1415555348,758033530,2026-07-11,Mutuelleville,55.6465823723993,0.0,N
1792740,1414153538,758033532,2026-07-10,Béja,105.72850650755866,0.0,N
1159334,1401012768,758033535,2026-07-11,Mutuelleville,111.2931647447986,0.0,N
1731300,1401887892,758033537,2026-07-10,Zarzis 1,111.2931647447986,0.0,N
1336130,1401587130,758033542,2026-07-11,Gabès 1,100.69279995053638,0.0,N
1335350,1401157672,758033546,2026-07-07,Bizerte,97.38151915169877,0.0,N
1075538,1401293794,758033551,2026-07-11,Béja II,94.59919003307881,0.0,N
1593920,1400193920,758033552,2026-06-21,Djerba 1,562.1541410331715,0.0,N
14017108,1415551900,758033554,2026-07-11,Monastir 1,886.284354035923,0.0,N
1274152,1401193888,758033555,2026-03-24,Testour,168.54669675704085,0.0,N
1201348,1401954106,758033559,2026-06-21,Mahdia,1128.389031440319,0.0,N
1795734,1414173572,758033564,2025-12-14,Gabès 2,1644.7556187590812,154.57383992333138,N
1807136,1414193556,758033566,2026-07-10,Gabès 1,66.21943302315516,0.0,N
1354118,1414115934,758033567,2025-10-31,Kairouan 1,21259.844189569358,8634.736451602932,N
1279358,1401552074,758033571,2026-07-11,Medjez El Bab,216.32268834822395,0.0,N
1769926,1414115940,758033574,2026-07-03,Medjez El Bab,0.0,463.72151976999413,T
1330956,1401530956,758033575,2026-06-21,Zarzis 1,254.08445914613412,0.0,N
1341008,1401716140,758033580,2026-07-10,Zarzis 1,154.57383992333138,0.0,N
1569206,1414199294,758033582,2026-03-14,Kairouan 1,2708.0100163848274,0.0,N
1479552,1401921346,758033583,2026-07-10,Mutuelleville,222.5863294895972,0.0,N
1493394,1401593340,758033586,2026-07-05,Monastir 2,1486.590719386651,0.0,N
741298,1401301550,758033588,2025-12-02,Djerba 2,3580.690635916778,0.0,N
1677812,1401941926,758033591,2026-04-14,Ghardimaou,3246.298265681516,5564.65823723993,N
1330994,1401955278,758033600,2026-07-11,Sousse 2,166.9397471171979,0.0,N
1212788,1401115554,758033604,2026-07-01,Moknine,75.47902432992241,0.0,N
1735194,1415469718,758033606,2026-07-01,Lafayette,526.6423470491854,0.0,N
1661872,1401909732,758033607,2026-07-11,El Jem,111.2931647447986,0.0,N
1769192,1414115488,758033609,2025-10-23,Mutuelleville,2315.0638389958885,0.0,N
1153154,1415535540,758033617,2026-06-10,Gabès 1,72.34055708411908,0.0,N
14141740,1415521412,758033622,2026-07-11,Djerba 2,129.0166012304078,0.0,N
1693934,1401956738,758033625,2026-07-07,Sousse 2,35.5300336970971,0.0,N
14008672,1415417352,758033626,2026-07-09,Teboulba,111.2931647447986,0.0,N
1297492,1400938696,758033630,2026-07-03,La Goulette,58.738059170865924,0.0,N
1127932,1400948976,758033634,2026-07-11,Ain Zaghouan,55.6465823723993,0.0,N
1557596,1415401994,758033636,2026-07-10,Mahdia,111.2931647447986,0.0,N
14013534,1415408750,758033637,2026-07-03,Raoued,663.8195195845055,0.0,N
1119412,1401938708,758033642,2026-07-10,Ennasr,111.2931647447986,0.0,N
1069794,1401280778,758033643,2026-07-08,Bizerte,876.2113951834792,0.0,N
14009740,1415419480,758033645,2026-07-07,Djerba 1,2349.522366834637,0.0,N
1153460,1414132150,758033651,2026-07-10,Mutuelleville,100.16384827031874,0.0,N
1413572,1400013572,758033652,2026-07-12,Jendouba,139.11645593099826,0.0,N
1121576,1400809114,758033661,2026-07-11,Mutuelleville,72.54892262033574,0.0,N
1359774,1415529726,758033663,2026-07-10,Bizerte,866.6800630661268,0.0,N
1359298,1415417532,758033665,2026-07-01,Raoued,125.87133273564783,0.0,N
1535126,1401514958,758033668,2026-07-10,Ennasr,85.01561195783226,0.0,N
1677334,1401988148,758033671,2026-07-09,Chebba,80.68754443997898,0.0,N
1733538,1414157920,758033672,2026-07-11,Sousse Erriadh,160.58212508115128,0.0,N
1171160,1401969094,758033673,2026-07-12,Gabès 4,54.86753021918571,0.0,N
1395374,1401999350,758033677,2026-07-09,Zarzis 1,11311.246174297463,272.1052956997558,N
1559340,1400159340,758033678,2026-07-10,La Goulette,51.37787120907658,0.0,N
1331334,1401576120,758033679,2026-07-11,Lac II,37.09772158159953,0.0,N
1279776,1401575410,758033693,2026-06-06,Bizerte,83.12115497573191,0.0,N
1506130,1401735354,758033697,2026-07-09,Chebba,111.2931647447986,0.0,N
1311076,1415541098,758033699,2026-07-11,El Jem,84.1373233993879,0.0,N
1539516,1401555694,758033702,2026-07-11,Zarzis 1,25.040962067579684,0.0,N
1555086,1401721546,758033708,2026-07-11,Jendouba,104.00315330633444,0.0,N
1515486,1415532976,758033711,2026-07-11,Bizerte,104.00377160169414,0.0,N
1499292,1401619554,758033712,2026-07-03,Jendouba,442.6425943673293,0.0,N
1073352,1400921286,758033719,2026-06-29,Ariana,626.8095959439825,0.0,N
1127614,1400816790,758033721,2026-04-18,Ghardimaou,274.76922125699446,0.0,N
1574134,1415413314,758033722,2026-07-12,Bizerte,209.58265063220702,0.0,N
14151706,1415539154,758033725,2026-06-09,Hammamet 2,77.58061025752002,0.0,N
1013158,1400775520,758033726,2026-07-10,Medjez El Bab,100.16384827031874,0.0,N
1071546,1401348758,758033728,2026-06-15,Jendouba,1302.8311744520358,0.0,N
1170948,1414113534,758033732,2026-07-10,Zarzis 1,91.81686091445884,0.0,N
1272690,1401199268,758033735,2026-07-12,Béja,28.101524098061645,0.0,N
14012154,1415555372,758033738,2026-07-12,Monastir 1,41.734936779299474,0.0,N
1375660,1401575660,758033739,2026-07-10,Testour,123.65907193866511,0.0,N
1815994,1414179128,758033743,2026-07-06,Zarzis 1,89.03453179583887,0.0,N
1547540,1415558174,758033747,2026-06-28,Ghardimaou,662.0889108727239,0.0,N
1536952,1400136952,758033749,2026-07-09,Bizerte,896.528271555322,0.0,N
731494,1401955514,758033757,2026-06-30,Soliman,1872.8392122917119,0.0,N
1393156,1401475392,758033758,2026-02-07,Djerba 1,6749.055862985749,231.86075988499707,N
819590,1401346752,758033760,2026-07-13,Gabès 4,91.42146103193497,0.0,N
1577606,1400177606,758033761,2026-07-13,Ariana,58.427056604940184,0.0,N
1489870,1415401952,758033765,2026-07-11,Mahdia,414.90741026988593,0.0,N
1679198,1401952732,758033768,2026-02-19,Grombalia,1725.2904442452161,0.0,N
773286,1414155406,758033773,2026-07-09,Gabès 4,58.70714440288126,0.0,N
1369194,1401569194,758033775,2026-07-13,Béja II,74.20502674127431,0.0,N
1535712,1414095528,758033779,2025-09-22,Lac II,3435.568677157078,10.103564472748632,N
1201378,1400915152,758033780,2026-07-12,Bizerte,111.2931647447986,0.0,N
769594,1401290794,758033785,2026-02-14,Ghardimaou,2526.8037221380655,0.0,N
1558938,1401530138,758033786,2026-07-13,Bizerte,139.11645593099826,0.0,N
1555358,1400155358,758033790,2026-07-10,Gabès 3,111.2931647447986,0.0,N
1510928,1401721572,758033791,2026-07-13,Chebba,99.03700497727765,0.0,N
1075394,1414155588,758033792,2026-07-11,Bizerte,38.95260766067951,0.0,N
1335332,1401473270,758033793,2026-07-12,Ezzahrouni,180.37128636349584,0.0,N
1134872,1415493400,758033795,2026-07-12,Hammamet 2,166.91223297369154,0.0,N
1471536,1414133326,758033797,2026-07-12,Ain Zaghouan,79.83336940056266,0.0,N
1381500,1401581500,758033799,2026-07-12,Chebba,70.23155161220515,0.0,N
1681956,1401949794,758033800,2026-07-11,Korba,111.2931647447986,0.0,N
1168932,1401275354,758033805,2026-07-13,Lac II,200.9459919003308,0.0,N
1353354,1400955412,758033809,2026-07-06,Ariana,167.38801125297556,0.0,T
1747496,1401935778,758033810,2026-07-12,Djerba 1,82.48214672148886,0.0,N
1486912,1414155558,758033812,2026-05-16,Sfax 4,216.40337589266395,0.0,N
1355580,1415475386,758033814,2026-06-24,Sousse 3,776.7344730577797,0.0,N
1093690,1415555372,758033815,2026-07-12,Soukra,63.940396327325566,0.0,N
1553320,1401715714,758033816,2026-07-12,Moknine,111.2931647447986,0.0,N
1557526,1401735356,758033824,2025-09-20,Zarzis 1,5561.684854855164,96.33134448325966,N
1794188,1414139552,758033828,2026-05-23,Ennasr,469.2552632392494,0.0,T
1757170,1414195158,758033832,2025-11-05,Sousse 3,1275.9532568708073,0.0,N
1733216,1415469534,758033835,2026-07-12,Gabès 3,132.933502334065,0.0,N
1115952,1401355098,758033837,2026-07-13,Soukra,60.29832751105203,0.0,N
1355554,1414174956,758033840,2026-07-12,Ennasr,111.2931647447986,0.0,N
1781088,1414137320,758033841,2026-07-08,Ain Zaghouan,941.177543512536,0.0,N
1011558,1400768092,758033845,2026-07-13,Zarzis 1,132.477818653971,0.0,N
1375470,1401379728,758033853,2026-07-10,Ariana,100.16415741799858,0.0,N
1551328,1401492150,758033855,2026-07-13,Lac II,87.59081213095496,0.0,N
1553212,1400153212,758033857,2026-06-22,La Goulette,49.27814016755804,0.0,N
1088126,1400879326,758033859,2026-07-07,Sousse 3,435.7247967354005,0.0,N
1113412,1401615486,758033860,2026-06-16,El Jem,878.0721550684763,0.0,T
1355720,1401814992,758033861,2026-06-15,Mahdia,296.3551488546079,0.0,N
1753354,1414098128,758033864,2026-07-12,Bab Benat,69.55822796549913,0.0,N
1372930,1401907336,758033865,2026-05-27,Djerba 1,221.04059109036388,0.0,N
1347334,1414154070,758033868,2026-07-09,Djerba 2,254.6131016786719,0.0,N
1492972,1401981568,758033870,2026-07-07,Soukra,748.6165641326862,0.0,N
1759338,1414095070,758033873,2026-07-11,Bizerte,51.009367174699356,0.0,N
1300754,1401472614,758033875,2026-07-08,Mutuelleville,93.60991745756948,0.0,N
886754,1414127314,758033880,2026-07-10,El Menzah,215.6240145917705,0.0,N
1675934,1401938178,758033882,2026-07-13,Sfax 4,54.338887686647915,0.0,N
14127540,1415493952,758033885,2026-07-13,Chebba,104.05910903638669,0.0,N
1173354,1401015566,758033897,2026-07-10,Zarzis 1,0.0,748.4388042167744,T
767948,1401675080,758033909,2026-07-14,Sousse 3,2404.2526354839706,0.0,N
1754092,1414075540,758033912,2026-06-30,Djerba 1,288.1256376170897,0.0,N
1519466,1401794874,758033922,2026-07-14,El Jem,86.25220267721892,0.0,N
1333540,1401327110,758033925,2026-07-13,Ennasr,97.35245926979319,0.0,N
773494,1401299900,758033927,2026-01-09,Lac II,7177.294339505983,3134.7574736451606,N
1356894,1401556894,758033931,2026-07-03,Bizerte,254.36949330695273,0.0,N
1313472,1414161348,758033934,2026-07-14,La Marsa,117.72343648560918,0.0,N
1366072,1401566072,758033935,2026-07-14,El Menzah,211.86539710019477,0.0,N
1295354,1401377016,758033936,2026-06-21,Ariana,358.3312208241877,0.0,N
1589992,1400189992,758033938,2026-03-02,Bizerte,478.96651930627263,0.0,N
1515492,1401995932,758033939,2025-09-23,Djerba 2,171.64188332766562,0.0,N
1354736,1401373318,758033941,2025-10-22,Sfax 2,626.6420379015055,0.0,N
1735880,1401875732,758033944,2026-07-14,Zarzis 1,30.605620304819613,0.0,N
1555988,1401914908,758033945,2026-07-03,Zarzis 1,296.1634772931029,0.0,N
14012716,1415409310,758033946,2025-10-17,Bizerte,139.26886573716266,0.0,N
798786,1401335546,758033950,2026-06-26,La Marsa,61.829535969332554,0.0,T
956088,1401955666,758033954,2025-11-11,Lac II,638.5488607907998,0.0,N
1308180,1401281334,758033955,2026-06-28,Djerba 2,249.46362877546605,0.0,N
1795266,1414175734,758033959,2025-08-22,Mutuelleville,324.1413423192259,0.0,N
1717540,1414013320,758033967,2025-10-21,Sfax 4,80.6155130305747,0.0,N
1091068,1414112952,758033969,2026-07-04,Boussalem,523.4828577611526,0.0,N
913756,1414155292,758033975,2025-12-03,Hammamet 2,214.75345472532229,0.0,N
14154960,1415534936,758033976,2026-07-10,Ain Zaghouan,242.80458775156893,0.0,N
1160150,1401281874,758033981,2026-07-14,Boussalem,105.72850650755866,0.0,N
1717016,1414014946,758033982,2026-07-12,Gabès 1,86.08526293010172,0.0,N
1347580,1401799732,758033985,2026-07-15,La Goulette,30.563576220360467,0.0,N
1188176,1401138870,758033992,2026-07-13,Ain Zaghouan,111.2931647447986,0.0,N
1806814,1414195932,758034006,2026-07-13,Enfidha,104.00346245401428,0.0,N
1307516,1401746956,758034008,2026-07-14,Sousse 2,100.00216403375893,0.0,N
1574096,1400174096,758034011,2026-07-08,Bizerte,2782.329118619965,0.0,T
1078140,1415473340,758034012,2026-07-17,Chebba,38.17912016570316,0.0,N
917806,1400737528,758034015,2026-07-16,Zarzis 1,63.1449593470801,0.0,N
894138,1414152012,758034016,2026-07-04,Bizerte,129.84202553559837,0.0,N
1132072,1400954926,758034017,2026-07-15,La Goulette,58.73775002318608,0.0,N
1339474,1415470754,758034019,2026-07-10,La Marsa,111.2931647447986,0.0,N
799554,1401321670,758034021,2026-07-15,Testour,75.12288620273905,0.0,N
14012080,1415409534,758034023,2026-05-05,Djerba 2,650.1066559495472,0.0,N
788956,1401361532,758034027,2026-06-19,El Jem,55.6465823723993,0.0,N
955614,1401129330,758034028,2026-07-10,Sousse 3,56.44232850032461,0.0,N
1727132,1414154966,758034032,2026-06-25,Sfax 3,108.20168794633197,0.0,N
1721274,1401869398,758034034,2026-07-17,El Menzah,86.25220267721892,0.0,N
1099408,1414129540,758034040,2026-07-16,Lafayette,111.2931647447986,0.0,N
1193540,1401067726,758034041,2026-07-16,Ariana,56.12266979936316,0.0,N
1127690,1401688954,758034042,2026-06-23,El Jem,259.97774136705107,0.0,N
672932,1414096748,758034043,2026-07-14,L'Aouina,58.738059170865924,0.0,N
1552814,1401714760,758034045,2026-07-17,El Jem,28.289485887408418,0.0,N
1749356,1401927758,758034047,2026-07-04,Djerba 2,363.5035706557023,0.0,N
1330110,1401530110,758034050,2026-07-16,Zarzis 1,66.77589884687916,0.0,N
949532,1401014956,758034052,2026-06-22,Kairouan 2,625.6595665749529,0.0,T
1753932,1401937214,758034055,2026-07-16,Zarzis 1,219.49485269113057,0.0,N
1155754,1400801486,758034058,2026-07-16,Soukra,89.10378087612453,0.0,N
1215518,1401415518,758034062,2026-07-13,La Goulette,293.69029585432963,0.0,N
14155726,1415473952,758034069,2026-07-13,Jendouba,108.20168794633197,0.0,N
1267394,1401215558,758034074,2026-07-15,Sousse 3,103.81704640306675,0.0,N
1346154,1415475380,758034076,2026-07-16,Gabès 1,102.94617738893871,0.0,N
1541670,1400141670,758034077,2025-10-13,La Marsa,827.2424026957679,38.37110087488794,N
1357758,1400879534,758034080,2026-07-09,El Jem,433.3091167650787,0.0,N
14152170,1415539956,758034081,2026-07-17,Gabès 2,55.63854453272329,0.0,N
1499876,1401740818,758034082,2026-07-17,Sousse 2,85.13896188209108,0.0,N
1569480,1400169480,758034083,2026-07-08,Jendouba,146.312486474789,0.0,N
1552752,1401360954,758034091,2026-07-16,Djerba 2,75.12288620273905,0.0,N
900732,1401135740,758034092,2026-06-16,Lac II,245.8976102884348,0.0,N
1593586,1401786132,758034094,2025-09-26,Bizerte,0.0,2262.9610164775713,N
1279554,1414161374,758034097,2026-07-17,Gabès 3,120.45877515689246,0.0,N
969894,1400720114,758034098,2026-06-23,Mahdia,200.87859770612422,0.0,T
1219268,1401419268,758034100,2026-07-12,Djerba 1,678.5884316938202,0.0,N
1552876,1401481940,758034101,2026-07-17,Gabès 2,111.2931647447986,0.0,N
1534714,1401513954,758034103,2026-07-14,La Marsa,228.76928308653044,0.0,N
1315128,1400759538,758034107,2026-07-17,La Goulette,102.01873434939871,0.0,N
1366814,1401393200,758034110,2026-07-16,El Menzah,63.44266856277244,0.0,N
1674896,1414155532,758034111,2026-01-15,Ghardimaou,4989.757009923641,244.22666707886358,N
1518010,1401933896,758034117,2026-07-13,Bizerte,509.76813924011503,0.0,T
953094,1401939394,758034125,2026-07-15,Ennasr,111.2931647447986,0.0,N
1132134,1400954914,758034127,2026-06-25,Bizerte,863.1403221318825,0.0,N
1374740,1401949368,758034129,2026-06-25,Bizerte,523.8049896435527,0.0,N
1546060,1401461554,758034131,2026-06-22,Gabès 2,227.08133675456767,0.0,N
1508088,1401757548,758034134,2026-07-16,Zarzis 1,72.34055708411908,0.0,N
1601576,1414193618,758034136,2026-06-25,Zarzis 1,293.69029585432963,0.0,N
1570734,1401747372,758034139,2026-06-24,Beni Khalled,900.5471913933286,0.0,T
1338756,1414192932,758034140,2026-07-16,Lac II,77.90521532135902,0.0,N
939474,1401388910,758034142,2026-07-16,Ghardimaou,30.563885368040314,0.0,N
1373418,1401898952,758034144,2026-07-16,La Marsa,433.9957337620181,0.0,N
1791550,1414154930,758034154,2026-06-29,Djerba 2,173.8955699137478,0.0,N
14121614,1415475968,758034157,2026-07-10,Djerba 2,177.62636411413735,0.0,N
815608,1414155216,758034159,2026-07-12,La Marsa,492.7792376418215,0.0,N
1508188,1414131400,758034160,2026-07-07,Kelibia,617.5490771941757,0.0,N
1795330,1414140132,758034164,2026-07-08,Sfax 4,560.931461959378,0.0,N
1517570,1414108946,758034171,2026-07-16,Djerba 2,36.389464247070826,0.0,N
1268070,1400912790,758034175,2026-06-04,Ariana,154.57383992333138,0.0,N
1357534,1401359988,758034177,2026-06-15,Jendouba,482.09262064488206,0.0,N
1134134,1401558756,758034180,2026-07-17,Mutuelleville,111.2931647447986,0.0,N
1011610,1401912074,758034181,2026-07-16,Sousse 3,77.28691996166569,0.0,N
1331532,1400936750,758034182,2026-07-17,Ghardimaou,79.1201657031564,0.0,N
814012,1401368946,758034184,2026-06-14,Bizerte,454.13763254706777,0.0,N
14158886,1415471532,758034185,2026-07-07,Nabeul 2,151.69876650075742,0.0,N
899130,1400755600,758034188,2026-07-17,Mutuelleville,51.52317061860451,0.0,N
1752898,1415409520,758034190,2026-07-10,Zarzis 1,440.9911274615884,0.0,N
14159860,1415472978,758034191,2026-07-15,Ariana,200.9459919003308,0.0,N
1791188,1414157328,758034194,2026-07-12,Gabès 2,96.3879185086716,0.0,N
1012990,1415557554,758034199,2026-07-15,Sfax 4,111.2931647447986,0.0,N
1733374,1401891808,758034200,2026-07-16,Grombalia,66.58948279593162,0.0,N
1181276,1401133574,758034207,2026-07-18,Sousse 3,79.79688997434074,0.0,N
1269472,1414093534,758034212,2025-11-22,Grombalia,3145.0864067765174,0.0,T
1271926,1401732750,758034213,2026-07-17,Chebba,166.9397471171979,0.0,N
1739274,1415474814,758034215,2026-07-16,Chebba,110.95650292144558,0.0,N
953732,1400700720,758034220,2026-07-17,Ain Zaghouan,94.07023835286117,0.0,N
14013300,1415552948,758034222,2026-03-24,Sfax 2,125.03787059078122,0.0,N
1789540,1414150874,758034234,2026-01-11,Chebba,14340.594800136027,698.3899588833586,N
1149378,1401959354,758034238,2026-06-26,Ariana,220.73144341051722,0.0,N
1497296,1401615992,758034246,2026-07-13,Zarzis 1,974.9469811729064,0.0,N
967936,1401106954,758034249,2026-06-24,Sousse 2,1051.5336816397194,0.0,T
1580108,1401775352,758034252,2026-03-02,Chebba,13937.92716480663,827.4983769746808,N
1737774,1414135554,758034254,2026-07-17,Soliman,98.70590781216187,0.0,N
1356954,1401155552,758034255,2026-07-15,Bizerte,111.2931647447986,0.0,N
1695512,1401974110,758034259,2026-07-10,Gabès 4,65.92759761337992,0.0,N
1309770,1401509770,758034261,2026-07-18,Bizerte,111.2931647447986,0.0,N
1526754,1400126754,758034272,2026-07-15,Djerba 1,111.2931647447986,0.0,N
1331476,1401531476,758034273,2026-02-22,Chebba,247.31814387733021,0.0,N
1270792,1401470792,758034274,2026-07-18,Zarzis 1,52.683401861069036,0.0,N
1661734,1415413396,758034280,2026-07-17,Sfax 4,59.30534516338455,0.0,N
1792072,1414155314,758034282,2026-07-15,Sfax 5,66.6522397749405,0.0,N
1335356,1400738888,758034291,2026-07-18,Gabès 3,96.3879185086716,0.0,N
1591418,1414015758,758034292,2026-07-14,Sousse 1,0.0,463.72151976999413,N
1747346,1401933334,758034296,2026-04-19,La Marsa,5856.698921074598,449.9137477973228,N
1591306,1401795486,758034298,2026-07-16,Testour,433.3768201069651,0.0,N
961706,1401935178,758034302,2026-07-18,Jendouba,125.20481033789842,0.0,N
1347574,1400921746,758034305,2026-06-13,Bizerte,207.12894549726406,0.0,N
1399690,1401612114,758034306,2026-06-09,El Menzah,139.11645593099826,0.0,N
1413398,1401920120,758034308,2026-06-13,Zarzis 1,108.20168794633197,0.0,N
1532120,1414199014,758034315,2026-05-10,Kelibia,2296.304139487433,0.0,N
14158698,1415471148,758034318,2026-07-14,Ariana,317.371008130584,0.0,N
1515592,1400115592,758034322,2026-07-15,La Marsa,139.11645593099826,0.0,N
953800,1400801412,758034323,2026-06-22,Boussalem,285.3068290722478,0.0,N
1281408,1401587156,758034326,2026-07-18,Sousse 3,66.77589884687916,0.0,N
1795550,1414155514,758034329,2026-07-16,Zarzis 1,183.6337218289177,0.0,N
14151306,1415537212,758034331,2026-07-18,Ariana,264.3212662688967,0.0,N
1547314,1401775376,758034332,2026-07-05,Medjez El Bab,2001.669397471172,0.0,T
1693586,1414193488,758034333,2026-07-07,Testour,897.530528333385,0.0,N
1301534,1401958188,758034334,2026-07-13,Bizerte,80.05719232077163,0.0,N
1769528,1414113392,758034336,2026-07-11,Djerba 2,109.75639162828084,0.0,N
1347336,1414179334,758034339,2026-07-17,El Jem,27.252913716882556,0.0,N
1294080,1401948016,758034342,2026-02-26,Ain Zaghouan,5152.160633134448,247.31814387733021,N
881346,1401275788,758034343,2026-07-17,Ain Zaghouan,55.52972454941726,0.0,N
776194,1414180798,758034353,2026-07-13,Grombalia,111.2931647447986,0.0,N
1576952,1400176952,758034356,2026-07-16,Zarzis 1,4203.560453828794,0.0,N
1289712,1401489712,758034359,2026-07-15,Menzel Bourguiba,78.84038705289517,0.0,N
1774106,1414133536,758034360,2026-07-18,Zarzis 1,111.2931647447986,0.0,N
1315732,1401296106,758034363,2026-07-05,Bizerte,719.1303675765914,0.0,N
728068,1401472128,758034364,2026-07-14,Bizerte,590.6569388196742,0.0,T
728068,1401472128,758034364,2026-07-14,Bizerte,2460.824806009831,0.0,N
1126972,1415471158,758034367,2026-07-13,Gabès 3,170.03122391566453,0.0,N
1209148,1401409148,758034368,2026-07-18,Ezzahrouni,94.07085664822085,0.0,N
1686920,1414159526,758034374,2026-07-17,M'saken,106.48499088014346,0.0,N
1554738,1401719720,758034378,2026-07-18,Zarzis 1,309.14767984666275,0.0,N
1351750,1401551750,758034379,2026-06-30,Ghardimaou,247.31783472965037,0.0,N
1553330,1401494148,758034381,2026-07-06,Bizerte,891.5819086777755,0.0,N
1754098,1414093158,758034382,2026-07-18,El Menzah,111.2931647447986,0.0,N
1537188,1400137188,758034385,2026-07-11,Gabès 4,593.5839490524623,0.0,N
1533554,1401666720,758034386,2026-07-19,Monastir 1,111.2931647447986,0.0,N
949100,1400695180,758034389,2026-07-17,Soukra,67.06866169969395,0.0,N
1511478,1401721332,758034391,2026-07-04,Ain Zaghouan,1095.6632763471112,0.0,N
1481674,1400081674,758034393,2026-07-04,La Marsa,52.55510557393267,0.0,T
1288126,1401335572,758034397,2026-07-08,Sfax 2,906.6587318762173,0.0,N
1353560,1401553560,758034398,2026-07-18,Bizerte,355.5198318236622,0.0,N
1015732,1400774738,758034402,2026-06-06,Djerba 2,1139.8163662781712,0.0,N
1753100,1401921588,758034404,2026-07-16,Gabès 4,1156.2429282468236,0.0,N
1570746,1400170746,758034405,2026-07-02,La Goulette,5084.794262219062,0.0,N
1719372,1414019336,758034406,2026-07-07,Gabès 2,148.39088632639812,0.0,N
1493354,1414135392,758034409,2026-03-17,Ennasr,181.31480508238786,0.0,N
1734092,1414152780,758034412,2026-07-18,Soliman,111.2931647447986,0.0,N
920874,1401371320,758034415,2026-06-15,Lac II,11042.014097134203,0.0,N
1177198,1401158100,758034422,2026-07-18,Menzel Bourguiba,194.76303830339754,0.0,N
1731400,1414135392,758034423,2026-06-05,Nabeul 2,301.10984017064953,0.0,N
1773554,1415407214,758034424,2026-03-13,Djerba 2,5071.436609268248,88.23816737255387,N
1489348,1401734120,758034426,2026-03-15,Sfax 2,3154.5055182860856,230.66157603487187,N
1371330,1401555132,758034428,2026-07-19,Kairouan 2,43.40371595511176,0.0,N
14153510,1415533590,758034430,2026-07-08,Medjez El Bab,77.90521532135902,0.0,N
1331534,1401669296,758034432,2026-01-20,Sousse 1,761.7129872940304,0.0,N
14159468,1415471352,758034437,2026-07-15,El Jem,100.69249080285653,0.0,N
1330192,1400812732,758034439,2026-07-18,Béja,85.47933347760225,0.0,N
1535986,1415466794,758034442,2026-07-19,Sousse 3,77.44303953998826,0.0,N
1558698,1401408120,758034443,2026-07-17,Jendouba,89.61758432002968,0.0,N
1812998,1414193538,758034444,2025-12-14,Zarzis 1,4227.244566729527,215.20759266701705,N
1811340,1414191210,758034445,2026-07-19,Sousse 1,278.2329118619965,0.0,N
1737370,1401901346,758034446,2026-07-19,Bizerte,111.2931647447986,0.0,N
1357780,1401557780,758034452,2026-07-18,Medjez El Bab,48.77422944940798,0.0,N
1519280,1401753298,758034454,2026-07-18,Bizerte,90.7598849970631,0.0,N
1776078,1414127952,758034461,2025-09-05,El Kram,20815.589390051628,1026.3702970909203,T
1214780,1415553720,758034464,2026-02-22,El Jem,838.8793396605558,0.0,N
1355814,1401952072,758034465,2026-06-30,Sfax 5,309.14767984666275,0.0,N
1530666,1401913494,758034471,2026-07-18,Soliman,47.37780937954061,0.0,N
1533308,1401518706,758034472,2026-07-16,Raoued,100.3610844900609,0.0,N
1334012,1401534012,758034476,2026-05-20,Djerba 1,339.7659752063561,0.0,N
795112,1414113974,758034478,2026-07-09,Djerba 1,275.4505827433765,0.0,N
1501750,1401753468,758034480,2026-06-08,Bizerte,53.48254861347266,0.0,T
961372,1401757358,758034481,2026-05-31,Bizerte,747.9673540050082,0.0,N
1351494,1414121870,758034482,2026-07-19,Mutuelleville,51.755340526169356,0.0,N
1757316,1414091354,758034487,2026-07-12,El Jem,226.3792623736359,0.0,N
1677376,1401941154,758034490,2026-07-17,Béja II,155.64349089560085,0.0,N
1793278,1414160074,758034491,2026-06-21,Sfax 4,518.4814665965932,0.0,T
1098176,1400893288,758034500,2026-07-05,Gabès 4,58.738059170865924,0.0,N
1598952,1401795668,758034502,2026-07-07,El Jem,123.65907193866511,0.0,N
1093148,1401728726,758034504,2026-07-17,Grombalia,111.2931647447986,0.0,N
1757410,1414091412,758034506,2026-06-26,Chebba,896.528271555322,0.0,N
1773898,1414135890,758034510,2026-07-19,Jendouba,139.11645593099826,0.0,N
1411512,1401895554,758034511,2026-07-14,Mahdia,19767.4213992024,772.8691996166569,T
1411512,1401895554,758034511,2026-07-14,Mahdia,8575.753547469627,0.0,N
1155350,1401339528,758034517,2026-07-19,Lac II,194.3540359229604,0.0,N
1772868,1414121878,758034518,2026-07-19,Sousse 2,258.2826846384518,0.0,N
1557394,1401732718,758034520,2026-07-04,Sfax 2,139.11645593099826,0.0,N
1691592,1401972776,758034527,2026-06-22,Lac II,386.69490215475935,0.0,N
1414752,1401295294,758034529,2026-06-24,Sousse 2,38.520110056574026,0.0,N
1493180,1401609552,758034530,2026-07-18,Sfax 1,111.2931647447986,0.0,N
1728072,1401949212,758034536,2026-06-27,Sousse 3,553.3743469255263,0.0,N
1557138,1414195358,758034538,2026-07-15,Grombalia,61.829535969332554,0.0,N
1373394,1401573394,758034539,2026-06-16,Menzel Bourguiba,60.4352799332241,0.0,N
1480714,1401551894,758034543,2026-07-20,Bizerte,89.03453179583887,0.0,N
1132134,1401392688,758034550,2026-06-27,Lac II,636.0741336136273,0.0,N
1291508,1400617516,758034557,2026-07-20,Lac II,101.35468513308808,0.0,N
979500,1401754978,758034559,2026-02-18,El Menzah,8007.031873125793,3156.397811234427,N
14149410,1415535150,758034560,2026-07-02,Ennasr,316.4250162302532,0.0,N
1714732,1414011534,758034562,2026-07-18,Les Berges du Lac,100.29987324945127,0.0,N
1515138,1401729270,758034563,2026-05-03,Ghardimaou,123.65907193866511,0.0,N
1359386,1401559386,758034564,2026-07-19,Mutuelleville,62.616007666862465,0.0,N
779272,1414112806,758034572,2026-07-19,Bizerte,77.51599839243207,0.0,N
1734146,1414152734,758034575,2026-07-18,Ghardimaou,47.11812532846941,0.0,N
1297574,1401351336,758034576,2026-07-20,Djerba 1,42.391566451293784,0.0,N
977770,1401153894,758034578,2026-07-20,Boussalem,100.16384827031874,0.0,N
1693754,1401957550,758034579,2026-07-19,Djerba 1,47.392339320493406,0.0,N
1387490,1401417496,758034582,2026-02-01,Testour,3538.242186292392,0.0,N
1141406,1400969960,758034583,2026-07-19,Ariana,823.8247750950629,0.0,N
1746010,1414070734,758034584,2026-07-20,Djerba 2,111.2931647447986,0.0,N
1507014,1414120968,758034586,2025-12-07,La Marsa,14882.344576003958,725.5717686338764,N
1137176,1400949770,758034588,2026-07-18,Ariana,103.00986181098712,0.0,N
1159950,1401867506,758034590,2026-07-19,Sousse 3,111.2931647447986,0.0,N
1133356,1401757696,758034591,2026-07-13,Djerba 2,204.34723467400377,0.0,N
1115596,1400901134,758034593,2026-07-04,Bizerte,1108.5636998794325,0.0,N
1549294,1401487728,758034595,2026-06-24,Gabès 4,595.9860265248709,0.0,N
932930,1401681496,758034602,2026-01-16,Bab Benat,1811.5015302810154,0.0,T
1269300,1414121566,758034603,2026-07-20,Menzel Bourguiba,187.43129192815408,0.0,T
1595934,1415409330,758034605,2026-07-10,Testour,67.52960089034532,0.0,N
14156792,1415467932,758034607,2026-05-29,Moknine,170.03122391566453,0.0,N
1389330,1414006696,758034612,2026-07-19,Jendouba,596.0973196896158,0.0,N
1395412,1414119732,758034614,2026-07-19,Jendouba,111.2931647447986,0.0,N
1717108,1414015134,758034626,2026-07-19,Jendouba,917.8378211271524,0.0,N
939336,1415534074,758034628,2026-07-19,Grombalia,116.85782298203853,0.0,N
1746998,1414112156,758034635,2026-07-03,Zarzis 1,516.276316196247,0.0,N
1555414,1401951156,758034636,2026-07-20,Zarzis 1,54.1685473150524,0.0,N
1808780,1414193754,758034638,2026-07-21,Bizerte,125.32043157016108,0.0,N
1170006,1401308970,758034640,2026-07-20,Bizerte,741.4888552261416,0.0,N
1268670,1401207410,758034641,2026-07-20,Ain Zaghouan,83.21884564256345,0.0,N
1317734,1401735952,758034642,2026-07-18,La Marsa,91.75255819705073,0.0,N
946760,1414079354,758034643,2026-07-20,Béja,111.2931647447986,0.0,N
1493180,1414193498,758034645,2026-07-20,Sfax 1,111.2931647447986,0.0,N
1694938,1401972934,758034646,2026-07-21,Ain Zaghouan,50.830679815747985,0.0,N
1152730,1400977356,758034647,2026-03-22,La Goulette,12498.32967508579,0.0,T
14013166,1415552680,758034656,2026-07-20,El Menzah,83.46987355859895,0.0,N
1751358,1414078674,758034657,2025-08-29,Djerba 2,1734.1499984542618,0.0,N
1529666,1400734952,758034658,2026-07-20,Bizerte,80.46774043960801,0.0,N
1354712,1401373540,758034661,2026-07-12,Sfax 4,58.738059170865924,0.0,N
1355150,1401353618,758034662,2026-05-12,Zarzis 1,415.8432002967818,0.0,N
1332772,1401756948,758034666,2026-06-26,Chebba,61.829535969332554,0.0,N
1535526,1401686948,758034670,2026-07-20,Soliman,111.2931647447986,0.0,N
1195792,1401130792,758034672,2026-07-20,El Menzah,222.5863294895972,0.0,N
14151590,1415538970,758034675,2026-07-20,Soliman,30.605620304819613,0.0,N
1759754,1415495018,758034681,2026-07-21,Sfax 5,59.446007357714784,0.0,N
1737572,1401960954,758034684,2026-05-20,Ghardimaou,9133.918446842057,6107.062169598417,N
1509126,1401758118,758034685,2026-07-02,Ariana,117.475809194052,0.0,N
1412934,1414158758,758034693,2026-06-17,La Marsa,177.6439855318886,0.0,N
1472190,1415553528,758034694,2026-07-15,Testour,2535.0109747426345,0.0,N
1712774,1401991372,758034697,2026-06-29,Bizerte,182.39713110953105,0.0,N
1753732,1414093466,758034699,2026-06-28,Sousse 1,61.829535969332554,0.0,N
1677492,1401994958,758034703,2026-06-26,Ennasr,189.81667542585095,0.0,N
1095134,1400871392,758034706,2026-07-17,Boussalem,84.42761307076391,0.0,N
1487174,1414195536,758034707,2026-02-15,Teboulba,1964.121247720036,172.08922002040376,N
1571732,1401999174,758034708,2026-07-17,La Marsa,179.30565431106442,0.0,N
1794948,1414141132,758034711,2026-07-21,Sfax 4,1291.4996753949363,0.0,N
1168608,1401766890,758034712,2026-07-20,Bizerte,35.5300336970971,0.0,N
1734900,1415475286,758034713,2026-07-20,El Menzah,95.68553498005998,0.0,N
1418754,1401471352,758034720,2026-07-21,Gabès 3,137.112869817912,0.0,N
14141558,1415520078,758034721,2026-07-05,Gabès 1,144.9469811729063,0.0,N
1691506,1401973392,758034724,2026-07-05,Ain Zaghouan,135.49200853247598,0.0,N
1349094,1401549094,758034726,2026-07-21,La Goulette,40.18919838006616,0.0,N
1098076,1401009330,758034729,2026-07-20,Ghardimaou,102.6175534052617,0.0,N
1807938,1415473312,758034733,2026-07-03,Nabeul 2,231.86075988499707,0.0,N
1015326,1400773354,758034743,2026-07-20,Béja II,91.64992116734165,0.0,N
927174,1401934174,758034745,2026-07-20,Grombalia,154.57383992333138,0.0,N
815532,1401540132,758034748,2026-07-18,Djerba 1,292.14455745509633,0.0,N
1151556,1401272070,758034749,2026-07-19,La Marsa,28.596160385816304,0.0,N
1494172,1401537994,758034753,2026-07-22,Ain Zaghouan,89.03453179583887,0.0,N
1151368,1401933146,758034754,2026-07-19,Béja,161.37508887995796,0.0,N
1591546,1415417554,758034755,2026-07-19,Gabès 2,280.965777351841,0.0,N
1475354,1401596792,758034757,2026-07-20,Lac II,0.0,50.08223328283921,N
915770,1401577674,758034759,2026-07-22,Djerba 1,56.10257520017313,0.0,N
14133668,1415494800,758034761,2026-07-22,Lac II,85.41750394163293,0.0,N
1395568,1414189266,758034768,2026-07-23,Djerba 1,19.476612978019602,0.0,N
1095188,1401720900,758034769,2026-07-22,Gabès 2,70.89343679475687,0.0,N
1547500,1401713336,758034775,2026-01-29,La Marsa,6368.779484959966,5574.648344514175,N
1533076,1400133076,758034779,2026-01-31,Bizerte,342.1337372863017,0.0,N
1417406,1401467598,758034783,2026-07-14,Bizerte,216.40337589266395,0.0,N
1549766,1401711300,758034786,2026-07-23,Bab Benat,138.43756762605497,0.0,N
1347336,1414179334,758034789,2026-07-17,El Jem,108.20168794633197,0.0,N
1391488,1414087532,758034790,2026-07-03,Sfax 4,206.66027761461652,0.0,N
941572,1400693734,758034794,2026-06-30,Medjez El Bab,54.100843973165986,0.0,N
1814140,1414175572,758034795,2026-04-24,Ghardimaou,2153.292113642687,100.39447243948435,N
957506,1400715888,758034796,2026-06-30,Djerba 2,58.738059170865924,0.0,N
1013526,1400761274,758034800,2026-07-05,Béja,479.08646860605313,0.0,N
1491132,1401612192,758034804,2026-07-23,Djerba 1,45.610721241537085,0.0,N
1735006,1414127012,758034805,2026-07-22,Raoued,100.16384827031874,0.0,N
1618130,1401949328,758034808,2026-07-23,Djerba 1,77.74755000463722,0.0,N
1394156,1401795788,758034809,2026-07-06,Béja,170.03122391566453,0.0,N
1395754,1401411988,758034810,2026-03-12,La Marsa,1610.5295699755775,27.95313321173525,N
1329756,1401529756,758034813,2026-07-24,Jendouba,94.07085664822085,0.0,N
1761796,1415555930,758034814,2026-07-18,Ghardimaou,683.1999876340928,0.0,T
1813536,1414193474,758034815,2026-07-22,Bab Benat,123.65907193866511,0.0,N
894130,1414135768,758034817,2026-07-23,Bizerte,101.22113333539433,0.0,N
1352140,1401552140,758034824,2026-07-02,La Goulette,211.1256067023217,0.0,N
1770900,1414117956,758034826,2026-07-19,Ariana,63.21389927968591,0.0,N
1506668,1414089674,758034829,2026-07-21,Bizerte,1171.1079852845705,0.0,N
1493390,1414135598,758034831,2026-07-23,Ghardimaou,139.11645593099826,0.0,N
1489156,1401600132,758034832,2026-07-24,Bizerte,139.11645593099826,0.0,N
1711946,1414012778,758034833,2026-07-23,Enfidha,186.8139240115003,0.0,N
1141412,1415401552,758034838,2026-07-24,Mutuelleville,55.6465823723993,0.0,N
1353486,1401558606,758034840,2026-07-23,Bizerte,111.2931647447986,0.0,N
1407472,1401531930,758034841,2026-07-24,Gabès 4,55.6465823723993,0.0,N
1493478,1400093478,758034843,2026-07-24,Ghardimaou,89.0651374161437,0.0,N
1331538,1401998194,758034849,2026-07-20,Testour,111.29285559711874,0.0,N
1361286,1401941330,758034850,2026-07-05,Sfax 5,208.05638853680404,0.0,N
1697300,1401977566,758034851,2026-07-23,Bizerte,0.0,111.2931647447986,N
1533368,1415555954,758034852,2026-07-23,Béja II,111.2931647447986,0.0,N
1754954,1401939138,758034853,2026-03-29,Djerba 2,3859.0737935511797,186.1235972424027,N
1326100,1401526100,758034854,2026-07-22,Lac II,15.302810152409807,0.0,N
1137920,1414157956,758034857,2026-07-23,Zarzis 1,100.32244103008007,0.0,N
908120,1400775118,758034859,2026-07-22,Sousse 3,353.6643274492225,0.0,T
1336792,1400753534,758034861,2026-07-24,La Goulette,111.2931647447986,0.0,N
1195328,1401939170,758034863,2026-07-22,Lac II,58.738059170865924,0.0,N
1574140,1401753138,758034865,2026-07-24,Testour,63.99387887593904,0.0,N
991392,1401946732,758034868,2026-06-14,Djerba 2,66.83618264444925,0.0,N
1509474,1401377332,758034870,2026-07-20,Bizerte,20.664049216310634,0.0,N
1330872,1401530872,758034872,2026-07-23,Zarzis 1,174.85392772127247,0.0,N
14129572,1415487168,758034882,2026-07-23,Bizerte,104.00377160169414,0.0,N
1793548,1414159272,758034883,2026-07-19,Nabeul 2,7462.247194484806,0.0,N
1147300,1400981416,758034886,2026-07-23,Boussalem,55.6465823723993,0.0,N
1795770,1414154678,758034888,2026-07-24,Medjez El Bab,61.37694376603704,0.0,N
1555552,1401496932,758034890,2026-07-22,Gabès 2,3339.5313321173526,0.0,N
1013206,1401975414,758034894,2026-07-24,El Jem,43.807462824991504,0.0,N
1535016,1414135528,758034895,2026-06-14,Raoued,184.715738708381,0.0,N
14013894,1415411368,758034897,2026-04-28,Testour,361.0844900609021,0.0,N
1673354,1401914812,758034903,2026-07-22,Grombalia,252.0876742820045,0.0,N
1511680,1401149340,758034907,2026-07-24,Sousse 2,1066.8262899186943,0.0,N
1812776,1414193092,758034908,2026-07-20,Grombalia,259.7854515101864,0.0,N
14012996,1415553550,758034915,2026-07-22,Grombalia,311.0025659257428,0.0,N
1133576,1400955312,758034917,2026-07-05,Jendouba,135.7405632670727,0.0,N
1329552,1401335534,758034918,2026-05-04,Gabès 3,626.8581321297185,0.0,N
1807136,1414193556,758034919,2026-07-23,Gabès 1,66.21943302315516,0.0,N
1210108,1401410108,758034921,2026-07-19,Mahdia,150.02936902958544,0.0,N
1807136,1414193556,758034926,2026-07-24,Gabès 1,119.6401521006585,0.0,N
935352,1401411334,758034929,2026-07-23,Mutuelleville,111.2931647447986,0.0,N
1710138,1414001554,758034932,2026-07-24,Mahdia,111.2931647447986,0.0,N
1167592,1401019700,758034935,2026-07-19,Gabès 2,138.93096732309024,0.0,N
1353388,1414193492,758034936,2026-07-24,Testour,27.915108047114106,0.0,N
1516152,1401731132,758034938,2026-07-15,Beni Khalled,139.11645593099826,0.0,N
1213788,1401413788,758034939,2026-05-30,Gabès 4,114.38464154326522,0.0,T
1579214,1400179214,758034943,2026-07-19,Bizerte,176.2141775125978,0.0,N
1567754,1401993952,758034944,2026-07-24,Bardo,111.2931647447986,0.0,N
14140134,1415557192,758034946,2026-07-22,Medjez El Bab,199.86892138374503,0.0,N
1516694,1401955712,758034951,2026-07-24,Enfidha,222.5863294895972,0.0,N
1753516,1414092134,758034963,2026-07-24,Raoued,297.3920301728136,0.0,N
1731752,1414132012,758034965,2026-07-18,Bizerte,200.9459919003308,0.0,N
1607180,1401810728,758034968,2026-07-24,M'saken,76.15234797662843,0.0,N
1755792,1414137356,758034970,2026-01-01,Sfax 1,14993.884131449595,1374.7376881936502,N
1767878,1414111736,758034975,2026-07-24,Ghardimaou,90.7598849970631,0.0,N
1575160,1400175160,758034976,2026-07-22,Lac II,136.9524221720716,0.0,T
1281934,1401473898,758034981,2026-07-24,Zarzis 1,55.6465823723993,0.0,T
1732792,1401890692,758034982,2026-07-24,Ain Zaghouan,0.0,37.09772158159953,N
1554134,1401699414,758034991,2026-07-24,Chebba,106.32114260982472,0.0,N
813890,1401330674,758034992,2026-07-24,Bizerte,26.710359538751664,0.0,N
767732,1414097586,758034993,2026-07-25,Bizerte,111.2931647447986,0.0,N
1337812,1401537812,758034995,2026-07-24,La Marsa,31.557176863387642,0.0,N
1793492,1414159574,758034997,2026-07-22,Ghardimaou,84.13794169474758,0.0,N
1810928,1414189460,758034998,2025-12-12,Sfax 3,5773.4491606640495,378.5896682845395,N
14017212,1415552154,758034999,2026-07-24,Monastir 2,109.63180511330263,0.0,N
14121260,1415475354,758035000,2026-07-24,Médenine,171.32346121742358,0.0,N
1477348,1401578738,758035005,2026-07-24,La Marsa,88.1104893807772,0.0,N
1268758,1401952894,758035006,2026-07-24,La Marsa,61.211240609639226,0.0,N
1357932,1415529300,758035008,2026-07-25,Zarzis 1,111.2931647447986,0.0,N
1719506,1414019614,758035009,2026-07-23,Ezzahrouni,107.1425479951773,0.0,N
1409372,1401533956,758035021,2026-07-25,Bizerte,0.0,463.72151976999413,N
1311312,1401511312,758035023,2026-07-23,Gabès 4,111.2931647447986,0.0,N
1749514,1401929330,758035024,2026-07-25,Sousse 3,111.2931647447986,0.0,N
14153400,1415533374,758035027,2026-07-24,Nabeul 2,77.90521532135902,0.0,N
1735554,1401875108,758035032,2026-07-24,Zarzis 1,0.0,1236.590719386651,N
1535812,1400135812,758035035,2026-07-23,La Marsa,170.69836460877363,0.0,N
1735286,1414153556,758035038,2026-07-25,Mutuelleville,77.84647726218815,0.0,N
1534940,1401372760,758035039,2026-07-07,Gabès 4,0.0,463.72151976999413,N
1807300,1414195318,758035040,2026-07-24,M'saken,76.15234797662843,0.0,N
1335740,1401159750,758035041,2026-07-23,La Marsa,54.28385939963521,0.0,N
1589372,1400961212,758035042,2026-07-25,Boussalem,102.94617738893871,0.0,N
1537510,1401689528,758035049,2026-07-23,Teboulba,27.82329118619965,0.0,N
1781950,1415415876,758035051,2026-07-24,Nabeul 2,110.62571490400966,0.0,N
14155470,1415473732,758035070,2026-07-12,Les Berges du Lac,469.4370420749992,0.0,N
1155392,1414175352,758035071,2026-07-25,Mahdia,1375.7071753176492,0.0,N
1775532,1414100614,758035080,2026-07-25,Djerba 1,83.46987355859895,0.0,N
1531510,1414121134,758035081,2026-07-19,Jendouba,98.92725755093208,0.0,N
1549340,1415495466,758035086,2026-07-26,Béja II,111.2931647447986,0.0,N
1297316,1401497316,758035091,2026-07-25,Bizerte,74.20440844591462,0.0,N
1541520,1401476094,758035093,2026-07-26,Bizerte,111.2931647447986,0.0,N
746954,1401717192,758035095,2026-07-24,Grombalia,111.2931647447986,0.0,N
1530794,1415475200,758035098,2026-07-24,Medjez El Bab,381.6588864500572,0.0,N
1333714,1401178680,758035099,2026-07-10,Gabès 2,397.2553868983214,0.0,N
1787134,1415475152,758035100,2026-07-20,Ghardimaou,102.77923764182151,0.0,N
1677128,1414107552,758035104,2026-07-10,Monastir 2,616.7496212940922,0.0,N
1520934,1400120934,758035110,2026-07-25,Lac II,65.26509413546852,0.0,N
1494932,1401611770,758035111,2026-07-24,Menzel Bourguiba,60.96114013664328,0.0,N
817896,1401935592,758035112,2026-07-26,Lac II,139.11645593099826,0.0,N
1275214,1401475214,758035121,2026-07-25,Boussalem,744.554363619501,0.0,N
1727728,1414135580,758035130,2026-06-21,Mahdia,41828.909945280866,73.9842952978638,N
1609376,1415536610,758035131,2026-07-25,Gabès 1,105.72850650755866,0.0,N
1535526,1401797748,758035132,2026-07-26,Gabès 2,216.40337589266395,0.0,N
1566946,1414095328,758035133,2026-07-26,Les Berges du Lac,111.2931647447986,0.0,N
1731150,1414134716,758035137,2026-07-26,Béja II,66.48097196030544,0.0,N
1131288,1400941774,758035138,2026-07-14,Gabès 3,117.47611834173185,0.0,N
1151818,1400797356,758035140,2025-09-29,El Jem,30.914767984666277,0.0,N
1779556,1414134192,758035145,2025-10-31,Monastir 2,286.8213435558166,0.0,N
1773400,1414129476,758035155,2025-12-26,Sfax 3,1223.066744984079,0.0,T
1575694,1414191934,758035157,2026-07-25,Chebba,72.54923176801559,0.0,N
1559174,1401506932,758035159,2025-12-26,Sfax 5,878.5491699384796,0.0,T
1394756,1414135470,758035166,2026-07-21,Lac II,0.0,463.72151976999413,N
1619574,1415406874,758035167,2026-07-25,Sfax 1,75.8598942714935,0.0,N
1767352,1414109146,758035168,2026-07-26,Béja,149.92425881843758,0.0,N
1499920,1415537408,758035174,2026-07-26,Béja,838.7176554239961,0.0,N
1356006,1401556006,758035176,2026-07-26,Zarzis 1,49.664574767366375,0.0,N
1541114,1401475478,758035178,2026-07-20,Chebba,388.5111447738585,0.0,N
775572,1415417896,758035180,2025-12-20,Zarzis 1,509.6182026153894,0.0,N
1561534,1401716134,758035183,2026-01-14,Zarzis 1,55.6465823723993,0.0,N
1529128,1401675918,758035184,2026-07-26,Sousse 3,205.05456456549294,0.0,T
1215546,1401933732,758035186,2026-07-27,Lac II,59.07472099421894,0.0,N
1331580,1414095410,758035190,2026-07-26,Medjez El Bab,128.48239403963274,0.0,N
1554872,1400154872,758035196,2026-07-25,Lac II,78.57297430982781,0.0,N
1341292,1414140746,758035197,2026-07-19,Chebba,655.2589111818717,0.0,N
1313818,1401513818,758035198,2026-07-26,Zarzis 1,83.55334343215755,0.0,N
1807136,1414193556,758035201,2026-07-26,Gabès 1,77.38986613905463,0.0,N
1351716,1401517474,758035212,2026-07-26,Bizerte,111.2931647447986,0.0,N
1778914,1414132752,758035213,2026-07-26,Béja,139.11645593099826,0.0,N
1719134,1414018754,758035217,2025-12-21,Zarzis 1,148.39088632639812,0.0,T
1359214,1414141700,758035219,2025-11-08,Djerba 2,240.62355087025074,0.0,N
1277736,1401355530,758035220,2026-07-23,Sousse 3,110.45815686153276,0.0,N
1295872,1401495872,758035223,2026-01-24,La Goulette,61.829535969332554,0.0,N
1293388,1401493388,758035224,2026-07-13,Ain Zaghouan,210.21763996661207,0.0,N
1106808,1401731312,758035227,2026-07-27,Sousse 2,32.219062045939346,0.0,N
1679410,1401954750,758035228,2026-06-28,Bizerte,261.22978947043003,0.0,N
1674178,1414153298,758035236,2025-09-04,Teboulba,621.1503385167094,0.0,N
1412156,1401539772,758035238,2026-07-26,Ariana,99.36872043775313,0.0,N
872194,1414078934,758035239,2026-05-08,Ain Zaghouan,4410.015457383993,2479.3643923702352,N
1557780,1401733412,758035240,2026-07-26,Moknine,222.5863294895972,0.0,N
1552166,1401299418,758035245,2026-07-08,Bizerte,1726.2435465421834,0.0,N
14151974,1415539600,758035247,2026-07-12,Ettadhamen,254.97820508857083,0.0,N
1478152,1401097592,758035248,2026-07-14,Bizerte,350.78059789161284,0.0,N
1591532,1414134946,758035251,2026-06-24,Lac II,734.4436887501159,0.0,N
1331526,1401335536,758035252,2026-07-14,Lac II,6228.22734720376,0.0,N
1594886,1401272750,758035255,2026-07-17,Bizerte,238.66200884162365,0.0,N
1354060,1401373518,758035257,2026-07-06,Sfax 2,112.27841840046992,0.0,N
1336158,1401536158,758035259,2026-07-11,El Menzah,288.28175719541224,0.0,N
989260,1400755414,758035260,2026-07-23,Sfax 2,1364.619284632269,0.0,N
1757370,1401874152,758035262,2026-06-26,Gabès 3,124.09775249636752,0.0,N
14150000,1415537520,758035264,2026-07-01,Ain Zaghouan,177.3512226790738,0.0,N
1410940,1401537958,758035265,2026-07-26,Sousse 3,96.82505332797479,0.0,N
1814076,1414195554,758035274,2026-06-27,Zarzis 1,368.610999474449,0.0,N
14128932,1415487890,758035276,2026-07-27,Ain Zaghouan,83.46987355859895,0.0,N
1661540,1401906720,758035278,2026-07-26,Djerba 1,217.58462917735804,0.0,N
1769578,1414112732,758035280,2026-07-03,Ettadhamen,2481.6564132686185,0.0,N
1395986,1414133358,758035284,2026-03-19,Lac II,580.8507744149381,0.0,N
1534170,1401675328,758035285,2026-07-26,Zarzis 1,111.2931647447986,0.0,N
1470146,1401999216,758035286,2026-07-14,Ezzahrouni,857.7926855658949,0.0,N
1335380,1401331140,758035287,2026-07-26,Chebba,43.40433425047145,0.0,N
1493570,1400093570,758035288,2026-07-02,Bizerte,854.330849846972,0.0,N
1309498,1401293614,758035289,2026-07-11,Bizerte,772.7152440720932,0.0,N
1710746,1414015352,758035293,2026-07-10,Nabeul 2,71.10396636473244,0.0,N
14017954,1415553332,758035294,2026-07-18,Gabès 2,605.3201224224813,0.0,N
1218132,1401577352,758035300,2026-07-17,Zarzis 1,68.01094382786657,0.0,N
14153748,1415474752,758035304,2026-07-26,Zarzis 1,111.29285559711874,0.0,N
1557590,1414177948,758035306,2026-07-27,Jendouba,137.112869817912,0.0,N
14013480,1415553352,758035312,2026-07-13,Djerba 1,332.95236034253566,0.0,N
1400914,1414160134,758035317,2026-07-27,El Jem,107.56484372584784,0.0,N
1413094,1415541578,758035321,2026-07-20,Lafayette,218.81380035242836,0.0,N
1667558,1401920814,758035325,2026-07-22,Mahdia,772.7764553127029,0.0,N
1329534,1401136158,758035327,2026-07-10,Jendouba,0.0,331.45237579991965,N
1356732,1414115958,758035329,2025-08-19,Zarzis 1,2578.440040807494,0.0,N
1395354,1401719392,758035339,2026-07-27,Boussalem,31.996784864129598,0.0,N
1347348,1415473560,758035342,2026-07-04,Kelibia,123.65907193866511,0.0,N
1277416,1401607994,758035344,2026-07-17,Bizerte,231.86075988499707,0.0,N
1520754,1401739752,758035348,2026-07-27,Sfax 1,100.16384827031874,0.0,N
1336166,1414095214,758035350,2026-07-26,Zarzis 1,976.2095402974002,0.0,N
1168866,1401141934,758035352,2026-07-27,Gabès 3,967.5549510000928,0.0,T
1512166,1401994928,758035356,2026-07-07,Kelibia,432.93102915262625,0.0,N
1533092,1401519548,758035357,2026-07-26,Bizerte,600.6739419420658,0.0,T
1489988,1401614108,758035359,2026-07-27,Gabès 4,94.07085664822085,0.0,N
1493128,1414133074,758035360,2026-07-26,Djerba 2,477.7824836924599,0.0,N
1527494,1401671338,758035364,2026-07-27,Ghardimaou,100.68939932605807,0.0,N
1193192,1401067312,758035365,2026-07-27,Boussalem,61.829535969332554,0.0,N
1413578,1401526954,758035367,2026-07-06,Sfax 2,424.6220669613875,0.0,T
1273094,1401214872,758035371,2026-07-20,La Marsa,77.28661081398585,0.0,N
1697594,1401978114,758035372,2026-06-25,Zarzis 1,55.6465823723993,0.0,T
1316868,1401516868,758035375,2026-07-27,Bizerte,278.26382662998117,0.0,N
898754,1414197298,758035380,2026-06-28,Djerba 2,123.65907193866511,0.0,N
1741530,1401953092,758035382,2026-06-29,Djerba 2,214.42204841252666,0.0,T
1513378,1401749734,758035384,2026-07-28,Raoued,115.59155408538659,0.0,N
1679276,1414133274,758035387,2026-07-28,Sousse 3,137.112869817912,0.0,N
711940,1414075294,758035390,2026-07-26,Chebba,111.2931647447986,0.0,N
14120154,1415473486,758035394,2026-07-27,Sousse 3,510.0720314094043,0.0,N
1353908,1401553908,758035396,2025-11-21,La Marsa,1709.7223853834978,104.97449531641266,N
1137520,1401541174,758035399,2026-07-28,Bizerte,0.0,1236.590719386651,N
1267394,1401215558,758035403,2026-07-27,Sousse 3,19.476612978019602,0.0,N
1295460,1401335314,758035404,2026-07-09,Boussalem,1006.9545862058305,0.0,N
1281346,1414114900,758035408,2026-07-03,Ennasr,77.16326088972703,0.0,N
1374880,1414155520,758035410,2026-07-04,Djerba 1,163.31097165115776,0.0,N
1161106,1401260894,758035417,2026-07-19,Ariana,145.61566760441463,0.0,T
1373972,1401395974,758035418,2026-07-10,Jendouba,61.829535969332554,0.0,T
1394718,1401411532,758035420,2026-07-22,Bizerte,986.5390917241167,0.0,N
1577490,1401872900,758035422,2026-06-28,Medjez El Bab,456.30197545367423,0.0,N
1566136,1401749934,758035423,2026-06-30,La Goulette,161.68423655980462,0.0,N
1408140,1414071332,758035424,2026-02-07,Chebba,361.4956564750982,0.0,N
1807136,1414193556,758035425,2026-05-19,Gabès 1,108.20168794633197,0.0,N
1359932,1401721558,758035426,2026-07-24,Jendouba,280.0429715274987,0.0,N
1279298,1401479298,758035427,2026-07-23,Bizerte,110.36572170525861,0.0,N
1495390,1401813946,758035429,2026-07-09,Sfax 4,258.9915602683402,0.0,N
1089676,1401761476,758035431,2026-07-27,Bizerte,0.0,463.72151976999413,N
1615286,1401951370,758035432,2026-07-27,Grombalia,135.457693140013,0.0,N
1809714,1414187072,758035434,2026-07-21,Zarzis 1,37.09772158159953,0.0,N
1741472,1401955338,758035435,2026-07-16,Medjez El Bab,55.6465823723993,0.0,N
1353138,1401553138,758035436,2026-07-20,Bizerte,1082.9526694902156,0.0,N
1415172,1414011132,758035437,2026-07-27,Gabès 4,91.72968126874208,0.0,N
1814730,1414176806,758035440,2026-07-15,Gabès 2,1089.37490339135,0.0,N
1569492,1401755332,758035441,2026-07-17,Zarzis 1,3593.532630537608,0.0,N
1730160,1414134754,758035442,2026-07-06,Gabès 1,163.1032244103008,0.0,N
1731954,1414132152,758035444,2026-07-28,Gabès 2,0.0,463.72151976999413,N
1366692,1401393152,758035446,2026-07-28,Ghardimaou,0.0,463.72151976999413,N
1499288,1415414754,758035447,2026-06-30,Ghardimaou,322.9418493214209,0.0,N
1755754,1401861334,758035450,2026-07-28,Sousse 3,94.07085664822085,0.0,N
961140,1401879994,758035451,2026-07-24,Beni Khalled,233.4064982842304,0.0,N
1401338,1415401474,758035452,2026-07-28,Gabès 1,108.51083562617863,0.0,N
14009890,1415473990,758035453,2026-07-17,Grombalia,553.3350851701858,0.0,N
1729292,1414157728,758035457,2026-07-25,Ariana,90.75926670170341,0.0,N
1481790,1400081790,758035459,2026-06-18,La Marsa,2352.0134788388414,28.423655980461866,N
1272680,1401472680,758035460,2026-07-28,Djerba 1,0.0,463.72151976999413,N
1711116,1415546938,758035463,2026-07-24,Mutuelleville,200.63684422048414,0.0,N
1553594,1401717674,758035465,2026-07-28,Béja II,105.72850650755866,0.0,N
1754674,1414072750,758035468,2026-07-27,Grombalia,108.51083562617863,0.0,N
1407486,1401531880,758035471,2026-07-28,Zarzis 1,98.92725755093208,0.0,N
1613352,1415493594,758035473,2026-07-26,Chebba,0.0,5564.65823723993,N
1011934,1400895526,758035474,2026-07-29,Jendouba,96.3879185086716,0.0,N
1398760,1401557496,758035476,2026-07-28,Sfax 4,61.24679259282159,0.0,N
1599558,1401795534,758035480,2026-07-25,Zarzis 1,164.4201935264476,0.0,N
1572756,1414075400,758035481,2026-07-28,Djerba 2,111.2931647447986,0.0,N
1460896,1401548806,758035483,2026-07-29,Ghardimaou,50.08192413515937,0.0,N
14141128,1415559156,758035485,2026-07-26,Zarzis 1,111.2931647447986,0.0,N
1549992,1401490070,758035487,2026-07-28,Lac II,454.01119114601045,0.0,N
1771290,1414118614,758035488,2026-07-27,Sfax 5,634.1487618635423,0.0,N
1795346,1414175574,758035491,2026-07-28,Sidi Hessine,116.85782298203853,0.0,N
929392,1401992910,758035492,2026-07-21,Béja II,1077.5342381055432,0.0,T
1141492,1414101352,758035497,2026-07-28,Testour,61.829535969332554,0.0,N
1527674,1401895786,758035501,2026-07-29,Medjez El Bab,139.11645593099826,0.0,N
1107356,1400908810,758035502,2026-07-29,Testour,586.3081584072712,0.0,N
1535292,1401687338,758035503,2026-07-28,Chebba,111.2931647447986,0.0,N
907298,1401900672,758035504,2026-07-27,Testour,91.42146103193497,0.0,N
1532954,1400132954,758035513,2026-07-09,Mutuelleville,1407.7735184097444,0.0,N
1339670,1401777518,758035516,2026-07-29,Gabès 4,108.59987015797446,0.0,N
1528146,1401399946,758035518,2026-07-30,Zarzis 1,588.3080347481992,0.0,N
1815268,1415413340,758035522,2026-07-21,Jendouba,13493.192877237458,1892.546449438897,N
1815268,1415413340,758035522,2026-07-21,Jendouba,3023.464308900362,0.0,N
1349098,1401809288,758035523,2026-07-21,Djerba 2,136.11772343648562,0.0,N
1475312,1401573952,758035529,2026-07-12,Sfax 5,87.52372708442823,0.0,N
1491208,1414087528,758035532,2026-06-28,Kairouan 2,421.677435310848,0.0,N
1613954,1401954076,758035533,2026-07-06,Jemmal,106.68686431508333,0.0,N
991336,1400753594,758035534,2026-07-23,Medjez El Bab,320.98401706495196,0.0,N
1011610,1401912074,758035535,2026-07-25,Sousse 3,71.10396636473244,0.0,N
1769578,1414112732,758035536,2026-07-20,Ettadhamen,1166.4584041796768,0.0,N
1174100,1401011470,758035540,2026-07-30,Zarzis 1,33.38794942343958,0.0,N
1795892,1414172792,758035541,2026-07-29,Testour,92.70195072185983,0.0,N
1335556,1401961690,758035545,2026-07-29,La Goulette,139.11645593099826,0.0,N
1154072,1401147558,758035555,2026-07-31,Bizerte,111.2931647447986,0.0,N
928768,1400669974,758035557,2026-07-29,Zarzis 1,83.46987355859895,0.0,N
1390196,1401590196,758035558,2026-07-30,Ariana,157.93056543110646,0.0,N
1121350,1401757188,758035563,2026-07-29,El Menzah,966.2110860357993,0.0,N
1155558,1401075918,758035565,2026-07-31,Djerba 1,111.2931647447986,0.0,N
1355536,1401555536,758035570,2026-07-31,Bizerte,65.32877855751693,0.0,N
1758078,1414092728,758035575,2026-07-30,Grombalia,203.72739357591124,0.0,N
1394892,1415478152,758035578,2026-07-29,Bizerte,636.8442204841253,0.0,N
1374956,1401574956,758035583,2026-07-28,Bizerte,0.0,463.72151976999413,N
1319280,1401519280,758035585,2026-07-29,Djerba 1,924.3345596191301,0.0,T
14140130,1415557356,758035586,2026-07-30,Sfax 2,74.20440844591462,0.0,N
1561520,1401729812,758035590,2026-07-30,Zarzis 1,93.40835317030947,0.0,N
1489158,1401600134,758035595,2026-07-30,Gabès 2,87.23220082233283,0.0,N
1556740,1401735178,758035599,2026-07-30,Ghardimaou,55.646891520079144,0.0,N
14013870,1415411356,758035601,2026-07-27,Gabès 2,59.89890870869014,0.0,N
1321094,1414141510,758035607,2026-07-27,Djerba 2,12911.114786533528,0.0,N
955810,1401753570,758035608,2026-07-16,Gabès 4,3069.4271493492442,0.0,N
1352708,1401074012,758035611,2026-07-31,Bizerte,75.12288620273905,0.0,N
1535754,1400135754,758035613,2026-07-29,Lac II,108.32534701827063,0.0,N
14151216,1415539574,758035617,2026-07-16,Enfidha,768.4267474572604,0.0,N
1486008,1401731154,758035619,2026-07-15,Mutuelleville,29.52236683463691,0.0,T
1315554,1415471330,758035620,2026-07-30,Mutuelleville,3647.9426221906206,0.0,N
1812908,1414180734,758035624,2026-07-10,Bardo,118.43478529693635,0.0,N
1755700,1401861336,758035627,2026-07-21,Djerba 2,435.88400779052154,0.0,T
872692,1400612954,758035632,2026-07-26,Lac II,990.9110582125081,0.0,N
1495590,1401937408,758035636,2026-07-28,Sfax 5,814.9129749281232,0.0,N
1752732,1414079926,758035647,2026-06-21,Ghardimaou,348.7859770612422,0.0,N
1529310,1401527590,758035652,2026-07-17,Sousse 2,278.81534609082763,0.0,N
1533618,1401173546,758035653,2026-07-31,Lac II,111.2931647447986,0.0,N
1509498,1401933792,758035660,2025-10-17,Mutuelleville,0.0,5255.510557393267,N
14121140,1415475008,758035685,2026-07-26,Sfax 2,736.155439453427,0.0,N
1311390,1415493356,219000001,2026-07-31,El Jem,46.35360311620862,0.0,N
1390134,1401590134,219000003,2026-06-03,Ariana,69.38881503694316,0.0,N
1308754,1400894750,219000005,2026-07-30,Chebba,111.2931647447986,0.0,N
1487340,1414135740,219000006,2026-07-31,Sfax 2,74.20440844591462,0.0,N
1327318,1401527318,219000007,2026-07-31,Bizerte,97.16449748044641,0.0,N
1697874,1415521336,219000013,2026-07-28,Chebba,129.37830401582838,0.0,N
1327348,1401527348,219000017,2026-07-30,Djerba 1,123.65907193866511,0.0,N
1697520,1401975410,219000032,2026-07-24,Gabès 2,1139.7839057717872,0.0,N
1721288,1401871092,219000041,2026-07-31,Ariana,1379.1850867159242,0.0,N
1009414,1400766940,219000042,2026-07-27,Djerba 1,28.90623550870251,0.0,N
1597674,1401979414,219000047,2026-07-30,El Menzah,236.49797508269702,0.0,N
1595392,1400195392,219000057,2026-07-31,Bizerte,96.3879185086716,0.0,N
1339870,1401552720,219000072,2026-07-26,Ariana,101.22113333539433,0.0,N
1513530,1400113530,219000079,2026-07-28,La Marsa,60.28379757009924,0.0,N
1487174,1414195536,219000089,2026-07-30,Teboulba,237.08721056048475,0.0,N
14018128,1415553680,219000092,2026-07-31,Djerba 2,59.48619655609485,0.0,N
1017130,1401799614,219000095,2026-07-29,Ennasr,107.3147432528519,0.0,N
911716,1401520886,219000096,2026-07-30,Mahdia,55.6465823723993,0.0,N
1339354,1401541938,219000101,2026-07-30,Zarzis 1,111.2931647447986,0.0,N
1575932,1401756012,219000104,2026-07-26,Sousse 2,15.457383992333138,0.0,N
1419472,1401471546,219000111,2026-07-31,Bizerte,166.9397471171979,0.0,N
1014770,1400938774,219000118,2026-07-29,Raoued,251.95535907503015,0.0,N
1547376,1401481880,219000129,2026-07-29,Ezzahrouni,50.08192413515937,0.0,N
1739090,1401913340,219000142,2026-01-23,Djerba 1,1555.2916808359355,0.0,N
1794076,1414192974,219000145,2026-07-31,Sfax 4,55.6465823723993,0.0,N
1269016,1401469016,219000146,2026-04-06,La Marsa,1904.3503261508024,0.0,T
811586,1401358958,219000154,2026-07-31,Raoued,61.829535969332554,0.0,N
1139520,1401593580,219000156,2026-07-31,Beni Khalled,111.2931647447986,0.0,N
1492734,1414133110,219000159,2026-07-31,Zarzis 1,90.75957584938325,0.0,N
1135150,1414195812,219000173,2026-07-01,Djerba 2,574.3633103533558,0.0,N
1331598,1414067500,219000174,2026-07-20,Gabès 4,58.738059170865924,0.0,N
1533334,1400133334,219000180,2026-01-28,Bizerte,2769.017837821127,0.0,N
795380,1401179596,219000183,2026-02-25,Sfax 2,2586.943766037036,0.0,N
1295378,1401733534,219000184,2025-10-10,Zarzis 1,271.1707422635793,0.0,N
1534756,1414154710,219000185,2025-10-25,Sousse 3,269.94929978050516,0.0,N
1315668,1414113138,219000186,2025-12-09,El Jem,425.9977741367051,0.0,N
1112792,1400921510,219000190,2026-07-31,Mahdia,84.1373233993879,0.0,N
1769578,1414112732,219000195,2026-07-28,Ettadhamen,0.0,63.42999350789873,N
1717974,1414121330,219000202,2026-05-18,Bardo,3764.6808050205586,0.0,N
1273954,1401559352,219000208,2026-07-04,Testour,4184.564256345257,272.6524870930844,N
1559376,1401997898,219000221,2026-07-31,Soukra,204.03746869879743,0.0,N
1273568,1401473568,219000227,2026-07-30,Djerba 2,265.8005379169629,0.0,N
1328114,1414134886,219000237,2026-07-29,Djerba 1,13.911645593099825,0.0,N
1717336,1415471094,219000242,2026-07-30,Djerba 2,442.9010418276811,0.0,N
1810012,1414187592,219000253,2025-10-26,Ain Zaghouan,6481.339536896776,629.0570995764677,N
1158134,1415553334,219000254,2026-04-05,Ain Zaghouan,1384.8097196030544,0.0,T
14134972,1415479532,219000256,2026-07-23,Moknine,183.6337218289177,0.0,N
1354150,1401554150,219000257,2026-07-07,La Marsa,77.28691996166569,0.0,N
1807518,1414195154,219000259,2025-12-24,Ain Zaghouan,6771.501839428695,333.8794942343958,N
1757674,1414091906,219000274,2026-07-26,Djerba 1,68.01248956626581,0.0,N
1735666,1401897774,219000276,2026-07-13,Mahdia,147.15429560701148,0.0,N
1557814,1414067952,219000280,2025-08-05,Soliman,4809.65901010913,228.76928308653044,N
1337340,1401537340,219000282,2026-07-14,Mahdia,301.4189878504962,0.0,N
1546930,1414141958,219000286,2026-07-30,Lac II,174.05014375367114,0.0,N
1197390,1401195672,219000289,2026-07-30,Gabès 2,1003.9026803103843,0.0,N
1309092,1414014976,219000291,2025-12-24,Ezzahrouni,2367.9794107645225,123.65907193866511,N
1493336,1401593350,219000309,2026-07-22,Sfax 2,77.28691996166569,0.0,N
1339318,1401539318,219000311,2026-07-16,Zarzis 1,5564.898754134851,0.0,N
954936,1415487536,219000316,2026-07-31,Bardo,72.34055708411908,0.0,N
1271312,1401339332,219000379,2026-07-25,Djerba 1,178.3324574149071,0.0,T
1778692,1414155546,219000386,2026-05-09,Jendouba,204.65576405849075,0.0,N
1327690,1401167168,219000387,2026-03-04,Bizerte,3376.201811605404,0.0,N
14149536,1415533214,219000391,2026-05-23,M'saken,77.25600519368102,0.0,N
1555294,1400155294,219000408,2026-07-04,La Marsa,255.09197143475438,0.0,N
1534774,1415531330,219000413,2026-07-11,La Goulette,98.92725755093208,0.0,N
1339352,1401356196,219000414,2025-11-02,Medjez El Bab,4897.223235539617,33.682258014653605,N
1271392,1401471392,219000469,2026-02-01,Mahdia,1770.9163137230655,0.0,N
1697286,1401977552,219000491,2026-07-11,Grombalia,179.4447707669954,0.0,N
1215896,1401993592,219000514,2026-07-20,Ghardimaou,61.829535969332554,0.0,N
1353010,1414155374,219000523,2026-07-30,Ghardimaou,1106.7941385599902,0.0,N
1511528,1401913198,219000525,2026-07-04,Mahdia,175.80455683680094,0.0,N
1812774,1414193132,219000530,2026-07-15,Beni Khalled,260.5187498067827,0.0,N
1406600,1401997548,219000533,2026-07-17,Djerba 2,1407.6300738862956,0.0,T
960816,1400709174,219000535,2025-09-08,Soukra,573.9388505889264,0.0,N
1213266,1414121948,219000559,2026-03-10,Boussalem,5447.754042105914,0.0,N
955710,1401791732,219000561,2026-07-17,Zarzis 1,515.4252326336291,0.0,N
1748194,1401971554,219000565,2026-07-17,Testour,331.41713296441714,0.0,T
1540154,1415532154,219000574,2026-07-12,Jendouba,342.84446780226915,0.0,N
1767174,1414111410,219000580,2026-07-13,El Ouerdia,557.6223451942993,0.0,N
1681172,1401949538,219000587,2026-07-13,Medjez El Bab,58.738059170865924,0.0,N
1149534,1414073074,219000591,2026-06-15,Gabès 2,618.2953596933255,0.0,N
1733356,1401891588,219000597,2025-08-13,Bab Benat,1412.0249173029956,0.0,T
1219908,1401559772,219000599,2026-04-25,Ariana,336.27477045784775,0.0,N
1261608,1401308190,219000607,2026-07-28,Kairouan 1,0.0,556.465823723993,N
1693276,1414114192,219000644,2026-07-24,La Marsa,2709.049061736792,0.0,N
1175366,1401011114,219000645,2026-07-21,Ariana,758.4660092126009,0.0,N
1500120,1401741320,219000647,2026-03-29,Zarzis 1,990.9923640523078,0.0,N
1213332,1401940932,219000651,2026-07-24,Bizerte,276.9907564843726,0.0,N
1530752,1414017934,219000655,2026-07-12,Sfax 1,185.7996104739234,0.0,N
1195574,1415526938,219000657,2026-07-25,Ghardimaou,111.2931647447986,0.0,N
1068774,1401733300,219000658,2026-07-25,Bizerte,131.57294339505984,0.0,N
1331360,1414088152,219000662,2026-07-26,Jendouba,154.57383992333138,0.0,N
14128870,1415487906,219000675,2026-07-27,Kelibia,340.40714749435807,0.0,N
931372,1400673018,219000685,2026-07-26,Menzel Bourguiba,38.95260766067951,0.0,N
1713532,1414135468,219000691,2026-07-25,Gabès 3,993.3103533557982,0.0,N
1721354,1415407958,219000694,2026-06-27,Boussalem,108.6060531115714,0.0,N
1579966,1415471346,219000696,2026-07-27,Ariana,426.64451108294435,0.0,N
1292712,1401492712,219000697,2026-07-31,Ariana,216.40337589266395,0.0,N
1672146,1401930614,219000703,2026-07-10,Jendouba,223.85723560144683,0.0,N
1355088,1414176798,219000704,2026-07-25,Bizerte,156.70232169907567,0.0,N
1775574,1414115168,219000707,2026-07-29,Ain Zaghouan,256.2834265928834,0.0,N
1556748,1401735194,219000709,2026-01-24,Bizerte,270.5042198658299,293.6899867066498,N
1555214,1401477560,219000711,2026-07-21,Sfax 2,476.881009058027,0.0,N
935348,1415535152,219000722,2026-07-23,Sfax 5,149.50876433672366,0.0,N
1307400,1401593556,219000730,2026-07-17,Lac II,287.54227594521905,0.0,N
1751912,1415537556,219000733,2026-04-05,Gabès 1,7790.519368102143,0.0,N
1728698,1414158170,219000734,2026-03-29,Zarzis 1,3913.680093980895,0.0,N
1586114,1414161474,219000735,2026-07-17,Sousse 3,301.0721241537082,0.0,N
1409406,1414177556,219000736,2026-07-19,Sfax 4,354.60970105419364,0.0,T
1711720,1414013332,219000742,2025-10-12,Djerba 2,7760.819241351594,398.800507002195,T
1375734,1414117316,219000754,2026-05-08,Testour,1715.780443317773,5663.5746746220675,N
1371334,1401392098,219000757,2026-07-10,Lac II,429.5956348347606,0.0,N
1561468,1401666932,219000758,2026-07-06,Djerba 2,86.56135035706558,0.0,N
971992,1414137174,219000761,2026-07-10,Hammamet 1,86.95582279654991,0.0,N
1372932,1401395328,219000763,2026-07-13,Bizerte,880.7113488113272,0.0,N
1494768,1414073366,219000767,2026-07-05,Ghardimaou,1021.5305901629209,0.0,N
1215968,1415419958,219000771,2026-05-23,Gabès 1,2134.81868488577,0.0,N
1761570,1414096992,219000779,2026-07-06,Ariana,52.23235539617276,0.0,N
1488898,1414116128,219000816,2026-07-21,Zarzis 1,2503.4272111787805,0.0,N
1753750,1414189280,219000831,2026-07-11,Sfax 4,516.1396729217547,0.0,N
1473816,1401697558,219000843,2026-06-20,Sfax 4,57.810616131325936,0.0,N
1619100,1401951134,219000862,2026-07-17,Ain Zaghouan,111.23875475314559,0.0,N
1809734,1414187110,219000879,2026-05-28,Lac II,8082.939994435343,0.0,N
1355212,1401754192,219000900,2026-06-28,Sousse 3,228.42025535598356,0.0,N
1773794,1414135690,219000901,2026-03-16,Hammamet 2,3395.143599097289,165.39400871796457,N
1374880,1414155520,219000905,2026-07-17,Djerba 1,221.19392833956783,0.0,N
1392954,1401295140,219000908,2025-09-30,Raoued,3958.4527158623678,219.6011994929978,N
1731372,1401888158,219000911,2026-04-03,Boussalem,848.9937243020992,0.0,N
1539954,1401547332,219000914,2026-07-31,Jendouba,550.2426809286796,0.0,N
1207074,1401093414,219000934,2026-07-15,Sousse 1,146.4621139518348,0.0,T
1333332,1401951460,219000945,2026-07-16,Ghardimaou,55.6465823723993,0.0,N
933910,1400933214,219000949,2026-01-25,El Jem,885.062602405169,0.0,N
907128,1414195154,219000954,2026-03-11,Djerba 2,102.60704238414691,0.0,T
1333552,1414133940,219000957,2026-02-14,Chebba,306.0963922465762,0.0,N
952152,1400698732,219000962,2025-10-21,Ghardimaou,0.0,6182.9535969332555,N
772196,1401295008,219000969,2025-12-17,Ariana,552.3414845271586,0.0,N
1597910,1414135392,219000970,2026-05-24,Chebba,7668.487340402511,0.0,N
1726772,1414155214,219000981,2025-09-21,Soukra,547.794231304294,0.0,N
939126,1400694612,219000994,2026-05-12,Testour,12991.187436238291,7295.083315299719,N
1341980,1414177308,219001004,2026-07-31,Gabès 3,355.51952267598233,0.0,T
955748,1401979994,219001012,2026-02-04,Soukra,896.157294339506,0.0,N
1187210,1414157356,219001015,2026-03-01,Enfidha,9305.434816211704,331.4956564750982,N
14148160,1415532874,219001016,2026-03-16,La Marsa,568.6357312888367,0.0,T
1321756,1400775066,219001017,2026-01-27,El Jem,195.4431631990602,0.0,N
1401214,1414139788,219001022,2025-11-25,Ennasr,6230.893127647078,11902.185674096516,N
1553570,1415551288,219001025,2026-07-13,Teboulba,222.0808730330479,0.0,N
1692790,1401969132,219001029,2026-06-11,Beni Khalled,12243.89278758463,0.0,N
1328714,1414135408,219001061,2025-12-06,Gabès 4,147.15429560701148,0.0,N
1491356,1401615152,219001076,2026-01-13,Bizerte,340.06244783132905,0.0,N
1791948,1414157752,219001077,2025-08-20,Mutuelleville,108.20168794633197,0.0,N
1266992,1401214952,219001078,2026-07-21,Djerba 1,3062.084891952886,0.0,N
1559060,1401506718,219001079,2026-02-14,Djerba 1,718.5538071536773,0.0,N
1275408,1401935568,219001097,2026-07-26,Ain Zaghouan,86.56135035706558,0.0,N
1814938,1414196956,219001098,2026-07-24,Ain Zaghouan,123.65907193866511,0.0,N
1729334,1414193714,219001099,2026-07-27,El Jem,242.29449407982193,0.0,N
1673950,1401935354,219001100,2026-06-12,Bizerte,1013.5990972887749,0.0,N
1208756,1401095576,219001106,2025-12-23,Soukra,0.0,1545.7383992333139,N
1531526,1401528174,219001116,2025-12-31,Zarzis 1,116.05372986675735,0.0,N
1673460,1401915334,219001123,2026-07-24,Testour,342.81478962500387,0.0,N
1732952,1414126012,219001124,2026-07-30,Kairouan 1,1208.6499520821096,0.0,N
1289918,1401489918,219001125,2026-07-25,Ghardimaou,248.37450149936626,0.0,N
1352134,1401552134,219001129,2026-07-28,Bizerte,147.0933935140817,0.0,N
1734150,1401873214,219001132,2026-05-17,Sousse 3,566.4670603147124,0.0,N
1333072,1401329392,219001134,2026-07-20,Raoued,527.707669953937,0.0,N
1567698,1415471488,219001135,2026-06-23,Bizerte,579.9125112066034,0.0,N
873866,1415553948,219001173,2026-07-25,Gabès 2,771.7210251337065,0.0,N
1532136,1401666134,219001236,2026-07-20,El Jem,73.39196834327758,0.0,N
1115678,1400915554,219001239,2026-07-19,La Marsa,80.37839676013232,0.0,N
1477526,1401536720,219001240,2025-09-22,Lac II,1233.6859677868117,0.0,N
1507678,1401755574,219001252,2026-07-17,Ain Zaghouan,724.3020991127462,0.0,N
1011770,1401509558,219001264,2026-07-17,El Jem,503.91102729774013,0.0,N
1355326,1401368972,219001271,2025-12-09,Bizerte,4607.457569480941,2318.6075988499706,N
1389334,1401895552,219001284,2026-07-31,Djerba 1,108.20168794633197,0.0,N
1729260,1414159358,219001285,2026-01-03,Sousse 3,221.04028194268403,0.0,N
1214732,1401691728,219001289,2026-07-26,Gabès 4,61.829535969332554,0.0,N
1741416,1414075518,219001319,2026-07-16,Sfax 3,61.829535969332554,0.0,N
1497072,1414153956,219001321,2026-07-19,Lac II,198.31823662163416,0.0,N
1815352,1414177774,219001322,2026-07-18,Ariana,804.8029183540978,0.0,N
1493506,1414153478,219001344,2026-05-27,Gabès 2,204.75809194052,0.0,N
1553592,1401493926,219001347,2026-07-30,Gabès 2,1129.4531177543513,0.0,N
1490196,1401717540,219001351,2026-07-21,M'saken,114.07549386341856,0.0,N
1797546,1414167512,219001360,2026-06-08,Sfax 2,995.6586391319133,0.00030914767984666276,N
1735414,1414129330,219001370,2026-07-22,Mahdia,155.81043064271805,0.0,N
1011586,1400768130,219001384,2026-03-01,Ariana,4532.954833523974,1649.9987634092806,N
960090,1400799094,219001392,2026-06-02,Soukra,421.9807091847776,0.0,N
1754158,1401937746,219001434,2026-07-25,Béja II,413.4541070269268,0.0,N
1327290,1401317374,219001441,2026-07-29,Gabès 1,154.57414907101122,0.0,N
1593216,1401879072,219001450,2026-07-20,Lac II,92.74430395399882,0.0,T
1497296,1401615992,219001453,2026-07-24,Zarzis 1,4218.62923918756,0.0,N
1111134,1400917586,219001454,2026-07-22,Djerba 2,633.4287569171794,0.0,N
1521578,1414147592,219001455,2025-10-17,Mutuelleville,2121.1503385167093,0.0,N
1758674,1401866178,219001457,2026-07-15,Sfax 1,457.33762018116056,0.0,N
1394788,1401594788,219001461,2026-07-28,Ghardimaou,6974.750054100844,820.1786873589514,N
14121594,1415475930,219001476,2026-07-06,Grombalia,809.383250378706,0.0,N
1540734,1414194720,219001501,2025-10-11,Mutuelleville,3071.5172968126876,4.50211766160695,N
1734140,1414129356,219001504,2026-07-24,Hammamet 1,134.17009305345164,0.0,N
1535560,1401735556,219001510,2026-07-19,Ezzahrouni,61.829535969332554,0.0,N
1492926,1401593498,219001516,2026-07-29,Jendouba,1300.205583207098,0.0,N
1337214,1415412954,219001521,2026-07-18,La Marsa,477.17469935388135,0.0,N
1736948,1414133720,219001524,2026-01-25,Ghardimaou,969.1736482517699,0.0,N
1359734,1414195798,219001530,2026-07-20,Ain Zaghouan,814.6041363959564,0.0,N
1332716,1401721210,219001531,2026-07-18,Sousse 3,55.6465823723993,0.0,N
1393496,1401593496,219001537,2026-07-28,El Menzah,61.829535969332554,0.0,N
1268876,1401468876,219001538,2026-04-28,Lac II,34.00624478313291,0.0,N
1354666,1401479158,219001547,2026-07-15,Zarzis 1,499.3353324883297,0.0,N
1376012,1401518896,219001550,2026-06-28,Bizerte,763.8049896435527,0.0,N
1395990,1401413334,219001551,2026-07-19,Boussalem,218.58317618326276,0.0,N
14011566,1415541746,219001559,2026-07-31,Bizerte,669.9276594429159,0.0,N
1518010,1401735274,219001561,2026-07-24,Beni Khalled,58.738059170865924,0.0,N
1527532,1414129260,219001563,2026-07-25,Grombalia,307.08071845920796,0.0,N
1392068,1401592068,219001564,2026-07-31,Testour,60.28379757009924,0.0,T
1111366,1415411012,219001610,2026-02-09,Gabès 2,12334.473366927383,0.0,N
1694790,1401951354,219001617,2026-02-23,Mutuelleville,7594.979132531611,0.0,N
1348172,1415415348,219001645,2026-06-16,Sousse 3,1945.193681021424,0.0,N
1561468,1401666932,219001650,2026-07-09,Djerba 2,551.4724703991097,0.0,N
1199890,1401473354,219001670,2026-07-14,Bizerte,345.14390824496866,0.0,N
1529278,1401527500,219001676,2026-01-22,Gabès 1,2622.203295514267,123.65907193866511,N
1731940,1414132140,219001681,2025-09-29,Ain Zaghouan,15138.997124926578,921.2600859430551,N
997172,1414000754,219001683,2026-02-18,Djerba 1,338.0155810430643,0.0,T
1393558,1401415096,219001692,2025-11-16,Ghardimaou,5802.414443379603,286.24911120042043,N
1726156,1415554896,219001703,2026-06-15,Kelibia,416.38853680403133,0.0,N
1535418,1401946012,219001725,2026-07-11,Kairouan 1,89.80771014313538,0.0,T
14009274,1415416174,219001730,2026-07-20,Soliman,92.74430395399882,0.0,N
1218880,1401120100,219001735,2026-07-23,Bizerte,634.0557084119084,0.0,N
1015666,1400774772,219001745,2026-07-27,Ariana,151.4792716480663,0.0,N
1751414,1415495214,219001753,2026-07-30,Monastir 2,429.6772498222401,0.0,N
1471792,1400071792,219001776,2026-01-19,Djerba 2,4189.603981822117,19.441679290196927,N
1138192,1401661708,219001780,2026-02-25,La Marsa,2315.341453612391,436.07289702290785,N
1157060,1401072792,219001782,2026-07-25,Boussalem,118.49630568522583,0.0,N
947892,1401357212,219001784,2026-07-30,Ariana,105.11021114786534,0.0,N
1513694,1401726794,219001792,2026-07-17,Jemmal,1163.5641636009523,0.0,N
1481300,1414197192,219001799,2026-03-17,Sfax 2,2004.8171391473709,0.0,N
1090000,1401070892,219001804,2026-03-31,Sfax 5,741.459795344236,0.0,N
1135352,1414112126,219001811,2025-12-05,Chebba,2851.115095681207,0.0,N
947520,1400693340,219001812,2026-07-21,Zarzis 1,61.829535969332554,0.0,N
1354136,1414141338,219001816,2026-03-12,Mahdia,25453.10724333014,667.7589884687916,N
1533412,1401681120,219001831,2026-07-18,La Goulette,334.76551148483634,0.0,N
1292012,1401492012,219001901,2026-05-14,La Marsa,807.3759544934616,0.0,N
931316,1401671974,219001907,2026-07-14,Chebba,95.00881070887563,0.0,N
1769528,1414113392,219001931,2026-04-13,Djerba 2,185.7770426932946,0.0,T
1409160,1401887588,219001937,2026-05-11,Mahdia,3535.6867715707795,0.0,N
14013216,1415555332,219001945,2025-12-25,Ennasr,186.88595542090457,0.0,N
1066666,1401732938,219001956,2026-05-17,Hammamet 1,142.80953411444648,0.0,N
1721308,1401981532,219001979,2026-01-02,Zarzis 1,570.1437536711287,0.0,N
1495980,1400095980,219001980,2026-02-17,Mutuelleville,6115.905338980431,0.0,N
14001312,1415415320,219001988,2026-04-15,Beni Khalled,58.738059170865924,0.0,N
1537938,1401690980,219001989,2026-07-21,Sfax 2,61.396729217547225,0.0,T
1618678,1414135148,219001992,2026-07-26,Jendouba,95.83578075246545,0.0,N
1354736,1401373318,219001999,2026-01-01,Sfax 2,307.52620026586703,0.0,N
1711952,1414012986,219002037,2026-03-28,Kelibia,453.4423594150926,0.0,N
1815878,1414198754,219002041,2026-03-27,El Jem,242.6645438525984,0.0,N
1709072,1415412886,219002058,2026-07-28,Medjez El Bab,415.18038767119054,0.0,N
1487138,1401917348,219002061,2025-12-29,Ariana,108.20168794633197,0.0,N
1495490,1415554752,219002085,2025-12-11,Sfax 2,2602.6274461310168,0.0,N
14015268,1415548798,219002087,2026-04-04,Sfax 2,509.3399697035274,0.0,N
1718952,1414019494,219002094,2026-03-02,Jendouba,55.6465823723993,0.0,N
1486914,1401714872,219002111,2026-04-27,Bizerte,203.8828948588741,0.0,N
1773010,1414134178,219002127,2026-07-27,Sfax 4,633.0098618109871,0.0,N
1548816,1414073668,219002151,2025-09-10,Soliman,196.98890159829352,0.0,T
1758198,1414093150,219002152,2025-10-08,Gabès 4,3202.7208087303306,0.0,N
1353534,1401553534,219002153,2025-12-24,Lac II,4312.689275666987,0.0,N
14019314,1415555346,219002157,2026-05-26,Gabès 1,1198.471883018518,0.0,N
1751332,1414079786,219002177,2026-05-25,Djerba 2,7778.304324976041,467.7490957430365,N
1507476,1401755180,219007587,2026-07-27,Jendouba,303.5165548582558,0.0,N
14149768,1415535952,219002191,2026-06-23,Grombalia,90.88014344452345,0.0,N
1753750,1414189280,219002196,2026-07-09,Sfax 4,1097.2689893962347,0.0,N
14014134,1415412614,219002201,2026-07-22,Lac II,108.20168794633197,0.0,N
1617552,1401948098,219002223,2026-07-24,Béja,46.37215197699941,0.0,N
14011292,1415541338,219002238,2026-07-26,Jendouba,93.52428355025197,0.0,N
1277534,1401477534,219002271,2026-07-31,El Jem,393.4952236683464,162.9706000556466,N
933912,1401681352,219002280,2025-08-25,Zarzis 1,120.56728599251863,0.0,N
954754,1415556612,219002314,2026-07-28,Gabès 2,48.31730917859462,0.0,N
953746,1401553292,219002328,2025-09-16,Sfax 1,9015.038179738462,30.622932574891028,T
1709396,1414135538,219002329,2025-11-06,Sfax 1,2159.4490988345133,50.95681206912543,N
869500,1400920154,219002335,2026-07-25,Sousse 3,395.9266701703404,0.0,N
1315728,1415539934,219002355,2026-07-22,Béja,1386.4593316227163,0.0,N
1752752,1414095316,219002359,2026-07-23,Kelibia,179.1665378551334,0.0,N
1132892,1401873740,219002363,2026-07-24,Djerba 1,537.5459857173772,0.0,N
955280,1400701672,219002368,2026-07-26,Djerba 2,563.2683092713389,0.0,N
1560816,1401730710,219002370,2026-06-29,Lac II,522.1405385352583,0.0,N
1546154,1401495952,219002379,2026-07-27,Sfax 2,183.01542646922437,0.0,T
1734014,1414146700,219002381,2026-07-25,Djerba 2,54.99706309704146,0.0,N
1135132,1400811116,219002384,2026-07-28,El Jem,160.75679352026464,0.0,N
1155958,1400801910,219002385,2026-07-27,Lac II,517.8807926546511,0.0,N
777492,1401300794,219002387,2026-07-25,Djerba 2,588.5553528920766,0.0,N
877672,1401957970,219002388,2026-07-21,Kairouan 2,165.54858255788793,0.0,T
1392756,1401413518,219002399,2026-07-28,Sfax 2,200.9459919003308,0.0,N
1333076,1401973214,219002500,2025-08-08,Zarzis 1,4296.463968837914,0.0,N
1511136,1401734008,219002502,2025-12-02,Lac II,5572.151667851733,188.56462732247195,N
1795972,1414195348,219002515,2026-02-01,Chebba,11267.364825176988,0.0,N
1488072,1400088072,219002555,2026-07-07,Bizerte,77.28691996166569,0.0,N
1616176,1401953866,219002568,2026-05-27,Gabès 2,21362.101585927598,1171.5074040869324,N
1661492,1401909134,219002589,2026-07-10,Kairouan 2,51.009367174699356,0.0,N
915292,1414173296,219002611,2026-07-09,Djerba 2,2015.7949732587258,2.9084613719974035,N
1496758,1401614948,219002612,2026-07-28,La Goulette,7158.182829937862,324.92348594923794,N
1741956,1414075292,219002620,2026-01-28,Sfax 3,18027.394194206572,19339.285868859555,T
1139714,1401592746,219002633,2025-09-12,Ghardimaou,4591.992147648933,224.1320678888305,N
1710140,1414001530,219002636,2026-07-24,Soliman,1102.5248091013077,0.0,T
1321666,1414132732,219002674,2026-07-19,Ghardimaou,165.0038643459981,0.0,N
1794954,1414174932,219002695,2026-03-07,Chebba,3050.4266237981888,146.84514792716482,N
1789554,1414153334,219002757,2026-06-15,Zarzis 1,77.25600519368102,0.0,N
1579132,1401313520,219002768,2026-03-29,El Menzah,2658.4057254150307,0.0,N
1193566,1401619746,219002803,2025-12-31,Kairouan 1,2419.2512443194114,115.93037994249853,N
777766,1401301134,219002808,2026-07-30,Bizerte,1112.2073144341052,0.0,N
1793536,1414161556,219002811,2026-07-25,Beni Khalled,350.8826166259622,0.0,T
1795786,1414154720,219002824,2026-02-01,Zarzis 1,7280.207438093177,0.0,T
1706952,1414111756,219002843,2026-06-22,Ariana,14418.661699693945,711.0396636473243,T
1361972,1401755566,219002875,2025-12-15,Chebba,2786.4191424243363,309.14767984666275,N
991660,1400746072,219002910,2026-04-07,El Jem,2012.6744365783536,98.92725755093208,N
1672712,1401915308,219002930,2026-02-07,Djerba 1,4056.599066374007,0.0,N
1219218,1414115348,219002935,2026-03-19,Zarzis 1,6411.588709926732,0.0,N
1729540,1414187540,219002963,2026-01-12,Teboulba,3861.0742881874676,3912.135901320061,N
1330726,1401151598,219002966,2026-07-22,Gabès 3,483.3523974402572,0.0,N
1753472,1414069718,219002971,2026-05-13,Ghardimaou,3110.9020929297926,149.93662472563145,N
1774948,1414180126,219002976,2026-03-30,Beni Khalled,6529.870157974465,0.0,N
795308,1414194074,219003013,2026-07-23,Ain Zaghouan,8213.020681979782,370.9772158159953,N
1395532,1401719910,219003027,2026-01-18,Gabès 2,327.69654063746253,0.0,N
14141132,1415559150,219003038,2026-07-28,Bizerte,64.92101276779918,0.0,N
1070740,1401687514,219003066,2026-06-17,Zarzis 1,207.9018146968807,0.0,N
1732660,1414149958,219003068,2026-07-13,Zarzis 1,92.74430395399882,0.0,N
1389128,1401589128,219003070,2026-05-08,Zarzis 1,6362.283364763348,0.0,T
1549392,1401710752,219003072,2026-07-30,Raoued,84.92286765387826,0.0,N
1136114,1400949506,219003091,2026-07-15,Lac II,4670.0847064642785,0.0,N
1273268,1401149552,219003105,2025-11-10,El Jem,728.4712647231582,0.0,N
1673530,1401933586,219003205,2026-03-15,Djerba 2,649.2101276779919,0.0,N
1611210,1414073270,219003244,2026-03-25,Zarzis 1,405.5461093764492,0.0,N
1815546,1414179588,219003285,2025-10-26,Sousse 3,329.45868241258853,0.0,N
1807136,1414193556,219003331,2026-02-11,Gabès 1,34133.195659566576,0.0,N
1753532,1414081536,219003353,2026-07-30,Grombalia,320.42291402603024,6584.845580733917,N
1807136,1414193556,219003355,2026-07-16,Gabès 1,95.39833678548243,0.0,N
1501300,1401755358,219003374,2026-07-21,Sfax 4,208.40727115343,0.0,N
14011936,1415555556,219003472,2026-07-13,Sfax 1,0.0,5379.169629331932,N
1815112,1414197356,219003476,2025-10-30,Sfax 1,2808.6165641326866,0.0,N
1548752,1414071930,219003579,2026-06-24,Zarzis 1,4131.686709741243,0.0,N
1500094,1401741192,219003617,2025-08-04,Sfax 1,127.71137972609516,0.0,N
1553558,1400873340,219003638,2026-07-28,Bizerte,278.45858966828456,0.0,N
1769414,1414113532,219003643,2026-04-26,Chebba,2724.8919528858937,0.0,N
787514,1401310876,219003644,2026-07-08,Bizerte,3135.6642037901506,0.0,N
1807136,1414193556,219003662,2026-01-16,Gabès 1,200.9459919003308,0.0,N
1001074,1400757590,219003676,2026-06-06,La Goulette,126.7502395894519,0.0,N
1274668,1401575492,219003681,2026-07-16,Sfax 2,92.74430395399882,0.0,N
1329772,1401334660,219003703,2026-01-30,Ain Zaghouan,41916.80001236591,2384.062509660865,N
1355808,1414141320,219003730,2026-05-30,Djerba 1,2813.0605620304823,0.0,N
1133720,1400953188,219003746,2026-03-28,Ghardimaou,10059.541533990789,655.3930812749251,N
1326134,1401926746,219003751,2026-03-02,Béja,1067.6402757597305,51.009367174699356,N
1533490,1401519008,219003754,2026-06-05,Sfax 2,4089.149225585062,0.0,T
1274958,1401801346,219003756,2026-04-24,Ghardimaou,11200.816459022475,0.0,N
1197618,1415475132,219003769,2026-06-17,Raoued,142.2079327294649,0.0,N
14009214,1415417518,219003770,2026-06-15,Kelibia,494.45079914675244,0.0,N
1533606,1414097674,219003821,2026-01-05,Ain Zaghouan,395.0808421182799,161.38498160571305,N
1717748,1414016132,219003842,2026-01-16,Zarzis 1,185.30311930008966,0.0,N
1734154,1415475352,219003861,2026-07-28,Kairouan 2,71.10860357993013,0.0,N
1727752,1415555276,219003889,2026-07-24,Ghardimaou,984.5382879401491,0.0,N
975276,1401973306,219003915,2026-05-30,Hammamet 2,122.42124462855907,0.0,N
1806914,1414192154,219003918,2026-06-27,Lafayette,335.6199956719325,0.0,N
14007216,1415413774,219003992,2026-07-10,Mahdia,6984.913902371163,0.0,N
1689896,1401975932,219004002,2026-03-09,Testour,2610.4516647602563,129.84202553559837,N
1489526,1401713774,219004024,2025-12-14,Beni Khalled,3934.318483939778,190.1258231056976,T
1377094,1401577094,219004031,2026-01-10,El Menzah,123.65907193866511,0.0,N
1307274,1401507274,219004111,2026-04-12,Djerba 1,94.68884286023435,0.0,N
1355800,1401153354,219004139,2026-07-25,Gabès 1,88.41623643614555,0.0,N
14019300,1415555932,219004144,2026-03-18,La Marsa,8959.368102142394,448.264135777661,T
1579972,1401775096,219004145,2026-07-27,Kairouan 1,3044.4069001762145,20.792345503447,N
1507120,1401986780,219004190,2026-07-22,Sfax 2,4887.103286239837,188.58008470646428,N
949526,1400694094,219004195,2026-06-17,Bizerte,209.60212693603737,0.0,N
1789492,1414150986,219004216,2026-06-05,Jemmal,674.5070640244845,0.0,N
815912,1400671696,219004222,2026-07-16,Raoued,0.0,556.465823723993,N
1261460,1401191472,219004223,2026-07-21,Jendouba,262.88342040992984,0.0,N
1358010,1401558010,219004232,2026-07-25,Djerba 1,283.16443565091043,0.0,N
1313760,1415552006,219004251,2026-01-29,Chebba,9106.416978390578,0.0,N
1151176,1401793134,219004260,2026-01-20,Lac II,148.85460784616814,0.0,N
779530,1401979152,219004272,2026-03-01,Ariana,185.4855164311992,0.0,N
1393532,1401593532,219004277,2025-12-31,El Menzah,2183.272637338857,0.0,N
1526954,1401521532,219004283,2026-02-27,Testour,3514.8356880081615,160.75679352026464,N
1535410,1414108816,219004301,2026-03-27,Kairouan 2,503.9107181500603,0.0,N
1754612,1414073332,219004306,2026-06-02,Ennasr,147.16016941292855,0.0,T
1461340,1401549552,219004391,2026-07-29,Hammamet 2,624.5475623705445,0.0,N
975486,1400710958,219004392,2025-08-03,El Menzah,367.8857390175287,0.0,N
14011518,1415419546,219004404,2026-07-30,Gabès 2,255.5352892076545,0.0,T
1213176,1414141358,219004406,2026-07-13,L'Aouina,725.9881905586299,0.0,T
1072746,1400920986,219004411,2026-07-06,Béja,67.82731010603766,0.0,N
1813786,1415487538,219004449,2026-07-24,Menzel Bourguiba,872.213806535382,0.0,N
14015272,1415413332,219004450,2026-02-08,Gabès 2,68.37110087488794,0.0,N
1357368,1415414732,219004459,2025-10-09,Ghardimaou,3946.8117599777415,155.48335239744026,N
1807136,1414193556,219004460,2026-07-31,Gabès 1,1016.5310538844407,0.0,N
1588952,1401481356,219004463,2026-02-22,Bizerte,0.0,102.01873434939871,N
955740,1401539860,219004492,2026-03-16,Ghardimaou,1488.4428231366123,80.37839676013232,N
1567748,1401755312,219004493,2026-03-26,Chebba,5538.362753887533,10.709493925248092,N
1289906,1414133354,219004535,2026-04-19,Sfax 4,5187.619253717501,0.0,N
14153934,1415475006,219004542,2026-07-22,Kairouan 1,181.28419946208305,0.0,N
1535352,1414013514,219004571,2026-07-04,Jendouba,6677.74384023248,2893.4024793643925,N
1756934,1415537552,219004577,2026-07-15,Zarzis 1,0.0,556.465823723993,N
1776148,1414127754,219004649,2026-07-08,Zarzis 1,205.27405941818407,0.0,N
1394800,1414099712,219004673,2026-04-29,Beni Khalled,303.2429591615915,0.0,N
1520720,1401509928,219004737,2025-11-03,Ennasr,122.844776949949,0.0,N
1555354,1401721274,219004739,2026-05-08,Testour,123.65907193866511,0.0,N
993976,1401335296,219004749,2026-02-18,Testour,7474.696571552231,327.69654063746253,N
1315798,1415461550,219004758,2026-07-13,Zarzis 1,288.054533650725,0.0,T
14012892,1415552152,219004836,2026-07-10,Lafayette,0.0,463.72151976999413,N
1321112,1401521112,219004859,2026-06-19,Bizerte,200.9459919003308,0.0,N
1817514,1414199532,219004911,2026-06-12,Raoued,14257.62420008038,0.0,N
1211332,1414112188,219004928,2026-07-28,Menzel Bourguiba,113.25470677342567,0.0,T
1566196,1401739990,219004940,2026-06-10,El Jem,483.15423377747555,0.0,N
1135014,1401535272,219004946,2026-07-28,Ariana,715.4623303552107,0.0,N
1415974,1401466148,219004958,2026-07-25,Lac II,747.21798002906,0.0,N
14133398,1415480914,219004961,2026-07-22,Djerba 2,170.03122391566453,0.0,N
1581592,1401260106,219004963,2026-07-26,Medjez El Bab,64.92101276779918,0.0,N
1493354,1414135392,219004967,2026-07-27,Ennasr,60.56203048196124,0.0,N
1295172,1400775672,219004971,2026-04-28,Ennasr,123.65907193866511,0.0,N
1533572,1414127532,219005032,2026-02-08,Sfax 2,1000.5521377562062,46.37215197699941,N
1099980,1415549310,219005140,2026-05-29,Lac II,691.8415927288466,0.0,N
1751692,1415493592,219005178,2026-07-28,Raoued,0.0,205954.18431384672,N
1355136,1401366194,219005270,2026-03-26,Sousse 1,15995.499118929114,637.3462763161963,N
1741352,1414169358,219005276,2026-04-10,Gabès 2,0.0,95.83578075246545,N
1711552,1414013492,219005301,2025-10-15,Hammamet 2,1229.4970167248896,0.0,N
1168992,1401154132,219005307,2026-07-29,Ariana,2093.0865304355893,0.0,T
1728952,1414159200,219005310,2025-09-07,Monastir 1,6585.620613967292,0.0,N
1135592,1414190132,219005316,2025-08-16,Chebba,1346.9341824589608,0.0,N
1674716,1401911534,219005319,2025-08-25,Teboulba,1020.776269824095,0.0,N
1409406,1414177556,219005348,2025-12-15,Sfax 4,0.0,185.48860790799765,T
813316,1401348732,219005403,2025-09-20,Menzel Bourguiba,244.22635793118374,0.0,N
1461954,1401551300,219005409,2026-06-01,La Marsa,2726.486227470863,132.933502334065,T
940716,1401954138,219005421,2026-01-05,Sousse 1,59.742789130367576,0.0,T
1709120,1401999530,219005430,2026-01-29,Kairouan 1,1275.417194793953,61.829535969332554,N
972688,1401593746,219005482,2026-01-23,Gabès 2,6748.068445296319,340.06244783132905,N
1479868,1414115996,219005488,2026-03-08,Jendouba,226.09422821281728,0.0,N
1493340,1401395540,219005552,2025-08-29,Jendouba,1457.5172349831516,0.0,N
1752876,1415554148,219005558,2026-06-21,Mahdia,3431.6950567285994,0.0,N
1532166,1401375332,219005559,2026-07-13,Ain Zaghouan,6280.055337434693,453.1811296256222,N
1409290,1401534970,219005563,2025-10-12,Medjez El Bab,5944.077657897178,0.0,N
1478786,1401581556,219005617,2026-02-09,Gabès 2,7278.074009954556,110.73329829659629,N
1552754,1415549934,219005647,2026-07-01,Sousse 1,60.04235323213899,0.0,T
935078,1401957546,219005652,2026-05-30,Sfax 4,167.55804247689122,0.0,N
1276936,1415473332,219005657,2026-06-26,Sfax 2,155.0270504219866,0.0,N
1755486,1401958726,219005658,2026-07-19,Zarzis 1,102496.75240362322,16413.81117259715,N
1386610,1415556138,219005694,2026-04-22,Zarzis 1,2057.647386156367,0.0,N
1733078,1414181400,219005699,2025-09-27,Gabès 4,37275.27467771355,1895.0752774600428,N
14150916,1415537866,219005704,2026-04-15,Monastir 1,328.31483599715585,0.0,N
1774994,1414133950,219005732,2026-07-14,Ghardimaou,119.92796859059574,0.0,N
1353734,1401553734,219005847,2026-04-17,La Marsa,1297.699632114261,93.4649271957214,N
1373574,1401573574,219005868,2026-06-05,La Marsa,11117.195412248431,599.5016539400872,N
1561394,1401731494,219005933,2026-01-03,Soliman,476.5143599097289,0.0,N
1548868,1415495534,219005937,2026-07-31,Sfax 2,2782.4008408816894,0.0,N
1711752,1414013352,219005946,2025-12-11,Ghardimaou,3902.15815995301,0.0,N
1777276,1414129346,219005962,2026-03-15,El Ouerdia,154.57383992333138,0.0,N
1332992,1401532992,219005979,2026-07-22,Zarzis 1,9264.622685256747,34.5395245308684,N
1487174,1414195536,219005993,2026-04-18,Teboulba,834.8842241938975,0.0,N
1661212,1401906972,219006015,2026-06-10,Sousse 2,284.4885151636937,0.0,N
1527526,1415551146,219006018,2026-01-28,Sfax 1,7313.317154604755,18.3973784276749,N
14151188,1415539494,219006056,2026-04-29,Béja,688.5936872043776,0.0,N
1339354,1401929796,219006061,2026-03-30,Ezzahrouni,1205.4947908615945,151.6635236652549,N
1559956,1401509574,219006076,2026-07-29,Ariana,703.8275574241816,0.0,N
1531354,1414178666,219006080,2026-03-05,Zarzis 1,5209.609237332674,21.89167465298173,N
1338072,1401187480,219006082,2026-05-18,El Menzah,1664.671530590163,0.0,N
1406736,1401530758,219006109,2026-03-19,Zarzis 1,7691.91702476273,139.81482053977186,N
1676600,1401939600,219006110,2026-03-06,Gabès 2,5079.603672674437,302.65743345596195,N
1732106,1414148714,219006153,2026-06-27,Ain Zaghouan,2920.6788883049435,183.16381735555075,T
1549740,1401489554,219006233,2026-03-03,Mutuelleville,4255.226450675488,0.0,N
1554716,1414133166,219006281,2026-02-01,Kelibia,11524.966148329058,0.0,N
1395594,1401958128,219006288,2025-10-11,Mutuelleville,2217.8035057346897,0.0,N
1328714,1401889492,219006291,2026-07-08,Mutuelleville,6024.654218320092,0.0,N
867926,1401399120,219006302,2026-06-23,Djerba 1,27.82329118619965,0.0,N
920932,1414170150,219006310,2026-04-18,Sousse 3,191.3005842891149,0.0,N
789390,1414150680,219006348,2026-03-27,Ain Zaghouan,2562.613225337744,123.65907193866511,N
1754800,1415557660,219006349,2026-07-23,Enfidha,30.914767984666277,0.0,N
1317766,1401732814,219006350,2025-11-26,Soliman,61.829535969332554,0.0,N
1131280,1401331354,219006352,2026-04-07,Ain Zaghouan,1391.8725074968313,833.9907873991406,N
1691336,1414073728,219006358,2026-04-04,Bizerte,350.46990447336697,0.0,N
1753590,1414092186,219006410,2026-04-02,Chebba,1893.5536525798375,137.54660401273688,N
14017732,1415552954,219006413,2026-02-15,Ghardimaou,0.0,6182.9535969332555,N
14151470,1415538780,219006418,2026-04-16,Kairouan 2,408.074628249915,0.0,N
1317300,1414135146,219006447,2026-03-30,Zarzis 1,3284.353108479921,0.0,N
809532,1400707534,219006472,2026-05-29,Bizerte,92.55881534609084,0.0,N
1312158,1415473358,219006496,2026-05-28,Monastir 1,2402.2376109067304,108.0415494481714,N
14151930,1415539368,219006501,2026-05-28,Sfax 2,1156.7264352181037,1681.2492657742605,N
1695332,1414147358,219006571,2026-06-04,Bizerte,222.512134046434,0.0,N
1310186,1414150174,219006582,2026-03-30,Sousse 1,605.8212508115126,0.0,N
890156,1415415530,219006598,2026-06-24,Lac II,15505.347636565988,0.0,N
1159388,1401726776,219006603,2026-01-29,Chebba,3379.5792500077287,0.0,N
770872,1401293572,219006615,2026-04-22,Djerba 2,4598.896961078307,225.67780628806383,N
1701286,1401995398,219006624,2025-08-14,Mahdia,3824.8666027761465,0.0,T
1615940,1401953340,219006657,2025-09-19,Ghardimaou,0.0,1020.1873434939871,N
14014152,1415412730,219006683,2026-07-23,Zarzis 1,1081.173524592698,0.0,N
1495530,1401589990,219006690,2026-02-13,Zarzis 1,3985.8163044486355,206.2262342721118,N
1679494,1401953352,219006697,2026-04-10,Zarzis 1,3950.933935140817,0.0,N
1749208,1401927354,219006714,2026-01-15,Zarzis 1,1925.8636040436518,338.03196587009614,N
1538772,1415556894,219006744,2026-03-14,Sousse 3,14499.322348285777,64.74603518100596,N
14150708,1415537492,219006797,2026-07-09,Zarzis 1,6165.9557300522465,187.0290907966736,N
1815694,1414178752,219006895,2026-07-11,Mahdia,96.87389866139056,0.0,N
14157528,1415466998,219006937,2026-05-24,Enfidha,25063.276656258695,54.280767922836745,N
1711286,1414113538,219006957,2026-04-27,Chebba,4639.287723745633,46.10072031409405,N
1553528,1414012158,219006977,2026-05-24,Zarzis 1,8621.068105233871,290.08625220267726,N
1519800,1401737972,219007003,2026-07-14,Zarzis 1,0.0,2170.216712523573,N
1309728,1400775678,219007083,2026-04-25,Ghardimaou,1879.7069279995055,401.8919838006616,N
1670134,1401927298,219007126,2026-03-26,Beni Khalled,1116.5254892262035,0.0,N
1561550,1401729730,219007140,2026-05-06,Ariana,1355.3451633845489,0.0,N
1755740,1414088148,219007149,2026-01-12,Gabès 1,516.8949207036202,0.0,N
1133736,1400959130,219007185,2025-12-10,Bizerte,1048.3618264444926,0.0,N
1135508,1401926670,219007194,2025-12-20,Djerba 2,61.829535969332554,0.0,T
14151354,1415539352,219007263,2026-05-16,Chebba,2027.8056697684485,0.0,T
1407260,1401530114,219007268,2026-06-25,Ariana,3764.6808050205586,0.0,N
1739514,1414137334,219007294,2026-03-08,Grombalia,487.3923393204934,0.0,N
993794,1400748736,219007398,2026-01-18,Medjez El Bab,4487.120598509909,366.49797508269705,N
1154792,1414175554,219007429,2026-07-12,Djerba 2,7899.96073824466,199.7084737379046,N
1739520,1415535940,219007439,2026-04-07,Kairouan 2,1229.9715584134542,0.0,N
1786138,1414146954,219007482,2026-07-18,Ariana,1435.9588215290446,0.0,N
1280708,1414077530,219007514,2026-04-12,Testour,1389.8763409280614,0.0,N
1539540,1400933578,219007533,2025-10-09,Jendouba,1536.8599870157975,0.0,N
1480194,1414166092,219007538,2025-12-29,Bizerte,108.20168794633197,0.0,N
1779526,1414134096,219007542,2026-02-24,Sfax 1,18637.897795777044,150.6909450644573,N
972194,1400734770,219007551,2026-05-31,Djerba 1,1059.2895786317124,0.0,N
1569152,1401752752,219007557,2026-04-13,Sahloul,2514.401026370297,237.01332426500142,N
1310932,1401496098,219007601,2026-01-21,Chebba,6910.695273131975,338.8178192722664,N
1567378,1414153512,219007681,2026-05-14,Enfidha,5020.999165301265,36.656876990138194,N
1726192,1401879928,219007700,2026-04-28,Djerba 2,10715.850928988779,104.31786564441835,N
1731354,1401889552,219007707,2026-01-16,Ain Zaghouan,1421.6335363403098,192.1173524592698,N
1475412,1401551194,219007711,2026-02-17,Gabès 1,1220.558629857483,133.50820787089992,N
1346998,1401546998,219007731,2026-07-07,El Jem,1666.4676786100722,0.0,N
955732,1414191532,219007788,2026-06-24,Bardo,5336.055275605157,77.12059850990819,N
1093554,1401206872,219007797,2026-06-16,Ghardimaou,937.8557516925836,0.0,N
1335116,1401158734,219007821,2025-09-22,Mutuelleville,2326.5730979688997,0.0,N
1513770,1415533520,219007838,2026-04-26,Djerba 2,7387.5880298018365,650.2516462113953,N
977520,1400727672,219008014,2026-01-02,La Marsa,1782.5662348904073,127.96642656196866,N
817954,1401352670,219008027,2025-10-02,La Marsa,154.57383992333138,0.0,N
1371478,1401393334,219008035,2026-06-14,La Marsa,2147.962407642131,127.36451602930721,N
1575326,1401615738,219008038,2026-01-28,Lac II,2997.409651590565,0.0,N
1574660,1401753932,219008049,2026-07-18,Chebba,12889.857173771912,132.933502334065,N
1721970,1414153358,219008050,2025-10-17,Djerba 1,3571.0115312084586,0.0,N
1335976,1401535976,219008052,2026-03-24,Djerba 1,5006.591955977371,0.0,N
1807136,1414193556,219008111,2026-06-20,Gabès 1,513.1851485454602,0.0,N
1371812,1401358708,219008125,2026-03-08,Chebba,3982.088601725044,225.411320988036,N
1315952,1401515952,219008138,2025-10-24,El Jem,2743.0559248152845,1865.6988283302935,N
1078972,1401775352,219008142,2026-04-05,Gabès 2,2011.8354097752497,25.44780041425789,N
1353150,1414150092,219008147,2026-07-10,Lac II,3796.0534207190776,0.0,N
1153336,1415408134,219008264,2026-01-14,Bizerte,604.6879154171949,0.0,N
1489318,1401711532,219008287,2026-05-09,Kelibia,92.74430395399882,0.0,N
1393296,1401593296,219008293,2026-05-16,Bizerte,537.1444028812564,0.0,T
1735336,1414133812,219008305,2026-05-18,Zarzis 1,108.20168794633197,0.0,N
1417878,1415554894,219008308,2026-05-17,Djerba 2,285.9616038581631,0.0,N
1371992,1401393332,219008309,2026-05-26,Mahdia,61.829535969332554,0.0,N
1531540,1401678134,219008316,2026-05-17,Djerba 2,60.28379757009924,0.0,N
1155532,1400973136,219008321,2026-05-25,Raoued,492.5492317680156,0.0,N
1567378,1415415978,219008322,2026-05-04,Enfidha,362.12013478838844,0.0,N
769926,1401595126,219008330,2025-09-29,Lac II,470.58645314866914,0.0,N
958940,1401555290,219008365,2026-05-10,Ghardimaou,260.30234643089005,0.0,N
1793326,1415535312,219008367,2026-04-05,Djerba 2,463.99604290969796,0.0,N
961014,1414199330,219008379,2026-06-23,Djerba 1,61.829535969332554,0.0,N
1367814,1401386734,219008381,2026-07-09,Djerba 2,129.62253068290724,0.0,N
1532714,1401694158,219008390,2026-05-24,Testour,74.10269885924507,0.0,N
14152140,1415533274,219008396,2026-06-15,Sfax 2,984.6702939994436,0.0,N
1541350,1401875518,219008398,2026-07-12,Boussalem,1226.358858626766,0.0,N
1811692,1414191120,219008585,2026-06-08,Gabès 1,671.8684885769933,0.0,N
14018154,1415553732,219008611,2026-06-08,Gabès 1,525.5510557393267,0.0,N
1390100,1401219812,219008612,2025-10-13,Ariana,141.15064766438928,0.0,N
1555496,1414174816,219008678,2025-10-25,Zarzis 1,5861.535536525798,1527.0940118094416,N
1579706,1400179706,219008692,2025-10-18,La Marsa,973.4207190775033,0.0,N
1715540,1414009708,219008729,2026-06-08,Testour,1909.25433579621,0.0,N
1700970,1401993214,219008782,2026-04-29,Bizerte,8715.70779361301,0.0,N
1813552,1414192114,219008844,2026-06-11,Djerba 2,2108.2854669675703,142.30964231613441,N
1006132,1414073766,219008852,2026-07-06,Kairouan 1,1175.3463999752682,0.0,N
1617148,1401947406,219008863,2026-06-13,Chebba,6804.94017992395,792.5792190929608,N
889696,1401749334,219008866,2026-05-14,Chebba,1954.6143382693915,0.0,N
1574016,1401535294,219008869,2026-07-03,Bizerte,1762.5835471604787,0.0,N
1093348,1401293760,219009027,2026-05-21,La Marsa,2289.651590564813,501.95195845055184,N
1072672,1400920874,219009031,2026-06-17,Mutuelleville,6744.976659350172,340.06244783132905,N
1591498,1401795392,219009032,2026-07-28,Djerba 2,1782.7112251522553,174.19358827712,N
1134872,1414092130,219009035,2025-09-01,Hammamet 2,9811.808204779423,476.08742696386065,T
791332,1414119140,219009087,2026-06-18,Djerba 2,849.2224935851857,0.0,N
14147086,1415530734,219009098,2026-05-28,Medjez El Bab,832.5285188734659,0.0,N
1512754,1401733274,219009107,2026-04-05,Sousse 3,3955.7213961109223,0.0,N
1131906,1415533792,219009142,2026-04-13,Zarzis 1,5705.227378118528,60.37685102173309,N
1699354,1414091332,219009149,2025-10-07,Ghardimaou,8089.948990632825,18.91087272390021,N
1610866,1401817018,219009154,2025-11-14,Ghardimaou,1718.816891829227,125.24901845611649,N
1777412,1414127998,219009159,2026-04-06,Sousse 3,6063.5827124617435,307.95096917797633,N
1473370,1401557310,219009169,2025-09-02,Beni Khalled,1914.824867839367,123.65907193866511,N
1359352,1401559352,219009208,2026-04-25,La Marsa,157.88017435929143,0.0,N
1135392,1401512612,219009758,2026-06-15,Grombalia,8318.832967508579,0.0,N
1387318,1401980940,219009219,2026-04-15,Béja,1948.200142207933,0.0,N
14149960,1415537536,219009224,2026-04-13,Chebba,3269.3174019228986,2913.6361950103565,N
1075880,1401491076,219009226,2025-12-19,Bizerte,312.85745200482273,0.0,N
14001608,1415415740,219009256,2026-04-24,Sfax 4,4506.687482610443,0.0,N
971980,1400735340,219009268,2026-07-27,Bizerte,2056.8544223575605,0.0,N
1607926,1414009136,219009274,2025-08-20,Hammamet 1,2662.764398553189,186.0314712338084,N
1541934,1401476600,219009281,2026-06-06,Djerba 1,2214.731505240053,210.53204315701612,N
1332938,1415415012,219009307,2026-01-06,Beni Khalled,1770.6309704145672,0.0,N
1693138,1401955520,219009330,2025-12-21,Béja II,0.0,6645.129378304016,N
1792954,1414152914,219009340,2026-05-20,L'Aouina,2075.7108850898076,89.65282715553221,N
1751952,1414080868,219009377,2026-02-17,Zarzis 1,1639.6073824465948,0.0,N
1537932,1401554986,219009413,2026-05-18,Djerba 1,299.8732494512629,0.0,N
1509668,1414187956,219009444,2025-12-24,Sfax 1,5858.639131913315,0.0,N
14009568,1415418154,219009481,2026-04-14,Ghardimaou,3046.87513525211,158.9863047577828,N
1597354,1401875388,219009495,2026-06-01,Gabès 2,5778.835749837698,48.598015271895385,N
1516978,1401732752,219009500,2026-06-17,Chebba,3940.198781958142,0.0,N
1671592,1414178932,219009544,2025-12-18,M'saken,0.0,709.1847775682444,N
1419946,1401473198,219009574,2025-10-04,Béja,2167.4105790336043,0.0,N
1068072,1400926712,219009638,2026-02-27,Sousse 3,316.4559309982379,0.0,N
1795000,1414155560,219009729,2026-03-25,Hammamet 1,618.2953596933255,0.0,N
1153678,1401708154,219009731,2026-04-05,Raoued,370.9772158159953,0.0,T
1520000,1401509354,219009732,2026-01-25,Testour,868.7476427489412,0.0,N
1708712,1401998758,219009778,2026-04-11,Ennasr,2556.3056852258323,0.0,N
1520694,1401737554,219009808,2026-06-05,Testour,1340.3885986335674,0.0,N
1790070,1414155500,219009813,2026-06-23,Sfax 4,272.04995826506325,0.0,N
1073934,1400935074,219010017,2026-05-16,Djerba 2,3323.949670757721,208.06257149040098,N
1553298,1401715812,219010033,2026-06-12,Enfidha,151.913314990571,0.0,N
1733392,1414134126,219010035,2025-08-06,Chebba,904.6044455436363,0.0,N
1709194,1414172154,219010040,2025-12-24,Sousse 2,524.3020991127462,11177.842458342351,N
975812,1401933326,219010053,2026-04-20,Ghardimaou,5834.797044548181,385.2542739666739,N
952774,1414158708,219010054,2026-04-29,Kelibia,49.46362877546604,0.0,N
1792954,1414159348,219010058,2025-11-28,Lac II,3179.004544470894,0.0,N
1736194,1414133356,219010080,2026-01-28,Ariana,5032.438556898631,0.0,N
1350092,1401550092,219010187,2025-12-13,Ennasr,6549.613874547872,5.795282406405541,N
1693548,1401954066,219010195,2025-10-02,Moknine,7142.023062416917,0.0,N
1320814,1401555690,219010198,2026-01-26,Raoued,9767.976319287724,5991.282035428325,N
1589526,1401779194,219010200,2025-11-14,Grombalia,5276.544347234674,0.0,N
1741128,1414193994,219010210,2025-10-09,Zarzis 1,4143.360126132254,2730.4853618573593,N
1580152,1401775206,219010225,2026-01-30,Nabeul 2,313.16690883234924,0.0,T
1081812,1401729548,219010319,2026-01-01,Djerba 1,2086.589482795932,0.0,N
1586132,1414139510,219010329,2026-02-16,Ain Zaghouan,12337.342566544039,5147.308869446935,N
1355992,1415415328,219010377,2026-06-21,Beni Khalled,5740.336352675674,0.0,N
1735494,1414153158,219010391,2025-12-22,Kelibia,24674.70089961975,294.7061551303058,N
1509950,1401549356,219010437,2026-07-18,Jendouba,1787.05691408786,0.0,N
14000754,1415414134,219010445,2026-03-22,Mutuelleville,1808.9170556774973,0.0,N
1509532,1415414734,219010447,2026-02-01,Mutuelleville,4957.372244721304,60.09459919003308,N
1794140,1414139330,219010578,2025-10-06,Sfax 5,1525.0409620675798,0.0,T
1733172,1414151060,219010594,2026-02-08,Djerba 1,1788.0616440473616,0.0,N
1811338,1414188692,219010595,2026-02-04,Djerba 1,12118.785049618204,35.32630537607815,N
1527400,1401534730,219010598,2026-04-12,Menzel Temim,7277.626364114138,352.4283550251956,N
1779492,1414134016,219010649,2026-07-25,Teboulba,71.10396636473244,0.0,N
1570674,1414126994,219010672,2026-07-27,Ain Zaghouan,84.08816891829227,0.0,N
1748980,1401873212,219010683,2026-06-13,Les Berges du Lac,44578.528766191615,21777.690048536188,N
1368132,1415555532,219010726,2026-06-19,Mutuelleville,5872.417534856401,288.89572448758776,N
814978,1401871496,219010748,2026-06-27,Testour,3060.4992735029527,182.39713110953105,N
1558192,1401015938,219010753,2026-02-12,Ennasr,5371.716697066189,262.77552786966334,N
887260,1400741616,219010759,2025-12-19,Raoued,8263.762945559094,0.0,N
1388686,1401553732,219010851,2026-07-29,Bizerte,61.829535969332554,0.0,N
1213272,1401533314,219010909,2026-04-28,Testour,228.46013540668378,0.0,N
1733212,1414126774,219010910,2026-05-05,Hammamet 1,98.92725755093208,0.0,N
14000616,1415414014,219010918,2025-10-15,El Jem,60.46897703032739,0.0,N
1140072,1401781116,219010919,2026-01-22,Lac II,372.29851299966,0.0,N
1392614,1401592614,219010926,2026-05-10,Bizerte,309.14767984666275,0.0,T
1320080,1401520080,219010933,2026-05-29,Zarzis 1,336.9709710328624,0.0,N
1014928,1400759672,219010936,2026-04-18,Bizerte,6553.846724580332,2092.5501592110554,N
1813388,1414181554,219010959,2026-06-09,La Goulette,173.12270071413116,0.0,N
987752,1414011400,219011000,2026-04-30,Kairouan 1,2930.480106346802,213.55179769375832,N
14149526,1415535406,219011005,2026-05-27,Chebba,4812.136210467741,552.7668717346277,N
14154992,1415467276,219011037,2026-07-28,Ariana,2067.0677342566546,0.0,N
1500978,1401754932,219011082,2026-07-15,Ghardimaou,4345.170494945436,0.0,N
1529200,1400874112,219011152,2026-05-11,Gabès 3,4290.983398769593,0.0,N
1017736,1401131948,219011189,2026-01-29,La Goulette,750.4986552075927,0.0,N
881536,1400892876,219011220,2026-05-25,Lac II,8613.398460444554,55.279314928741464,N
1814176,1414195598,219011221,2025-12-22,Sousse Erriadh,127.32556342164652,0.0,N
997388,1400753074,219011222,2026-03-05,La Goulette,4501.502457724055,254.73459671685166,N
1354918,1401747720,219011241,2026-07-20,Sfax 2,139.11645593099826,0.0,N
1551216,1414087466,219011244,2026-05-23,Chebba,2960.2436083717193,20.87365134324667,N
14017990,1415553414,219011268,2026-02-23,Gabès 1,1557.550313784895,7809.624385568986,N
14015972,1415550152,219011420,2026-04-29,Soliman,2046.102884347853,0.0,N
816946,1401909888,219011501,2026-05-12,Ghardimaou,3164.284477694995,298.16953658762793,T
14154086,1415475266,219011508,2026-05-05,Zarzis 1,2343.601261322534,0.0,N
1356134,1401556134,219011513,2026-07-25,Zarzis 1,4657.562679692089,0.0,N
1551566,1401490694,219011520,2026-06-22,Raoued,1529.0005255510557,94.0247936439237,N
14150120,1415537314,219011523,2026-05-16,Raoued,3525.752001731227,173.12270071413116,N
1696132,1401975214,219011526,2026-06-03,Grombalia,3408.2186910687237,134.6137199740316,N
981496,1415535474,219011544,2026-06-28,Raoued,3689.0122731628903,195.42832411042755,T
1735074,1401896734,219011550,2026-03-18,Raoued,6822.284292206387,3221.923826011686,N
14013008,1415553574,219011552,2026-01-30,Ain Zaghouan,28386.12761616224,19089.869230531425,N
1567110,1401741532,219011604,2026-07-21,Menzel Temim,209.9322966581136,0.0,N
716714,1401128714,219011636,2026-02-20,Bizerte,3337.397594831051,0.0,N
1686974,1401958750,219011643,2026-07-18,Kairouan 1,3461.7955297245494,725.6097937984975,N
1770794,1414117592,219011644,2026-03-12,Kairouan 2,1191.409095124741,100.82820663430921,N
1558092,1401512758,219011677,2026-07-21,Sfax 2,235.71923207716327,0.0,N
1336932,1401536932,219011680,2026-04-10,Chebba,1251.7058768973939,0.0,N
14015758,1415407720,219011751,2026-07-10,Lafayette,95.51797693758309,0.0,N
1372612,1401381734,219011789,2026-06-08,Bizerte,78.36862769344917,0.0,N
14141956,1415520734,219011828,2026-02-26,Lac II,1542.6469224348473,0.0,N
1777592,1414131492,219011907,2026-04-13,Gabès 1,1391.1645593099825,0.0,N
1813514,1414195214,219011957,2026-04-22,Grombalia,0.0,6182.9535969332555,N
1699394,1401981534,219011976,2025-09-13,Raoued,8523.140940427242,25.798373883204007,N
1290760,1401957408,219011979,2026-05-07,Gabès 4,4074.742943704208,0.0,N
1701170,1401992752,219012007,2026-01-24,Sfax 4,0.0,556.465823723993,N
1731548,1414135548,219012010,2026-01-21,Gabès 1,2976.358858626766,257.3258725693264,N
806754,1401513218,219012047,2026-03-04,Sfax 1,1424.4282313661238,0.0,T
1815738,1414199532,219012050,2025-12-02,Sfax 1,4179.37521253903,349.63829721457944,N
14009286,1415417614,219012083,2026-06-07,El Menzah,2561.811296256222,9.259282159087396,N
1333474,1401731752,219012129,2026-03-17,Bizerte,2244.928123164436,0.0,N
1500094,1401741192,219012130,2026-06-10,Sfax 1,5334.3728939314315,7564.264383095805,N
1673976,1401935266,219012294,2026-03-18,Gabès 1,0.0,2009.459919003308,N
948746,1401548750,219012296,2026-02-25,Sfax 1,3020.915077132346,0.0,N
1775534,1414126688,219012341,2025-12-31,Sfax 4,2305.568986304758,115.05734689461156,N
1493558,1401591470,219012360,2026-04-29,Gabès 1,4972.5155346709125,236.62287074535507,T
1547978,1401709548,219012362,2026-05-08,Sfax 4,5452.738430148082,0.0,N
1391212,1401591212,219012397,2026-05-04,La Goulette,262.77552786966334,0.0,N
1553554,1414109554,219012400,2025-09-20,Jendouba,1580.6059294524996,0.0,N
734106,1401727952,219012411,2026-01-11,Ghardimaou,1360.5212229882216,1608.8422419389744,N
1387120,1401417732,219012414,2026-03-20,Djerba 1,11633.667418926021,673.9419420657248,N
1375878,1401575878,219012416,2026-07-03,Ghardimaou,1479.1903422264816,83.46987355859895,N
1217156,1401417156,219012535,2025-10-31,Ain Zaghouan,1871.6505394627015,92.74430395399882,N
1274750,1414167158,219012538,2026-07-30,Gabès 2,20647.634092806136,6196.743129192816,N
1615316,1401934714,219012569,2025-12-31,Chebba,4383.1285745200485,19.134386496429347,N
1768872,1414194094,219012578,2026-06-28,El Menzah,11306.10875815377,33.11280798837605,N
1353346,1414159294,219012798,2026-06-02,Zarzis 1,2431.7364825176987,0.0,N
1015546,1400877514,219012841,2026-06-13,Sfax 2,618.1741738028256,0.0,N
895550,1414152950,219012842,2026-03-08,Djerba 1,280.0568831730918,0.0,T
14013576,1415534894,219012844,2026-07-18,Sousse 2,161.53059016292084,0.0,N
1089336,1414141930,219012853,2026-07-05,Sousse 2,52.777691903422266,0.0,N
929954,1414109298,219012861,2026-04-06,Djerba 2,45.27467771354376,0.0,N
1413938,1401474738,219012895,2026-04-25,Jendouba,600.4729959501655,0.0,N
1211338,1401411338,219012937,2026-06-13,Boussalem,575.0898074009955,0.0,N
1677480,1401939148,219012964,2026-06-07,Boussalem,397.34751290691565,0.0,N
1615336,1415553328,219012977,2026-06-30,Bizerte,4701.487309487743,1002.2873836831856,N
1555394,1401719414,219012992,2026-06-15,Sfax 2,719.9310600673942,0.0,N
1712730,1414007556,219012994,2025-10-22,Ariana,2519.1755031378493,0.0,N
1576006,1400176006,219013070,2026-05-30,La Marsa,2766.676044146289,154.76953040467433,N
1527332,1401673512,219013140,2026-05-06,Testour,2888.6301666305994,139.11645593099826,N
1358120,1401558120,219013164,2026-06-14,Ariana,6945.862985748292,529.3279129440134,N
1709152,1401999328,219013168,2026-06-24,Gabès 1,1292.1763996661207,160.81769561319445,N
1533354,1401669378,219013189,2026-05-08,Kairouan 2,1819.1875598973631,125.35134633814575,T
1531354,1400131354,219013200,2026-06-15,Lac II,2440.7351531826753,0.0,N
1212926,1401759146,219013202,2025-09-25,Béja,2912.5108974557147,31.421461031934957,N
1781320,1414137734,219013254,2026-04-27,Gabès 1,139.11645593099826,0.0,N
1813334,1414193274,219013260,2026-03-17,Zarzis 1,12015.58877175627,7.587411506476644,N
1540974,1414170694,219013375,2025-12-19,Chebba,1492.445667295267,115.12226790737937,N
1499714,1414077130,219013392,2026-06-28,Kairouan 1,809.9449717129874,0.0,N
1513314,1401732798,219013405,2026-03-29,Ain Zaghouan,8596.699230222277,606.627198812873,N
1412812,1401460906,219013430,2026-05-15,Sfax 2,260.4127121525953,0.0,N
1392794,1401413800,219013435,2026-07-12,Sfax 4,340.06244783132905,0.0,T
1507398,1415415374,219013447,2025-11-22,Medjez El Bab,465.10619222802734,0.0,N
1501474,1401741496,219013449,2026-05-17,Ennasr,4560.487525891119,286.9480941045538,N
1476998,1401578176,219013461,2026-01-08,Sfax 2,5827.833183911955,293.69029585432963,N
1772888,1414113692,219013534,2026-04-27,Béja,5684.413083129812,0.0,T
1759568,1401993860,219013550,2026-01-13,Gabès 1,248.29968776084337,0.0,N
1289860,1401392006,219013580,2026-01-28,Zarzis 1,1368.3720283179275,0.0,N
1736140,1401899288,219013598,2026-06-23,Gabès 2,6792.948650570378,824.4501808513927,N
1673750,1401933806,219013644,2026-02-07,Ghardimaou,5066.306921816552,5713.672674436579,N
1487696,1414001150,219013645,2026-03-08,Ghardimaou,3747.873373110335,342.1504312610134,N
14150610,1415537334,219013663,2026-04-22,Mahdia,615.8036293937614,0.0,N
933092,1400673732,219013684,2025-12-15,Zarzis 1,1082.9443225028597,0.0,N
1315260,1414075532,219013694,2026-01-28,Grombalia,454.44708937459427,0.0,N
1675206,1401913596,219013762,2026-04-12,Chebba,0.0,268.95879061427644,N
928730,1414015216,219013780,2026-02-20,Ennasr,1932.6546511268434,92.74430395399882,N
1677914,1401954116,219013806,2026-01-25,Gabès 4,2941.9463937923147,0.0,N
1372734,1401819898,219013808,2026-02-18,Djerba 1,2198.799888706835,132.1736173370019,N
1521292,1401739188,219013868,2026-05-29,Ezzahrouni,796.3638049896437,0.0,N
1358816,1401889954,219013871,2026-07-25,Bizerte,126.74683896497358,0.0,N
1755568,1414093612,219013872,2026-05-22,Ennasr,139.11645593099826,0.0,N
1532694,1401532746,219013873,2026-05-31,Chebba,349.1146010449192,0.0,N
1739748,1414139132,219013889,2026-07-23,Hammamet 1,640.3066744984079,0.0,N
1728732,1401893566,219013894,2025-09-29,Soliman,103.69802454632578,12.232355396172752,N
1275534,1401219532,219013968,2026-04-26,Zarzis 1,2576.12885275296,0.0,N
1727986,1414141346,219013974,2026-06-06,Bardo,809.7937984975423,0.0,N
1581468,1401775752,219013978,2026-07-25,El Menzah,651.1994929978051,0.0,N
14155894,1415532794,219014017,2026-05-07,Sahloul,3189.199616656877,0.0,N
1521874,1401513498,219014027,2025-11-15,La Marsa,221.35623087148733,0.0,N
1617594,1414077550,219014059,2025-11-01,Djerba 2,7023.072618789996,470.92960707329894,T
1281398,1401481398,219014061,2026-05-27,Ain Zaghouan,241.2699786688101,0.0,N
14001266,1415401760,219014080,2026-02-07,Soukra,2324.3744396698303,168.9015982935048,N
1194894,1401347526,219014149,2026-03-25,Zarzis 1,706.3050669304728,0.0,T
1571966,1401749530,219014162,2026-03-02,Zarzis 1,9277.9460228151,0.0,N
1475412,1401551194,219014173,2025-12-25,Gabès 1,4707.853587658825,231.86075988499707,N
897750,1414172732,219014187,2026-02-28,Ghardimaou,13925.419667975393,4252.3263362908465,N
1321260,1401521260,219014210,2025-11-27,Bizerte,453.4667820818005,0.0,N
1415152,1401532614,219014220,2025-08-02,Djerba 2,1642.750177759916,80.37839676013232,N
1517314,1414153708,219014249,2026-01-24,Nabeul 2,589.4184932142084,0.0,N
1270612,1401470612,219014376,2026-01-21,Gabès 3,77.28691996166569,0.0,N
959908,1401355886,219014412,2026-01-03,Gabès 3,243.60218876557332,0.0,N
1549538,1414186892,219014537,2025-12-26,Sfax 2,2470.0899619748357,0.0,N
14010706,1415541496,219014538,2025-12-27,Bab Benat,1240.891272760998,0.0,N
1375560,1401575560,219014635,2026-05-12,Djerba 2,2134.670912294803,120.56141218660154,N
1313294,1415553738,219014637,2026-05-09,Zarzis 1,6711.716078770829,3654.1255757875538,N
1810934,1414189470,219014644,2026-03-16,Zarzis 1,1803.6528889850683,309.14767984666275,N
1368948,1401886916,219014650,2026-07-05,Soukra,1479.177358023928,143.84796117105142,N
1599332,1401794880,219014671,2026-06-21,Testour,4400.567285992519,264.4712028936223,N
1361920,1401715900,219014674,2025-12-01,Ariana,284.4158654589298,0.0,N
1486928,1401595994,219014680,2026-04-21,Sfax 5,1223.8782576436765,0.0,N
1112000,1400912014,219014710,2026-05-26,Bizerte,59.13995115466659,0.0,N
1735814,1401875552,219014713,2026-07-11,Testour,3257.3459671685164,3278.5111447738586,N
1493208,1414193492,219014718,2026-06-04,Zarzis 1,1818.2112715244073,112.83890314403192,T
1672786,1401915472,219014758,2026-03-13,Ennasr,6190.063993569728,0.0,N
1479138,1401594130,219014759,2026-06-18,Zarzis 1,119.20889108727239,0.0,N
1590758,1401781536,219014770,2025-10-22,Beni Khalled,1782.9047515998393,85.01561195783226,N
1492926,1401593498,219014782,2026-06-26,Jendouba,233.16536309395,0.0,N
1327334,1401527334,219014833,2025-09-30,Bizerte,285.5866077225091,270.87921600148394,N
1758716,1414094070,219015016,2026-01-05,Testour,4537.0825733452875,0.0,N
14015140,1415549332,219015049,2026-03-12,Gabès 1,17122.513679784835,1055.3698951989365,N
1741754,1414074876,219015187,2026-02-10,Zarzis 1,3251.907441184654,68.33864036850404,T
1608160,1401813534,219015222,2025-11-10,Soliman,143.3270473305098,0.0,N
1751750,1401932930,219015375,2026-05-01,Zarzis 1,57.63532939685288,0.0,N
928766,1400619014,219015384,2025-10-20,Zarzis 1,4321.334281386218,0.0,T
931554,1414157466,219015600,2026-03-20,Djerba 2,916.5848455807339,0.0,N
1550958,1415413506,219015610,2026-02-07,Sousse 3,5759.447862243795,0.0,N
1758732,1401866154,219015697,2026-06-18,Ain Zaghouan,2863.6176461495656,196.9443843323956,T
1726078,1414153154,219015806,2026-03-08,Gabès 1,2473.181438773302,0.0,N
1739952,1414139574,219015812,2026-05-23,Djerba 2,104.37691285126905,0.0,T
927556,1414176156,219015816,2026-06-02,Ariana,3279.889634278295,120.73484403499552,N
1555532,1401497490,219015833,2026-02-13,Sousse 3,2134.5478715182244,0.0,N
1477154,1401494614,219016025,2026-01-13,Lac II,2057.1790274213995,0.0,N
1773194,1414107494,219016081,2026-06-20,Ghardimaou,68.01218041858596,0.0,N
1513494,1401568680,219016111,2026-06-12,La Marsa,1421.459795344236,81.96525180078524,N
1727208,1414155260,219016142,2026-05-31,La Goulette,11332.524809101309,1936.0936099174576,N
1515560,1401731554,219016169,2026-05-03,Kairouan 1,2016.4036850403438,108.20168794633197,N
1487174,1414195536,219016227,2026-05-29,Teboulba,103.98182211642502,0.0,N
1510928,1401721572,219016245,2026-06-24,Chebba,3633.2695458620583,252.7167898104925,N
1747510,1401991372,219016393,2026-03-20,Beni Khalled,525.5510557393267,0.0,T
1549218,1401488940,219016435,2025-12-01,Ain Zaghouan,1630.9292979256193,78.65737162642594,N
897598,1400753594,219016495,2026-01-30,Gabès 4,3311.6366278171085,0.0,N
1751536,1401932614,219016577,2026-07-13,La Marsa,2981.187745385971,192.21318824002228,N
1376072,1401815114,219016581,2026-06-21,Korba,1511.4146597829783,83.46987355859895,N
1274606,1401474606,219016601,2026-03-19,Zarzis 1,4575.038488886141,11.940210838717656,N
1775534,1414100600,219016704,2026-02-10,Medjez El Bab,1565.5136488700653,202.81107985284572,N
1714736,1414011354,219016729,2025-08-20,Sousse Erriadh,1263.7771663523665,0.0,T
1533974,1414113894,219016752,2025-08-10,Gabès 2,3144.123720901475,0.0,N
1535110,1414136154,219016773,2026-05-31,El Jem,13349.097597922528,3864.3459980832845,N
1073572,1401068138,219016812,2026-05-29,Bizerte,1751.8320091507715,0.0,N
886120,1400741410,219016828,2026-07-04,Bizerte,2352.0623241722574,65.47253222864563,N
1721354,1414094088,219016886,2026-05-25,Ghardimaou,9217.082573345288,463.72151976999413,N
1769592,1414115120,219016999,2026-03-31,Jemmal,777.9318020218259,149.51123751816243,N
1361108,1414173354,219017082,2025-12-07,Grombalia,204.16391009985472,0.0,N
1760740,1414097528,219017114,2026-02-28,Ghardimaou,61.829535969332554,0.0,T
1111938,1400919016,219017118,2026-02-02,Djerba 1,0.0,556.465823723993,N
1349216,1401549216,219017246,2026-07-07,El Menzah,5477.154913902372,0.0,N
1149612,1415413356,219017331,2026-05-11,Jemmal,7335.719850372523,0.0,N
1334740,1401331332,219017379,2026-07-08,Sousse 3,640.5784153089932,0.0,N
1735894,1414131974,219017431,2026-07-12,Jemmal,2852.918354097753,0.0,N
1321008,1401521008,219017465,2026-01-15,Bizerte,2617.767644603827,0.0,N
936074,1415413266,219017473,2026-02-27,Zarzis 1,899.9137477973228,0.0,N
661332,1400953112,219017548,2026-03-25,Bizerte,687.9998145113922,0.0,T
1401276,1414133212,219017587,2025-09-12,Ariana,4382.546449438897,25.899465174513868,N
1553072,1401395134,219017732,2026-07-18,Gabès 4,511.6721798002906,44.793643923702355,N
781552,1414071792,219017781,2026-06-29,Testour,1744.6362877546605,162.80489689924877,N
1807136,1414193556,219017801,2026-07-15,Gabès 1,3825.192753578385,0.0,N
1369156,1415408734,219017826,2026-05-30,Lac II,5484.518193340959,18.897270225986954,N
1507718,1400107718,219017858,2026-05-11,Béja,3827.6433672365292,0.0,N
1111328,1415400740,219017923,2026-06-21,Korba,60.902092929792566,0.0,N
14001672,1415415920,219017928,2026-06-24,Djerba 2,2078.04433177729,58.1661359631496,N
1753612,1414093410,219018015,2026-01-23,Bardo,6656.782081800477,430.9531022969673,N
14013752,1415553952,219018118,2026-01-20,Mutuelleville,3922.081182180728,226.6806813614864,N
1759376,1414093810,219018318,2026-07-18,Béja II,1545.7383992333139,0.0,N
1721470,1414093090,219018449,2026-06-09,Grombalia,61.211240609639226,0.0,N
1694776,1414073808,219018451,2026-03-27,Gabès 1,61.829535969332554,0.0,N
1212614,1401412614,219019187,2026-06-16,Mutuelleville,236.477880483507,0.0,N
1792886,1414177492,219019189,2026-05-29,Grombalia,246.84978514236252,0.0,N
1807136,1414193556,219019329,2026-06-07,Gabès 1,876.0534207190775,0.0,N
1619316,1415532708,219019563,2026-05-30,Raoued,2092.9897672117972,163.78829566884102,N
1541358,1414180086,219019576,2025-10-01,Raoued,2381.711441555631,123.65907193866511,N
1674714,1401935934,219019587,2026-07-07,Raoued,1453.493987077627,160.25690172195257,N
755952,1401954972,219019676,2026-01-02,Mutuelleville,208.44282313661236,0.0,N
1301274,1400933932,219019685,2025-09-15,Djerba 1,238.04371348193033,0.0,N
14007540,1415415320,219019725,2026-07-23,Ariana,621.3868364917921,0.0,N
1310112,1400735320,219019726,2026-03-20,Lac II,148.88521346647295,0.0,T
1361210,1401374712,219019737,2025-10-13,Gabès 1,501.61065941200116,116.6847002813244,N
1775320,1414133138,219019795,2025-11-11,Djerba 2,1647.9488051442174,105.11021114786534,N
1466872,1401560014,219019796,2026-06-27,La Goulette,342.31706186045074,0.0,N
958752,1415486732,219019813,2026-07-20,Ghardimaou,1935.723869292361,3628.9343679475687,N
1515898,1401755488,219019819,2026-07-12,El Jem,309.7044548180666,0.0,N
1201126,1414157788,219019827,2026-03-27,Hammamet 1,3203.6927690357684,0.0,N
14155112,1415473136,219019882,2026-06-19,Ain Zaghouan,421.98658299069467,0.0,T
727472,1415409958,219019920,2026-05-05,Djerba 1,1889.343370328006,212.86085262930104,N
1060610,1414131212,219019946,2026-03-28,Raoued,3154.482332210097,0.0,N
1135566,1400811732,219020009,2026-03-25,Raoued,153.33724920394474,0.0,N
1487790,1401369920,219020018,2026-03-12,Djerba 2,151.5522305005101,0.0,N
1528914,1401533596,219020034,2026-05-25,Teboulba,427.1054502735957,84.19080594800137,T
1773278,1415555380,219020108,2026-04-19,Sousse 2,1490.0942900423534,132.93102915262622,N
1415594,1401729720,219020237,2026-03-31,Soukra,3832.39960429097,182.3974402572109,N
1612812,1401941570,219020305,2026-04-11,Mutuelleville,1421.863233066436,31.130862212879094,T
1815754,1414179326,219020313,2026-06-26,Gabès 2,2321.262249976814,0.0,N
1611296,1401860754,219020314,2026-03-15,Mutuelleville,1355.879061427644,0.0,N
1561480,1401897312,219020483,2026-07-31,Sfax 4,3163.8556898630477,700.4903082202369,N
1732692,1401877156,219020492,2026-06-08,Raoued,4263.4473057779705,203.73666800630662,N
1811270,1414191526,219020545,2026-01-25,Chebba,4216.986428416855,55.43450706402449,N
1373358,1401113948,219020620,2026-04-03,Djerba 2,2670.456611123134,0.0,T
1521978,1401513292,219020724,2026-07-26,Bizerte,192.5062602405169,0.0,N
1481480,1414175538,219020760,2026-06-21,Mutuelleville,2890.4754691316043,0.0,N
1695610,1401975548,219020812,2026-07-15,Medjez El Bab,108.15840727115344,0.0,N
1001146,1401813756,219021031,2026-04-10,El Menzah,2122.2428664172876,0.0,N
1131714,1415526908,219021044,2026-05-16,Hammamet 2,1794.9179212910008,0.0,N
1797532,1414167534,219021226,2026-07-22,Lac II,4109.453736049712,0.0,N
1317356,1401514746,219021483,2026-04-11,Ghardimaou,64.06962005750147,1793.056543110644,N
1537494,1414181210,219021591,2026-05-27,Djerba 2,0.0,2998.732494512629,N
1557538,1401515618,219021699,2026-04-24,Ariana,142.07067115961294,0.0,N
1121940,1401559118,219021718,2025-09-30,El Menzah,5565.979843571275,0.0,N
14140066,1415557356,219021765,2026-03-29,Ariana,420.1706495192754,0.0,N
14135340,1415477512,219021781,2026-07-26,Sfax 4,77.25600519368102,0.0,N
1752600,1401934696,219021793,2026-05-30,Gabès 3,212.69298543914428,0.0,N
1092990,1401739336,219075859,2026-05-29,Ariana,1518.153460908276,0.0,N
1509874,1401759720,219021952,2026-06-17,Sousse 3,451.3030574705537,9348.693541904968,N
1532060,1401666154,219022195,2026-05-26,Menzel Temim,4097.225090425696,301.9463937923146,T
14015738,1415549520,219022231,2026-06-21,Zarzis 1,2664.218010943828,3630.2250595109285,N
1576132,1401757312,219022317,2025-12-25,Kairouan 2,3465.9829350480727,0.0,N
1010692,1400769318,219022346,2026-04-27,Djerba 2,4543.237703651034,0.0,N
1390612,1414001388,219022521,2025-08-29,Mahdia,656.3684422048412,0.0,N
1681550,1401948812,219022574,2026-01-06,Mahdia,766.9459300707948,0.0,N
1507700,1401814950,219022781,2026-02-10,Chebba,218.25053327974774,0.0,N
889976,1415407950,219022831,2025-11-10,Gabès 4,1229.001762141775,4335.656475098154,N
668758,1400715292,219022869,2025-10-19,Lac II,11699.308745787863,1759.8865428014963,N
1380680,1401580680,219022919,2026-04-04,Bizerte,2858.9915602683404,0.0,N
1772108,1414112188,219023459,2026-07-21,Chebba,4011.8205706866174,200.9459919003308,N
1467692,1401561540,219023600,2026-02-19,Beni Khalled,0.0,556.465823723993,N
1534726,1414091546,219023773,2025-10-10,Nabeul 2,348.3825393390423,0.0,T
1751552,1414081550,219023906,2026-05-27,Ain Zaghouan,2122.517698704671,102.01873434939871,N
1370156,1401549412,219023949,2026-05-24,Ariana,635.6079389124185,0.0,N
1117474,1414194954,219024089,2026-06-18,Bab Benat,345.0839335950784,0.0,N
768132,1401937592,219024400,2026-07-25,Sfax 4,131.38776393483167,0.0,N
1753492,1401935532,219024533,2025-08-23,Bardo,162.90196927072063,0.0,N
1375074,1401379014,219024536,2026-06-18,Bizerte,8216.446347420164,0.0,N
1712948,1401991532,219024573,2026-03-14,Chebba,12465.580115621233,178.9220020403747,N
1721988,1415556150,219024740,2026-07-31,Enfidha,972.8423037685103,0.0,N
935212,1401755134,219024843,2026-03-22,Ariana,61.829535969332554,0.0,N
787792,1400994126,219024851,2026-07-14,Sousse 3,207.17222617244258,0.0,N
817396,1414155472,219025034,2026-06-18,Sousse 2,607.7426036417597,0.0,N
1752132,1414067174,219025107,2026-06-29,Zarzis 1,94.83476056512197,0.0,N
1817278,1414199956,219025162,2026-05-11,Chebba,2217.8433857853897,0.0,N
14011680,1415541960,219025200,2026-01-17,Chebba,43.28067517853279,0.0,N
1741714,1414074946,219025206,2025-11-29,Raoued,6342.966271988129,340.06244783132905,N
975470,1414112734,219025226,2025-09-05,Bab Benat,627.5166166877918,0.0,T
1133354,1400812754,219025250,2026-05-14,Jendouba,2136.322379200544,4.099298234766748,T
1748720,1414075548,219025256,2026-04-12,Sidi Hessine,1362.113024391752,5810.113148050824,N
1771906,1414119946,219025267,2026-01-08,Raoued,4594.836306303521,0.0,N
1115352,1414015340,219025387,2026-03-04,Djerba 2,269.86119269174884,286.60463103224413,N
1757214,1415533932,219025716,2026-06-20,Sfax 4,3193.1431044610013,102.01873434939871,N
1411572,1401753932,219025753,2026-01-28,Djerba 2,1527.717871827372,72.98420255355984,N
1713708,1414009286,219025820,2026-07-12,Kairouan 1,5858.4004699044735,333.8275574241816,N
1375594,1401748612,219025838,2026-04-15,Kairouan 2,626.897084737379,0.0,N
1480712,1401593094,219025842,2026-02-22,Ariana,247.30670541317588,0.0,N
14009960,1415418954,219025928,2026-02-02,Ghardimaou,0.0,3165.6722416298267,T
1347938,1401130706,219025961,2026-02-20,Bizerte,0.0,675.22181346029,N
1559868,1400679346,219025977,2025-12-08,Zarzis 1,6092.846631836029,363.6974062509661,N
1714672,1414011592,219026017,2026-03-18,Béja II,6473.0110984017065,0.18734349398707764,N
1672730,1401932154,219026088,2026-07-12,Sousse 3,7665.191516987666,0.0,N
14147374,1415529752,219026184,2026-07-08,Medjez El Bab,2547.2940303583023,448.34698735585994,N
1157468,1401749532,219026244,2026-04-18,Mutuelleville,9088.836368133057,0.0,N
1547770,1401707934,219026350,2026-02-02,Ghardimaou,19436.73663709154,1933.7187374408757,N
1115796,1400915730,219026415,2026-06-05,Jendouba,6590.735153182676,390.86777753732963,N
1729338,1414147574,219026590,2026-06-15,Mahdia,58.738059170865924,0.0,N
1351414,1401356920,219026801,2025-10-03,Béja II,1880.3855071567689,113.61702785420596,N
951740,1401127720,219026813,2026-05-04,Zarzis 1,576.6262713698334,30.348718582867036,N
815946,1401675554,219026862,2025-12-12,Lac II,62.92979256190683,0.0,N
1687540,1401957532,219026954,2026-05-28,Zarzis 1,57.76238909326986,1651.8242804587753,N
14011218,1415419698,219027007,2025-11-27,Chebba,5262.291711750704,31.974835378860483,N
1341868,1414157414,219027091,2026-03-21,Zarzis 1,4685.42337774755,199.3109098216218,N
1175552,1415414726,219027103,2025-11-28,Monastir 2,2055.248091013077,12.820972578600799,N
1610120,1401935938,219027122,2026-03-20,Djerba 2,772.8691996166569,0.0,N
1597468,1414094194,219027155,2025-12-10,Chebba,1799.8274955946456,0.0,N
1599572,1414148974,219027236,2026-07-01,Ghardimaou,283.59507836893687,0.0,T
1815476,1414195792,219027454,2026-03-02,Sousse 3,4958.78999598108,0.0,N
1517130,1401290912,219027487,2026-04-06,Mutuelleville,1794.2065724796737,0.0,N
975550,1401927166,219027496,2025-11-01,Gabès 2,311.61746066095776,0.0,T
1200718,1401400718,219027500,2025-12-05,Bizerte,1355.8700961449285,0.0,N
1081720,1414133212,219027507,2026-03-04,Testour,185.48860790799765,0.0,N
1739286,1401912812,219027647,2026-06-20,Sfax 1,331.1744520357375,0.0,N
1780948,1414136992,219027677,2026-06-27,Sfax 1,16619.62036664915,408.4360218876558,N
1307596,1401277668,219027680,2025-10-02,Gabès 1,2821.3373728630168,129.4772312733793,N
1351526,1414100158,219027953,2026-01-15,Gabès 2,10188.996197483539,0.0,N
1808918,1414193732,219028045,2026-03-29,Monastir 1,376.97468080502057,0.0,N
1739100,1414138136,219028116,2026-02-18,Djerba 2,989.2725755093209,0.0,N
1775210,1414115328,219028215,2026-03-16,Zarzis 1,29172.229263919377,0.0,N
1693968,1414173558,219028281,2026-02-09,Djerba 2,0.0,556.465823723993,N
1536148,1414192756,219028323,2026-06-05,Mahdia,3693.3032429591617,0.0,T
1570614,1401747312,219028324,2026-06-18,Kairouan 2,427.9345843509445,0.0,N
1770778,1414117594,219028377,2026-06-10,Ennasr,1147.058459826259,5035.895137106996,N
1074774,1401955334,219028493,2025-10-30,Ain Zaghouan,723.9125730361394,0.0,N
1369558,1400921018,219028505,2026-01-27,Mutuelleville,562.8138621819644,0.0,N
14133680,1415494818,219028508,2026-07-28,Djerba 2,68.61594583732649,0.0,N
959736,1414075146,219028737,2026-06-16,Raoued,2415.557856988283,0.0,N
1552752,1401360954,219028838,2026-07-27,Djerba 2,2584.5772405478097,135.639162828083,N
1551586,1401713516,219028939,2026-06-26,Gabès 2,2922.788202924537,301.62209787615546,N
1359354,1414194940,219029007,2025-10-07,Ennasr,15819.040405601756,283.78644078276193,N
1294018,1401494018,219029216,2026-06-15,Zarzis 1,2761.5185334034068,144.46965715522305,N
1520158,1401738750,219029294,2025-11-24,Raoued,9729.79967230346,16.670479488051445,N
1461494,1401871574,219029527,2026-02-17,Zarzis 1,3459.7971991220206,0.0,N
1487728,1400087728,219029558,2026-05-16,La Goulette,225.2623118063499,0.0,N
14018152,1415553734,219029634,2026-02-27,Enfidha,2255.816613596315,0.0,N
1314970,1401277158,219029690,2026-06-01,Bizerte,2213.7957152131576,209.92209478467865,N
1527596,1401867336,219029725,2026-05-18,Sfax 3,9600.14035304665,5579.889015982935,N
1593332,1401772174,219030098,2026-04-10,Zarzis 1,7455.560330169723,0.0,N
1206800,1401406800,219030131,2026-05-02,Chebba,0.0,556.465823723993,N
1753712,1414081874,219030158,2026-03-15,La Marsa,175.59588215290447,0.0,N
1340174,1401540174,219030181,2026-01-12,Bizerte,695.871023587968,0.0,N
14013346,1415411358,219030306,2026-07-02,Chebba,527.8792469162519,0.0,N
1314774,1415531352,219030311,2026-07-25,Raoued,80.71876835564349,401.8919838006616,N
1313214,1414131514,219030650,2026-01-01,Gabès 2,0.0,6182.9535969332555,N
1591354,1401697676,219030776,2026-01-31,La Marsa,570.2909079667357,0.0,N
1737508,1414135078,219030844,2026-06-12,Mutuelleville,2033.7657278882123,229.19528858935914,N
14000750,1415414018,219030845,2026-05-30,Zarzis 1,4418.270627878938,116.9258354716048,N
1270970,1401470970,219030852,2026-07-15,Zarzis 1,293.5357220144063,0.0,N
1733356,1401891588,219030979,2026-06-06,Bab Benat,7637.031254830433,0.0,N
894880,1401792974,219031161,2025-08-03,Soukra,210.45228305561568,0.0,N
877152,1400770730,219031311,2025-11-11,Lac II,6678.210034933688,0.0,N
939090,1400694738,219031376,2026-06-29,Soukra,7700.455065384735,541.8898197669026,T
1297734,1401930906,219031421,2025-08-29,Lac II,224.34847126472317,0.0,N
1117394,1401313192,219031430,2025-10-01,Sousse 3,293.24512319535046,0.0,N
1333472,1401533472,219031431,2026-01-16,El Jem,1017.7521872198349,0.0,N
781376,1401312980,219031476,2026-03-06,Gabès 4,1097.54073020682,0.0,N
1757528,1414156172,219031499,2026-06-14,Grombalia,6773.8971156521475,0.0,N
1695372,1401973934,219031505,2025-08-08,Chebba,913.3731103348069,0.0,N
1566676,1400166676,219031739,2025-11-14,Djerba 1,895.5869168701889,0.0,N
1613076,1401807370,219031823,2025-08-22,Ghardimaou,0.0,3709.772158159953,N
1755496,1414066132,219031966,2026-03-11,Teboulba,226.29610164775715,0.0,N
1541596,1414157488,219031973,2025-11-19,Zarzis 1,255.56589482795934,0.0,N
1215860,1401936688,219031991,2026-06-05,Soukra,1373.8847497449533,79.10934553436176,N
1273150,1401539266,219032082,2025-08-10,Bizerte,108.17571954122485,0.0,T
1477112,1415493894,219032085,2026-07-29,Soukra,3835.0697128018055,310.6006739419421,N
728680,1401295570,219032246,2026-06-16,La Marsa,3847.4127430673634,233.33663090858505,N
1767194,1414111528,219032283,2026-06-05,Mutuelleville,1381.558722601787,71.10396636473244,N
1788668,1414151576,219032369,2026-03-29,Chebba,11144.41493801589,513.3474510773797,N
1357468,1401001340,219032464,2025-09-23,Ghardimaou,170.45753856617307,0.0,N
1132018,1400954936,219032499,2026-07-09,Ennasr,6839.206417905834,0.0,N
1378936,1401415870,219032554,2025-09-26,Ain Zaghouan,3667.1867561133954,64.22573963582404,N
1412900,1401461138,219032752,2026-05-11,Ain Zaghouan,3685.7006832163725,187.9197452623118,N
1535072,1401607392,219032791,2026-01-27,Chebba,1989.745880607166,1.802330973506044,N
1801514,1414174728,219032925,2026-07-09,Mutuelleville,4552.827773827557,0.0,N
1753930,1414071312,219032962,2026-02-18,Sfax 1,60.28379757009924,0.0,N
1197170,1401073776,219033022,2025-12-30,Boussalem,498.8536804031286,865.6135035706558,N
767950,1415534152,219033097,2026-05-16,Place Barcelone,3203.4537978792473,336.2871363650416,N
998716,1401554172,219033107,2026-07-14,Sfax 2,154.57383992333138,0.0,N
1807136,1414193556,219033134,2026-07-20,Gabès 1,139.11645593099826,0.0,N
932938,1401672608,219033271,2026-05-06,Sfax 5,0.0,556.465823723993,N
1693540,1401969552,219033298,2026-03-28,Ghardimaou,1355.679661174143,254.97975082697005,N
1309152,1401615400,219033322,2026-03-04,El Jem,6713.334776022506,4.444307045475624,N
1389172,1401541156,219033673,2026-03-16,Mahdia,2503.901443719665,120.56759514019848,N
1753280,1414195332,219033782,2026-01-05,Sidi Hessine,2629.1003802516466,278.433548706217,N
1347114,1401547114,219033946,2026-07-05,Zarzis 1,3496.6788264754073,179.08708690141282,N
736100,1401757920,219033948,2026-01-01,Ghardimaou,3696.8677157077936,257.13110953102296,N
1341592,1401993340,219034432,2026-04-13,Korba,3601.198256407086,0.0,T
1573356,1414091930,219034777,2025-09-17,Hammamet 2,68.01248956626581,0.0,N
1527214,1401534148,219035035,2026-07-02,Zarzis 1,7783.716264259438,538.6181098710855,N
14011812,1415554160,219035089,2026-02-14,El Jem,3363.73048505271,81.72040683834668,N
14011812,1415554160,219035089,2026-02-14,El Jem,0.0,1338.4548798961264,N
1373408,1401353008,219035349,2026-04-23,La Marsa,8037.839676013232,0.0,N
14152950,1415461374,219035426,2026-04-17,El Jem,122.73162889912511,0.0,N
1759494,1401873554,219035727,2026-07-29,Djerba 1,6088.562154141034,361.8041858595851,N
1786814,1414149218,219036287,2026-05-20,Raoued,36841.70649519275,5049.119856555477,N
1787932,1414151574,219036378,2026-06-24,Lac II,1544.2835502519554,0.0,N
14014998,1415549526,219036477,2026-03-17,Beni Khalled,2996.1205057656043,229.83553343432158,N
1555326,1400933728,219036504,2026-06-27,Bizerte,3144.07240238662,265.8265063220701,N
1529410,1400129410,220000046,2026-06-23,El Jem,2476.300120567595,3799.1662287074537,N
1712734,1401991330,220000082,2025-08-19,Menzel Temim,2894.621757813708,3411.418060407457,N
1554156,1400154156,220000200,2025-11-04,El Jem,1652.2818190249484,125.3173400933626,N
1479280,1415551548,220000443,2026-06-02,Zarzis 1,2312.9804927814016,0.0,N
1355160,1401775614,220000517,2026-01-11,Bizerte,83.4643089003617,0.0,N
1334196,1401819152,220000556,2025-09-13,Ariana,1325.203882894859,64.4149380158902,N
1391336,1414137014,220000640,2026-07-29,La Goulette,6148.0857575663895,328.5581352211952,N
14141956,1415520734,220000652,2026-04-25,Lac II,5916.206757968282,266.74683896497356,N
1731200,1414134974,220000756,2026-02-06,Soukra,5908.102142393422,340.06244783132905,N
1407158,1401531298,220000824,2026-01-23,Gabès 1,1739.1742665471297,210.0018548860791,N
1734866,1415553552,220000854,2026-07-04,Mutuelleville,1251.7058768973939,0.0,N
1475174,1400075174,220000885,2026-03-30,Soukra,430.97010541935884,0.0,N
1696692,1401977594,220000994,2026-06-11,Djerba 2,4077.4535505611034,2277.3419482486784,N
1673310,1401933214,220001047,2026-05-29,Bab Benat,4408.2193093640835,58.96466442019353,N
1336752,1414134936,220001056,2025-10-19,El Menzah,230.83748106470463,5332.673818282994,N
1790180,1414155336,220001293,2026-03-24,Soliman,4076.002411351903,134.58898815964386,T
1211906,1401277616,220001517,2025-08-15,Zarzis 1,907.0392926701086,0.0,N
1532152,1414091738,220001590,2026-04-26,Jemmal,5137.503632485238,37.628528147896255,N
1311394,1414095760,220001615,2026-04-29,Sousse 2,3933.8569264537673,85.0629115528488,N
1313332,1401695410,220001653,2026-01-23,Chebba,1959.8336785482427,1.8474665347636567,N
1357896,1401953418,220001870,2026-03-18,Zarzis 1,1262.9897672117972,0.0,N
873958,1401738126,220002142,2026-07-18,Zarzis 1,815.7974464401645,3666.8439113364457,N
1769138,1414114194,220002447,2026-05-28,Sfax 1,2736.0540390144374,191.6715615049309,N
939532,1401753414,220002452,2026-01-21,Bizerte,618.2953596933255,0.0,N
1574938,1400174938,220002489,2026-05-25,La Goulette,4592.0178069063595,252.32633629084614,N
789480,1401947350,220002600,2026-02-10,Chebba,3179.554209045661,0.0,N
14154158,1415521294,220002657,2026-04-16,Béja,989.2725755093209,0.0,N
1521128,1414073212,220002751,2026-07-05,Medjez El Bab,2430.7861625498504,0.0,N
1155574,1401861476,220002805,2026-01-12,Ghardimaou,3468.559371811915,2701.950721859833,N
1552994,1414188152,220003059,2025-12-18,Gabès 1,1646.3829721457942,35.38040622005132,N
1509290,1401758610,220003083,2026-07-15,El Menzah,711.0396636473243,0.0,N
1331272,1415412166,220003434,2026-04-29,La Marsa,2011.5169876650077,1039.7706124215538,N
1533408,1401975152,220003444,2026-05-31,Zarzis 1,5493.075401119115,6662.132500695583,N
1697348,1401976092,220003485,2025-11-27,Soliman,7476.04909265156,5959.543698024547,N
1776734,1414128914,220004243,2026-07-19,Ennasr,4500.273595696664,0.00030914767984666276,N
1747274,1414071476,220004619,2026-04-24,Ghardimaou,2027.8056697684485,4402.466071042137,N
1573376,1401751352,220004682,2025-09-10,Lac II,187.88357498376976,0.0,T
1493414,1414013514,220004714,2025-10-31,Beni Khalled,302.0502674127431,0.0,N
1298974,1401498974,220004771,2026-05-11,Ain Zaghouan,0.0,2330.9735060438375,N
1733526,1401877572,220004789,2026-01-27,Djerba 1,3946.6111231335212,72.30871487309489,N
1553940,1400153940,220004835,2026-03-07,Boussalem,386.30908585031074,0.0,N
1490970,1401493948,220004837,2026-07-14,Ain Zaghouan,1969.6021269360374,166.60834080440227,N
1332968,1401759934,220004905,2026-03-07,Ghardimaou,8411.527807833803,399.1810677960862,N
14015606,1415549414,220004963,2026-01-14,Grombalia,1716.1588400779053,0.0,N
1261354,1401559296,220004975,2026-07-06,Zarzis 1,3332.1080780288744,145.2994095279315,N
921950,1401134940,220005615,2026-06-27,Ghardimaou,3971.9210436825674,232.48740223204626,N
1597736,1401899280,220005725,2026-06-01,Gabès 2,347.01827062787896,0.0,N
1492128,1401607512,220005773,2026-06-07,Ghardimaou,5931.544810956194,297.7809379540607,T
1515092,1401746952,220005900,2026-05-13,Medjez El Bab,2455.5028287012706,3824.8598015271896,N
1729534,1414159556,220005909,2026-01-25,Zarzis 1,24499.903545923888,1863.2225554147217,N
1606686,1401929270,220005985,2026-06-02,Zarzis 1,3119.458373264909,1517.7568244350327,N
1379992,1401579992,220006111,2026-01-04,Ghardimaou,0.0,1286.054348162117,N
1729260,1414159358,220006168,2026-02-27,Sousse 3,7251.08943642378,236.46736946239218,N
1153474,1401093178,220006381,2025-11-11,Lac II,2545.492317680156,179.97588648097198,T
1792730,1414153512,220006692,2026-06-01,Mutuelleville,2943.383312208242,447.9667357096485,T
1193494,1401547712,220007291,2026-01-20,Sousse 3,234.44214301171672,0.0,N
1597526,1401297932,220007737,2026-05-29,Mutuelleville,2654.342906606486,494.32621263177424,T
735978,1414179292,220007858,2026-03-05,Zarzis 1,3555.9362537484158,262.03759235786936,N
1489380,1401599352,220007990,2026-01-07,Hammamet 2,1032.7937675827743,0.0,N
721992,1401131332,220008094,2026-05-15,Mahdia,3054.662256159768,0.0,N
1672694,1401931948,220008126,2026-06-06,Mutuelleville,168.79834296843603,0.0,N
1553216,1401495554,220008609,2026-06-08,Mahdia,209.38263208334624,0.0,N
14141536,1415557588,220008730,2026-06-15,Teboulba,0.0,6182.9535969332555,N
14155320,1415473332,220008838,2026-06-01,El Jem,6855.980461866634,0.0,N
1593472,1401795814,220009492,2026-07-09,Zarzis 1,252.14826722725448,0.0,N
1467688,1400067688,220009739,2025-10-24,Zarzis 1,132.933502334065,0.0,N
1413368,1414175614,220009743,2026-05-29,Medjez El Bab,170.03122391566453,0.0,N
1517150,1401733148,220009750,2025-10-15,Raoued,1824.5379787924692,110.72649704763967,N
1807136,1414193556,220010998,2025-09-27,Gabès 1,343.1103348069373,0.0,N
1378912,1401578912,220011021,2026-04-14,Djerba 1,950.4838161189601,0.0,N
947148,1414179866,220011045,2026-05-16,Bizerte,92.74430395399882,0.0,N
1211674,1414011012,220011088,2025-12-20,Sfax 4,130.13942560361085,0.0,N
987306,1400739954,220011923,2026-01-18,Jendouba,330.0649210127678,133.65659875722633,N
768148,1414074732,220011951,2025-11-11,Gabès 3,328.8304943271401,0.0,N
957734,1401958960,220012014,2026-06-21,Chebba,2232.94401335518,0.0,N
893774,1401341288,220012700,2026-06-29,Chebba,2998.056697684484,0.0,N
1572892,1400172892,220012731,2026-07-27,Chebba,6405.198318236622,0.0,N
1814718,1414197348,220012763,2025-10-19,Gabès 4,46.37215197699941,0.0,N
1569940,1401746186,220012818,2026-07-16,Ghardimaou,3645.7232509970013,227.897177481683,N
1293152,1401493152,220013219,2025-12-27,Zarzis 1,0.0,3397.533001514824,N
1351120,1401551120,220013289,2026-05-04,Djerba 1,49259.829659628405,51328.68828639441,T
1721710,1401871872,220013379,2025-09-16,La Marsa,2287.1320369740624,139.6772498222401,N
1019532,1401552934,220013973,2026-06-10,Djerba 2,2233.3740377778468,0.0,N
1568152,1401875738,220014095,2026-02-11,Gabès 2,4328.067517853278,0.0,N
1417014,1401467938,220014335,2026-05-13,Ezzahrouni,4049.228058243423,2304.6226852567474,N
1561692,1401715212,220014382,2026-05-13,Mahdia,3163.843014808174,66.75023958945188,N
1275972,1401799412,220014555,2026-05-25,Sousse 3,1113.697715398646,0.0,N
1813334,1414194092,220014563,2026-06-19,Djerba 1,1420.0680124895664,187.49992271308005,N
1693466,1401970168,220014627,2026-02-04,Bizerte,1403.865273441123,0.0,N
1619774,1401957214,220015029,2026-02-11,Grombalia,0.0,2012.5513958017746,N
778960,1400871352,220015984,2025-11-22,Bizerte,7076.5709339351415,543.9193742850961,N
1727212,1401881552,220016073,2026-01-25,Kairouan 2,1214.713883822302,0.0,N
1473372,1401557314,220016155,2025-09-22,Mutuelleville,422.7248276501685,0.0,N
1357614,1414149334,220016313,2026-01-09,Sousse 2,798.8363681330572,0.0,N
1314992,1400728134,220016414,2025-11-05,Bizerte,6537.362970290908,3169.8741768943028,N
1798612,1414169574,220016582,2026-06-13,Bardo,7193.727702723591,359.28988777939225,N
1073930,1401121592,220017939,2026-05-10,Sfax 5,58.738059170865924,0.0,N
1377346,1401536150,220018295,2026-07-11,Raoued,2731.9368102142394,16.386063622592513,T
1715120,1414011334,220018435,2025-11-27,Ennasr,0.0,6182.9535969332555,N
1352914,1414179280,220019656,2026-05-04,Djerba 1,3203.6927690357684,0.0,N
1334146,1401709150,220020836,2026-07-30,Sfax 4,57.42696386063623,0.0,T
955316,1400686954,220021362,2025-12-21,Testour,1619.844807864717,0.0,N
1531726,1401733352,220021370,2026-07-02,Djerba 1,2445.8784431322842,135.5046835873497,N
1337734,1414132156,220021421,2026-05-23,Gabès 4,715.6768788450244,0.0,T
1215696,1401109116,220021443,2025-09-06,Chebba,0.0,6182.9535969332555,N
1197518,1401897136,220021680,2026-04-04,Kelibia,28.232293566636784,0.0,N
1718928,1414127474,220022120,2026-01-11,Soukra,2967.7620799455904,14.138559990107275,N
1815488,1414175996,220022124,2026-07-23,Ain Zaghouan,2744.742943704208,3438.2106532290477,T
1714754,1401987578,220023177,2026-06-07,Ghardimaou,4272.433919683433,1910.5196772498223,N
1507694,1401755592,220023586,2026-06-23,Chebba,3077.1103966364735,14.366401830154265,N
1393206,1401593206,220023632,2026-01-10,Soukra,0.0,2102.2042229573067,N
1729750,1401886172,220023715,2026-07-31,Ghardimaou,2519.5841963706066,142.17732710916005,N
1293376,1415477112,220024394,2026-06-19,Ain Zaghouan,6704.115064766439,349.8117290629734,N
952692,1401468132,220024983,2025-11-26,Mutuelleville,2461.483599715584,283.7477973227811,N
933714,1401500140,220025194,2026-06-13,Ain Zaghouan,1364.443688750116,187.4776640801311,N
1795668,1414155266,220025403,2026-06-10,Bardo,8693.110025659258,40.311930008965284,T
1355356,1401939372,220025406,2026-07-10,Chebba,8778.66757349986,588.5071258540205,N
1801272,1414175532,220025769,2026-07-28,Zarzis 1,1116.925217176245,0.0,N
1313558,1415413532,220025851,2026-01-15,Zarzis 1,4588.881812841995,107.99641388691379,N
1274916,1414081496,220025863,2026-07-18,La Goulette,1440.5193681021424,0.0,T
1752152,1401959672,220026247,2026-07-17,El Jem,0.0,10031.842211024206,N
1472874,1414159192,220026623,2026-02-26,Sousse 3,15899.07379355118,0.0,N
1752136,1414081388,220026965,2025-12-17,Sfax 1,493.0407765789718,216.40337589266395,T
1710692,1414014686,220027538,2026-07-12,Soliman,1982.2373017590503,0.0,N
953196,1401375346,220027548,2026-07-31,Mutuelleville,2225.437907688503,0.425387207469008,N
1380718,1414187734,220027821,2026-07-30,Chebba,2748.536494883606,528.8165826815471,N
1786728,1415533492,220027889,2026-05-31,Djerba 2,3202.9885306210776,349.1183108170773,N
1694956,1401951326,220028193,2026-07-17,Soukra,1690.9898908708692,117.52403623210809,N
14011212,1415541140,220028428,2026-01-15,Gabès 1,61.829535969332554,0.0,N
1815472,1414195758,220028655,2026-06-26,Bizerte,0.0,6182.9535969332555,N
1595994,1415529352,220029872,2026-07-25,Ghardimaou,263.38702198040005,0.0,N
1478796,1401199948,220031221,2025-10-07,Ezzahrouni,61.829535969332554,0.0,N
1567956,1401754754,221000900,2026-03-03,Soliman,3652.026463041395,305.0638389958884,N
1573610,1414013326,221001313,2026-03-27,Béja II,2017.1886109994746,0.0,N
1567750,1401975296,221002754,2025-12-25,Grombalia,2164.033758926639,0.0,N
1361474,1401952894,221003056,2025-10-22,Lac II,936.7456023742542,5462.611370451665,N
1369774,1401569774,221004149,2026-06-13,Ariana,2142.1448666027763,0.0,N
1734992,1401897392,221004308,2026-02-03,Zarzis 1,4410.236188827403,282.6255912449377,N
1579528,1414126932,221005947,2026-04-05,La Goulette,0.0,2102.2042229573067,N
1387166,1401587166,221006378,2026-01-20,Gabès 4,0.0,6399.356972825919,N
1060680,1400954968,221006899,2025-09-22,Soukra,0.0,680.1248956626581,N
1547470,1414135526,221007355,2026-06-24,Gabès 1,380.2714316629054,0.0,N
1127896,1414107516,221008087,2026-07-27,Bizerte,2107.337001885801,304.0149009181686,N
1495334,1415552794,221008882,2026-07-04,Djerba 2,7019.560391999258,369.06915633598175,N
1513686,1401726786,221009712,2026-02-17,Ain Zaghouan,5581.500602837976,406.6899557918818,N
1775754,1414115326,221010409,2026-02-27,Sfax 5,5272.552014097135,0.0,N
1461928,1401933408,221010842,2026-05-26,Beni Khalled,20656.06795066003,3170.7979101616843,N
1533352,1401794134,221011671,2025-11-20,Zarzis 1,3800.6587937057534,403.7496522088602,T
1561012,1401731072,221012795,2026-06-26,Menzel Temim,2210.145608557208,102.01873434939871,N
1141132,1400781732,221014656,2026-05-01,Ghardimaou,212.10684143815502,0.0,N
1815554,1414179592,221015327,2026-04-02,Gabès 2,1894.5998083284387,139.5919250626024,T
1601554,1401913466,221015622,2025-10-30,Mutuelleville,5738.452406714688,444.50119021856744,N
1806172,1414194958,221016238,2026-06-08,Ariana,240.48598015271898,0.0,N
1333126,1401533126,221016298,2026-02-11,Zarzis 1,0.0,6399.356972825919,N
1757594,1401861794,221017630,2026-04-15,Lac II,0.0,4207.49992271308,T
1507574,1401753140,221017866,2026-06-20,Testour,3028.7612452468547,205.58320709803075,T
993274,1400747068,221018697,2025-10-12,La Goulette,2342.264506754877,222.99564101771418,N
1734810,1401873792,221019215,2026-04-25,Gabès 2,0.0,680.1248956626581,N
1535372,1400135372,221020314,2026-03-04,Djerba 2,1872.5170804093116,254.4189569357282,N
1675508,1414114954,221020692,2026-06-29,Zarzis 1,1873.1387763934833,4309.814820539772,N
1677086,1401941334,221022086,2026-04-11,La Goulette,2456.913469564411,4039.163137230655,N
1552112,1401481156,221022091,2026-01-02,Ain Zaghouan,738.6910687235293,13757.071753176493,N
1534018,1401131552,221022109,2026-02-12,Lac II,1711.770488762482,4754.212755433271,N
1713580,1401991340,221028825,2026-05-30,Zarzis 1,0.0,6399.356972825919,N
1575472,1414161212,221029958,2025-12-09,Chebba,3455.7006832163725,193.86620088416237,N
1730776,1414134154,221031157,2026-06-03,Zarzis 1,137.09988561535846,6399.356972825919,N
1475986,1401554752,221033045,2025-08-06,Ghardimaou,0.0,6399.356972825919,N
1729130,1414158998,221033595,2026-07-23,Medjez El Bab,678.2539339042261,0.0,N
1151120,1401357352,221033655,2026-06-30,Ghardimaou,4260.434043342505,251.57634401953814,N
947348,1401375360,221036630,2025-11-12,Chebba,0.0,3812.281200729589,N
1272612,1414155294,221036821,2026-02-22,Raoued,5769.373048505271,317.74476767551863,N
1795754,1414173330,222005581,2026-05-30,Testour,622.5146072278728,0.0,N
1141358,1400780954,222014168,2026-05-30,Soukra,1645.1649302871983,256.0933007697777,N
1595206,1400755414,222014174,2025-08-12,Bizerte,8040.12180418586,0.0,N
1149014,1414153412,222015846,2026-05-14,Menzel Bourguiba,0.0,2578.2916499211674,N
1713354,1401993300,222017166,2026-04-01,Kairouan 1,4332.382910316258,243.00275141435066,N
1321094,1414141510,222018823,2026-07-27,Djerba 2,0.0,680.1248956626581,N
14149290,1415533548,222020227,2026-07-31,Jemmal,0.0,30.914767984666277,N
1528146,1401399946,222026819,2026-02-25,Zarzis 1,216.8117599777414,7.14502117661607,N
1492746,1401592140,222028226,2026-06-07,La Goulette,904.6752403623211,7.310415185334034,N
1738128,1414137418,222030757,2025-10-05,Raoued,0.0,2955.451819334096,N
1617148,1401947406,222032386,2026-06-03,Chebba,9088.314835997156,634.3796951803877,N
1291300,1401329730,223015303,2025-11-13,Gabès 1,8680.074504590844,37.89006708504653,N
